ID;Work Order;Status;Order Date;Release Date;Due Date;Location;Lot/Serial;WO part;MES part;Description for WO part(EN);Description for WO part(VN);Drawing Rev;Rev;Prod line;Order Qty;Complete Qty;Reject Qty;Open Qty;WO Component;MES Component;Description for WO component(EN);Description for WO component(VN);Item Type;Lot/Serial Allocate;Required Qty;Location.1;Qty Issued;Item Number
260627C04;000010065513;TECO - Technically completed;2026-06-27 00:00:00;2026-06-18 00:00:00;2026-07-04 00:00:00;00055;260627C04;RC5505DOT5M;RC5505DOT5M;BTP đã chia cuộn OT5M;BTP đã chia cuộn OT5M;;;RFS;5592;5592;0;0;RF00X300V;RF00X300V;SUS316 Blader φ0.05 Double (TVC);Sợi lưới thép SUS316 φ0.05 kép (TVC);ZROH;HC2601J;5592;3005;5592;0010
260630C36;000010065781;TECO - Technically completed;2026-06-30 00:00:00;2026-06-18 00:00:00;2026-07-07 00:00:00;00060;260630C36;RC60OT5M;RC60OT5M;BTP đan lưới thép,cuộn lại 1OT5M;BTP đan lưới thép,cuộn lại 1OT5M;;;RFS;800;787;13;0;RC50OT5M;RC50OT5M;BTP đúc inner,kiểm tra lồi OT5M;BTP đúc inner,kiểm tra lồi OT5M;ZHAL;260627C05;800;3005;800;0010
260630C36;000010065781;TECO - Technically completed;2026-06-30 00:00:00;2026-06-18 00:00:00;2026-07-07 00:00:00;00060;260630C36;RC60OT5M;RC60OT5M;BTP đan lưới thép,cuộn lại 1OT5M;BTP đan lưới thép,cuộn lại 1OT5M;;;RFS;800;787;13;0;RC5505DOT5M;RC5505DOT5M;BTP đã chia cuộn OT5M;BTP đã chia cuộn OT5M;ZHAL;260629C02;466.08;3005;466;0020
260629E05;000010066346;TECO - Technically completed;2026-06-29 00:00:00;2026-06-18 00:00:00;2026-07-06 00:00:00;30067;260629E05;RC67X5SMSU;RC67X5SMSU;BTP đã CT bằng tay 5SMSUS304;BTP đã CT bằng tay 5SMSUS304;;;RFS;800;788;0;0;RC66X5SMSU;RC66X5SMSU;BTP đã đúc Outer lần 1 5SMSUS304;BTP đã đúc Outer lần 1 5SMSUS304;ZHAL;260629E05;800;;788;0010
260629E06;000010066347;TECO - Technically completed;2026-06-29 00:00:00;2026-06-18 00:00:00;2026-07-06 00:00:00;30067;260629E06;RC67X5SMSU;RC67X5SMSU;BTP đã CT bằng tay 5SMSUS304;BTP đã CT bằng tay 5SMSUS304;;;RFS;800;775;0;0;RC66X5SMSU;RC66X5SMSU;BTP đã đúc Outer lần 1 5SMSUS304;BTP đã đúc Outer lần 1 5SMSUS304;ZHAL;260629E06;800;;775;0010
260629E05;000010066352;TECO - Technically completed;2026-06-29 00:00:00;2026-06-18 00:00:00;2026-07-06 00:00:00;30071;260629E05;RC70X5SMSU;RC70X5SMSU;BTP đã đúc Outer lần 2 5SMSUS304;BTP đã đúc Outer lần 2 5SMSUS304;;;RFS;800;776;12;0;RF88XRF4V;RF88XRF4V;RF-4 Outer Resin;Hạt nhựa Outer RF-4;ZROH;16259028;282.08;;282;0010
260629E05;000010066352;TECO - Technically completed;2026-06-29 00:00:00;2026-06-18 00:00:00;2026-07-06 00:00:00;30071;260629E05;RC70X5SMSU;RC70X5SMSU;BTP đã đúc Outer lần 2 5SMSUS304;BTP đã đúc Outer lần 2 5SMSUS304;;;RFS;800;776;12;0;RC67X5SMSU;RC67X5SMSU;BTP đã CT bằng tay 5SMSUS304;BTP đã CT bằng tay 5SMSUS304;ZHAL;260629E05;800;;788;0020
260629E06;000010066353;TECO - Technically completed;2026-06-29 00:00:00;2026-06-18 00:00:00;2026-07-06 00:00:00;30071;260629E06;RC70X5SMSU;RC70X5SMSU;BTP đã đúc Outer lần 2 5SMSUS304;BTP đã đúc Outer lần 2 5SMSUS304;;;RFS;800;765;10;0;RF88XRF4V;RF88XRF4V;RF-4 Outer Resin;Hạt nhựa Outer RF-4;ZROH;16259028;282.08;;282;0010
260629E06;000010066353;TECO - Technically completed;2026-06-29 00:00:00;2026-06-18 00:00:00;2026-07-06 00:00:00;30071;260629E06;RC70X5SMSU;RC70X5SMSU;BTP đã đúc Outer lần 2 5SMSUS304;BTP đã đúc Outer lần 2 5SMSUS304;;;RFS;800;765;10;0;RC67X5SMSU;RC67X5SMSU;BTP đã CT bằng tay 5SMSUS304;BTP đã CT bằng tay 5SMSUS304;ZHAL;260629E06;800;;775;0020
260629E06;000010066359;TECO - Technically completed;2026-06-29 00:00:00;2026-06-18 00:00:00;2026-07-06 00:00:00;30074;260629E06;RC75X5SSSU;RC75X5SSSU;BTP đã cắt rút lõi 5SSSUS304;BTP đã cắt rút lõi 5SSSUS304;;;RFS;656;590;30;0;RC70X5SSSU;RC70X5SSSU;BTP đã đúc Outer lần 2 5SSSUS304;BTP đã đúc Outer lần 2 5SSSUS304;ZHAL;260627E06;799.01;;756;0010
260630E01;000010066360;TECO - Technically completed;2026-06-30 00:00:00;2026-06-18 00:00:00;2026-07-07 00:00:00;30066;260630E01;RC66X5SMSU;RC66X5SMSU;BTP đã đúc Outer lần 1 5SMSUS304;BTP đã đúc Outer lần 1 5SMSUS304;;;RFS;800;786;9;0;RF80XT40V;RF80XT40V;T-40 Outer Resin;Hạt nhựa Outer T-40;ZROH;250407;819.376;;813;0010
260630E01;000010066360;TECO - Technically completed;2026-06-30 00:00:00;2026-06-18 00:00:00;2026-07-07 00:00:00;30066;260630E01;RC66X5SMSU;RC66X5SMSU;BTP đã đúc Outer lần 1 5SMSUS304;BTP đã đúc Outer lần 1 5SMSUS304;;;RFS;800;786;9;0;RC65X5SMSU;RC65X5SMSU;BTP CT, ép, cuộn lại 2 5SMSUS304;BTP CT, ép, cuộn lại 2 5SMSUS304;ZHAL;260629C01;800;;795;0020
260630E02;000010066361;TECO - Technically completed;2026-06-30 00:00:00;2026-06-18 00:00:00;2026-07-07 00:00:00;30066;260630E02;RC66X5SMSU;RC66X5SMSU;BTP đã đúc Outer lần 1 5SMSUS304;BTP đã đúc Outer lần 1 5SMSUS304;;;RFS;800;709;67;0;RF80XT40V;RF80XT40V;T-40 Outer Resin;Hạt nhựa Outer T-40;ZROH;250407;819.376;;794;0010
260630E02;000010066361;TECO - Technically completed;2026-06-30 00:00:00;2026-06-18 00:00:00;2026-07-07 00:00:00;30066;260630E02;RC66X5SMSU;RC66X5SMSU;BTP đã đúc Outer lần 1 5SMSUS304;BTP đã đúc Outer lần 1 5SMSUS304;;;RFS;800;709;67;0;RC65X5SMSU;RC65X5SMSU;BTP CT, ép, cuộn lại 2 5SMSUS304;BTP CT, ép, cuộn lại 2 5SMSUS304;ZHAL;260629C02;800;;776;0020
260630E03;000010066362;TECO - Technically completed;2026-06-30 00:00:00;2026-06-18 00:00:00;2026-07-07 00:00:00;30066;260630E03;RC66X5SMSU;RC66X5SMSU;BTP đã đúc Outer lần 1 5SMSUS304;BTP đã đúc Outer lần 1 5SMSUS304;;;RFS;800;780;9;0;RF80XT40V;RF80XT40V;T-40 Outer Resin;Hạt nhựa Outer T-40;ZROH;250407;819.376;;808;0010
260630E03;000010066362;TECO - Technically completed;2026-06-30 00:00:00;2026-06-18 00:00:00;2026-07-07 00:00:00;30066;260630E03;RC66X5SMSU;RC66X5SMSU;BTP đã đúc Outer lần 1 5SMSUS304;BTP đã đúc Outer lần 1 5SMSUS304;;;RFS;800;780;9;0;RC65X5SMSU;RC65X5SMSU;BTP CT, ép, cuộn lại 2 5SMSUS304;BTP CT, ép, cuộn lại 2 5SMSUS304;ZHAL;260629C03;800;;789;0020
260630E04;000010066363;TECO - Technically completed;2026-06-30 00:00:00;2026-06-18 00:00:00;2026-07-07 00:00:00;30066;260630E04;RC66X5SMSU;RC66X5SMSU;BTP đã đúc Outer lần 1 5SMSUS304;BTP đã đúc Outer lần 1 5SMSUS304;;;RFS;800;774;9;0;RF80XT40V;RF80XT40V;T-40 Outer Resin;Hạt nhựa Outer T-40;ZROH;250407;819.376;;802;0010
260630E04;000010066363;TECO - Technically completed;2026-06-30 00:00:00;2026-06-18 00:00:00;2026-07-07 00:00:00;30066;260630E04;RC66X5SMSU;RC66X5SMSU;BTP đã đúc Outer lần 1 5SMSUS304;BTP đã đúc Outer lần 1 5SMSUS304;;;RFS;800;774;9;0;RC65X5SMSU;RC65X5SMSU;BTP CT, ép, cuộn lại 2 5SMSUS304;BTP CT, ép, cuộn lại 2 5SMSUS304;ZHAL;260629C04;800;;783;0020
260630E05;000010066364;TECO - Technically completed;2026-06-30 00:00:00;2026-06-18 00:00:00;2026-07-07 00:00:00;30066;260630E05;RC66X5SMSU;RC66X5SMSU;BTP đã đúc Outer lần 1 5SMSUS304;BTP đã đúc Outer lần 1 5SMSUS304;;;RFS;800;789;9;0;RF80XT40V;RF80XT40V;T-40 Outer Resin;Hạt nhựa Outer T-40;ZROH;250407;819.376;;816;0010
260630E05;000010066364;TECO - Technically completed;2026-06-30 00:00:00;2026-06-18 00:00:00;2026-07-07 00:00:00;30066;260630E05;RC66X5SMSU;RC66X5SMSU;BTP đã đúc Outer lần 1 5SMSUS304;BTP đã đúc Outer lần 1 5SMSUS304;;;RFS;800;789;9;0;RC65X5SMSU;RC65X5SMSU;BTP CT, ép, cuộn lại 2 5SMSUS304;BTP CT, ép, cuộn lại 2 5SMSUS304;ZHAL;260629C05;800;;798;0020
260630E01;000010066365;TECO - Technically completed;2026-06-30 00:00:00;2026-06-18 00:00:00;2026-07-07 00:00:00;30067;260630E01;RC67X5SMSU;RC67X5SMSU;BTP đã CT bằng tay 5SMSUS304;BTP đã CT bằng tay 5SMSUS304;;;RFS;800;786;0;0;RC66X5SMSU;RC66X5SMSU;BTP đã đúc Outer lần 1 5SMSUS304;BTP đã đúc Outer lần 1 5SMSUS304;ZHAL;260630E01;800;;786;0010
260630E02;000010066366;TECO - Technically completed;2026-06-30 00:00:00;2026-06-18 00:00:00;2026-07-07 00:00:00;30067;260630E02;RC67X5SMSU;RC67X5SMSU;BTP đã CT bằng tay 5SMSUS304;BTP đã CT bằng tay 5SMSUS304;;;RFS;800;709;0;0;RC66X5SMSU;RC66X5SMSU;BTP đã đúc Outer lần 1 5SMSUS304;BTP đã đúc Outer lần 1 5SMSUS304;ZHAL;260630E02;800;;709;0010
260630E03;000010066367;TECO - Technically completed;2026-06-30 00:00:00;2026-06-18 00:00:00;2026-07-07 00:00:00;30067;260630E03;RC67X5SMSU;RC67X5SMSU;BTP đã CT bằng tay 5SMSUS304;BTP đã CT bằng tay 5SMSUS304;;;RFS;800;780;0;0;RC66X5SMSU;RC66X5SMSU;BTP đã đúc Outer lần 1 5SMSUS304;BTP đã đúc Outer lần 1 5SMSUS304;ZHAL;260630E03;800;;780;0010
260630E04;000010066368;TECO - Technically completed;2026-06-30 00:00:00;2026-06-18 00:00:00;2026-07-07 00:00:00;30067;260630E04;RC67X5SMSU;RC67X5SMSU;BTP đã CT bằng tay 5SMSUS304;BTP đã CT bằng tay 5SMSUS304;;;RFS;800;774;0;0;RC66X5SMSU;RC66X5SMSU;BTP đã đúc Outer lần 1 5SMSUS304;BTP đã đúc Outer lần 1 5SMSUS304;ZHAL;260630E04;800;;774;0010
260630E05;000010066369;TECO - Technically completed;2026-06-30 00:00:00;2026-06-18 00:00:00;2026-07-07 00:00:00;30067;260630E05;RC67X5SMSU;RC67X5SMSU;BTP đã CT bằng tay 5SMSUS304;BTP đã CT bằng tay 5SMSUS304;;;RFS;800;789;0;0;RC66X5SMSU;RC66X5SMSU;BTP đã đúc Outer lần 1 5SMSUS304;BTP đã đúc Outer lần 1 5SMSUS304;ZHAL;260630E05;800;;789;0010
260630E01;000010066370;TECO - Technically completed;2026-06-30 00:00:00;2026-06-18 00:00:00;2026-07-07 00:00:00;30071;260630E01;RC70X5SMSU;RC70X5SMSU;BTP đã đúc Outer lần 2 5SMSUS304;BTP đã đúc Outer lần 2 5SMSUS304;;;RFS;800;777;9;0;RF88XRF4V;RF88XRF4V;RF-4 Outer Resin;Hạt nhựa Outer RF-4;ZROH;16259028;282.08;;282;0010
260630E01;000010066370;TECO - Technically completed;2026-06-30 00:00:00;2026-06-18 00:00:00;2026-07-07 00:00:00;30071;260630E01;RC70X5SMSU;RC70X5SMSU;BTP đã đúc Outer lần 2 5SMSUS304;BTP đã đúc Outer lần 2 5SMSUS304;;;RFS;800;777;9;0;RC67X5SMSU;RC67X5SMSU;BTP đã CT bằng tay 5SMSUS304;BTP đã CT bằng tay 5SMSUS304;ZHAL;260630E01;800;;786;0020
260630E02;000010066371;TECO - Technically completed;2026-06-30 00:00:00;2026-06-18 00:00:00;2026-07-07 00:00:00;30071;260630E02;RC70X5SMSU;RC70X5SMSU;BTP đã đúc Outer lần 2 5SMSUS304;BTP đã đúc Outer lần 2 5SMSUS304;;;RFS;800;684;25;0;RF88XRF4V;RF88XRF4V;RF-4 Outer Resin;Hạt nhựa Outer RF-4;ZROH;16259028;282.08;;282;0010
260630E02;000010066371;TECO - Technically completed;2026-06-30 00:00:00;2026-06-18 00:00:00;2026-07-07 00:00:00;30071;260630E02;RC70X5SMSU;RC70X5SMSU;BTP đã đúc Outer lần 2 5SMSUS304;BTP đã đúc Outer lần 2 5SMSUS304;;;RFS;800;684;25;0;RC67X5SMSU;RC67X5SMSU;BTP đã CT bằng tay 5SMSUS304;BTP đã CT bằng tay 5SMSUS304;ZHAL;260630E02;800;;709;0020
260630E03;000010066372;TECO - Technically completed;2026-06-30 00:00:00;2026-06-18 00:00:00;2026-07-07 00:00:00;30071;260630E03;RC70X5SMSU;RC70X5SMSU;BTP đã đúc Outer lần 2 5SMSUS304;BTP đã đúc Outer lần 2 5SMSUS304;;;RFS;800;771;9;0;RF88XRF4V;RF88XRF4V;RF-4 Outer Resin;Hạt nhựa Outer RF-4;ZROH;16259028;282.08;;282;0010
260630E03;000010066372;TECO - Technically completed;2026-06-30 00:00:00;2026-06-18 00:00:00;2026-07-07 00:00:00;30071;260630E03;RC70X5SMSU;RC70X5SMSU;BTP đã đúc Outer lần 2 5SMSUS304;BTP đã đúc Outer lần 2 5SMSUS304;;;RFS;800;771;9;0;RC67X5SMSU;RC67X5SMSU;BTP đã CT bằng tay 5SMSUS304;BTP đã CT bằng tay 5SMSUS304;ZHAL;260630E03;800;;780;0020
260630E05;000010066374;TECO - Technically completed;2026-06-30 00:00:00;2026-06-18 00:00:00;2026-07-07 00:00:00;30071;260630E05;RC70X5SMSU;RC70X5SMSU;BTP đã đúc Outer lần 2 5SMSUS304;BTP đã đúc Outer lần 2 5SMSUS304;;;RFS;800;780;9;0;RF88XRF4V;RF88XRF4V;RF-4 Outer Resin;Hạt nhựa Outer RF-4;ZROH;16259028;282.08;;282;0010
260630E05;000010066374;TECO - Technically completed;2026-06-30 00:00:00;2026-06-18 00:00:00;2026-07-07 00:00:00;30071;260630E05;RC70X5SMSU;RC70X5SMSU;BTP đã đúc Outer lần 2 5SMSUS304;BTP đã đúc Outer lần 2 5SMSUS304;;;RFS;800;780;9;0;RC67X5SMSU;RC67X5SMSU;BTP đã CT bằng tay 5SMSUS304;BTP đã CT bằng tay 5SMSUS304;ZHAL;260630E05;800;;789;0020
260630E01;000010066375;TECO - Technically completed;2026-06-30 00:00:00;2026-06-18 00:00:00;2026-07-07 00:00:00;30074;260630E01;RC75X5SMSU;RC75X5SMSU;BTP đã cắt rút lõi 5SMSUS304;BTP đã cắt rút lõi 5SMSUS304;;;RFS;564;520;15;0;RC70X5SMSU;RC70X5SMSU;BTP đã đúc Outer lần 2 5SMSUS304;BTP đã đúc Outer lần 2 5SMSUS304;ZHAL;260629E01;799.76;;760;0010
260630E02;000010066376;TECO - Technically completed;2026-06-30 00:00:00;2026-06-18 00:00:00;2026-07-07 00:00:00;30074;260630E02;RC75X5SMSU;RC75X5SMSU;BTP đã cắt rút lõi 5SMSUS304;BTP đã cắt rút lõi 5SMSUS304;;;RFS;564;528;12;0;RC70X5SMSU;RC70X5SMSU;BTP đã đúc Outer lần 2 5SMSUS304;BTP đã đúc Outer lần 2 5SMSUS304;ZHAL;260629E02;799.76;;766;0010
260630E03;000010066377;TECO - Technically completed;2026-06-30 00:00:00;2026-06-18 00:00:00;2026-07-07 00:00:00;30074;260630E03;RC75X5SMSU;RC75X5SMSU;BTP đã cắt rút lõi 5SMSUS304;BTP đã cắt rút lõi 5SMSUS304;;;RFS;564;536;10;0;RC70X5SMSU;RC70X5SMSU;BTP đã đúc Outer lần 2 5SMSUS304;BTP đã đúc Outer lần 2 5SMSUS304;ZHAL;260629E03;799.76;;775;0010
260630E04;000010066378;TECO - Technically completed;2026-06-30 00:00:00;2026-06-18 00:00:00;2026-07-07 00:00:00;30074;260630E04;RC75X5SMSU;RC75X5SMSU;BTP đã cắt rút lõi 5SMSUS304;BTP đã cắt rút lõi 5SMSUS304;;;RFS;564;524;20;0;RC70X5SMSU;RC70X5SMSU;BTP đã đúc Outer lần 2 5SMSUS304;BTP đã đúc Outer lần 2 5SMSUS304;ZHAL;260629E04;799.76;;772;0010
260701D01;000010069454;TECO - Technically completed;2026-07-01 00:00:00;2026-06-24 00:00:00;2026-07-08 00:00:00;01060;260701D01;RG85PA35153Y;RG85PA35153Y;TYC Đã luồn dây dẫn PA35153;TYC Đã luồn dây dẫn PA35153;;;GW;5941;5941;0;0;RG90X1446B;RG90X1446B;GW ống b/n 1446mm xanh;GW ống b/n 1446mm xanh;ZHAL;260409C01;0;3002;5251;0010
260701D01;000010069454;TECO - Technically completed;2026-07-01 00:00:00;2026-06-24 00:00:00;2026-07-08 00:00:00;01060;260701D01;RG85PA35153Y;RG85PA35153Y;TYC Đã luồn dây dẫn PA35153;TYC Đã luồn dây dẫn PA35153;;;GW;5941;5941;0;0;RG90X1446B;RG90X1446B;GW ống b/n 1446mm xanh;GW ống b/n 1446mm xanh;ZHAL;260408C01;5941;3002;690;0010
260701D01;000010069454;TECO - Technically completed;2026-07-01 00:00:00;2026-06-24 00:00:00;2026-07-08 00:00:00;01060;260701D01;RG85PA35153Y;RG85PA35153Y;TYC Đã luồn dây dẫn PA35153;TYC Đã luồn dây dẫn PA35153;;;GW;5941;5941;0;0;RG00X100V;RG00X100V;RFG INSERTER WHITE;Vật dẫn màu trắng RFG;ZROH;260223;5941;3002;5941;0020
260701D01;000010069454;TECO - Technically completed;2026-07-01 00:00:00;2026-06-24 00:00:00;2026-07-08 00:00:00;01060;260701D01;RG85PA35153Y;RG85PA35153Y;TYC Đã luồn dây dẫn PA35153;TYC Đã luồn dây dẫn PA35153;;;GW;5941;5941;0;0;RG00X3515A;RG00X3515A;Chuôi đã in 3515A;Chuôi đã in 3515A;ZHAL;260702D01;0;3002;5;0030
260701D01;000010069454;TECO - Technically completed;2026-07-01 00:00:00;2026-06-24 00:00:00;2026-07-08 00:00:00;01060;260701D01;RG85PA35153Y;RG85PA35153Y;TYC Đã luồn dây dẫn PA35153;TYC Đã luồn dây dẫn PA35153;;;GW;5941;5941;0;0;RG00X3515A;RG00X3515A;Chuôi đã in 3515A;Chuôi đã in 3515A;ZHAL;260701D01;5941;3002;5941;0030
260701D01;000010069454;TECO - Technically completed;2026-07-01 00:00:00;2026-06-24 00:00:00;2026-07-08 00:00:00;01060;260701D01;RG85PA35153Y;RG85PA35153Y;TYC Đã luồn dây dẫn PA35153;TYC Đã luồn dây dẫn PA35153;;;GW;5941;5941;0;0;RG80PA35153Y;RG80PA35153Y;TYC Bán thành phẩm gia công PA35153;TYC Bán thành phẩm gia công PA35153;ZHAL;260601D01;5941;3002;221;0040
260701D01;000010069454;TECO - Technically completed;2026-07-01 00:00:00;2026-06-24 00:00:00;2026-07-08 00:00:00;01060;260701D01;RG85PA35153Y;RG85PA35153Y;TYC Đã luồn dây dẫn PA35153;TYC Đã luồn dây dẫn PA35153;;;GW;5941;5941;0;0;RG80PA35153Y;RG80PA35153Y;TYC Bán thành phẩm gia công PA35153;TYC Bán thành phẩm gia công PA35153;ZHAL;260701D01;0;3002;5720;0040
260701D01;000010069457;TECO - Technically completed;2026-07-01 00:00:00;2026-06-24 00:00:00;2026-07-08 00:00:00;01060;260701D01;RG85GA35183Y;RG85GA35183Y;TYC Đã luồn dây dẫn GA35183;TYC Đã luồn dây dẫn GA35183;;;GW;27541;27541;0;0;RG90X1746;RG90X1746;GW ống b/n 1746mm trắng;GW ống b/n 1746mm trắng;ZHAL;260601C01;27541;3002;27547;0010
260701D01;000010069457;TECO - Technically completed;2026-07-01 00:00:00;2026-06-24 00:00:00;2026-07-08 00:00:00;01060;260701D01;RG85GA35183Y;RG85GA35183Y;TYC Đã luồn dây dẫn GA35183;TYC Đã luồn dây dẫn GA35183;;;GW;27541;27541;0;0;RG00X100V;RG00X100V;RFG INSERTER WHITE;Vật dẫn màu trắng RFG;ZROH;260223;27541;3002;27547;0020
260701D01;000010069457;TECO - Technically completed;2026-07-01 00:00:00;2026-06-24 00:00:00;2026-07-08 00:00:00;01060;260701D01;RG85GA35183Y;RG85GA35183Y;TYC Đã luồn dây dẫn GA35183;TYC Đã luồn dây dẫn GA35183;;;GW;27541;27541;0;0;RG00X3518A;RG00X3518A;Chuôi đã in 3518A;Chuôi đã in 3518A;ZHAL;260701D01;27541;3002;27550;0030
260701D01;000010069457;TECO - Technically completed;2026-07-01 00:00:00;2026-06-24 00:00:00;2026-07-08 00:00:00;01060;260701D01;RG85GA35183Y;RG85GA35183Y;TYC Đã luồn dây dẫn GA35183;TYC Đã luồn dây dẫn GA35183;;;GW;27541;27541;0;0;RG80GA35183Y;RG80GA35183Y;TYC Bán thành phẩm gia công GA35183;TYC Bán thành phẩm gia công GA35183;ZHAL;260623D01;27541;3002;224;0040
260701D01;000010069457;TECO - Technically completed;2026-07-01 00:00:00;2026-06-24 00:00:00;2026-07-08 00:00:00;01060;260701D01;RG85GA35183Y;RG85GA35183Y;TYC Đã luồn dây dẫn GA35183;TYC Đã luồn dây dẫn GA35183;;;GW;27541;27541;0;0;RG80GA35183Y;RG80GA35183Y;TYC Bán thành phẩm gia công GA35183;TYC Bán thành phẩm gia công GA35183;ZHAL;260701D01;0;3002;27317;0040
260701D01;000010069458;TECO - Technically completed;2026-07-01 00:00:00;2026-06-24 00:00:00;2026-07-08 00:00:00;01060;260701D01;RG85GS35153;RG85GS35153;Đã luồn dây dẫn GS35153;Đã luồn dây dẫn GS35153;;;GW;15041;15041;0;0;RG90X1446;RG90X1446;GW ống b/n 1446mm trắng;GW ống b/n 1446mm trắng;ZHAL;260609C01;15041;3002;15041;0010
260701D01;000010069458;TECO - Technically completed;2026-07-01 00:00:00;2026-06-24 00:00:00;2026-07-08 00:00:00;01060;260701D01;RG85GS35153;RG85GS35153;Đã luồn dây dẫn GS35153;Đã luồn dây dẫn GS35153;;;GW;15041;15041;0;0;RG00X100V;RG00X100V;RFG INSERTER WHITE;Vật dẫn màu trắng RFG;ZROH;260223;15041;3002;15041;0020
260701D01;000010069458;TECO - Technically completed;2026-07-01 00:00:00;2026-06-24 00:00:00;2026-07-08 00:00:00;01060;260701D01;RG85GS35153;RG85GS35153;Đã luồn dây dẫn GS35153;Đã luồn dây dẫn GS35153;;;GW;15041;15041;0;0;RG00X3515S;RG00X3515S;Chuôi đã in 3515S;Chuôi đã in 3515S;ZHAL;260619D01;15041;3002;137;0030
260701D01;000010069458;TECO - Technically completed;2026-07-01 00:00:00;2026-06-24 00:00:00;2026-07-08 00:00:00;01060;260701D01;RG85GS35153;RG85GS35153;Đã luồn dây dẫn GS35153;Đã luồn dây dẫn GS35153;;;GW;15041;15041;0;0;RG00X3515S;RG00X3515S;Chuôi đã in 3515S;Chuôi đã in 3515S;ZHAL;260701D01;0;3002;14906;0030
260701D01;000010069458;TECO - Technically completed;2026-07-01 00:00:00;2026-06-24 00:00:00;2026-07-08 00:00:00;01060;260701D01;RG85GS35153;RG85GS35153;Đã luồn dây dẫn GS35153;Đã luồn dây dẫn GS35153;;;GW;15041;15041;0;0;RG80GS35153;RG80GS35153;Bán thành phẩm gia công GS35153;Bán thành phẩm gia công GS35153;ZHAL;260605D01;15041;3002;442;0040
260701D01;000010069458;TECO - Technically completed;2026-07-01 00:00:00;2026-06-24 00:00:00;2026-07-08 00:00:00;01060;260701D01;RG85GS35153;RG85GS35153;Đã luồn dây dẫn GS35153;Đã luồn dây dẫn GS35153;;;GW;15041;15041;0;0;RG80GS35153;RG80GS35153;Bán thành phẩm gia công GS35153;Bán thành phẩm gia công GS35153;ZHAL;260701D01;0;3002;14599;0040
260701V;000010069474;TECO - Technically completed;2026-07-01 00:00:00;2026-06-24 00:00:00;2026-07-08 00:00:00;01075;260701V;RF/PA35153M_S;RF*PA35153M;Sản phẩm đóng gói RF*PA35153M;Sản phẩm đóng gói RF*PA35153M;;;GW;5941;5941;0;0;RG00X101V;RG00X101V;RFG HOLDER CLIP WHITE;Kẹp ống bọc ngoài trắng RFG;ZROH;260120S;17823;3002;17823;0010
260701V;000010069474;TECO - Technically completed;2026-07-01 00:00:00;2026-06-24 00:00:00;2026-07-08 00:00:00;01075;260701V;RF/PA35153M_S;RF*PA35153M;Sản phẩm đóng gói RF*PA35153M;Sản phẩm đóng gói RF*PA35153M;;;GW;5941;5941;0;0;RG85PA35153Y;RG85PA35153Y;TYC Đã luồn dây dẫn PA35153;TYC Đã luồn dây dẫn PA35153;ZHAL;260701D01;5941;3002;5941;0020
260701V;000010069474;TECO - Technically completed;2026-07-01 00:00:00;2026-06-24 00:00:00;2026-07-08 00:00:00;01075;260701V;RF/PA35153M_S;RF*PA35153M;Sản phẩm đóng gói RF*PA35153M;Sản phẩm đóng gói RF*PA35153M;;;GW;5941;5941;0;0;RG30M701NV;RG30M701NV;RG M26 PEEL BAG;Túi đóng gói RG M26;ZROH;250730T;5941;3002;5946;0030
260701V;000010069474;TECO - Technically completed;2026-07-01 00:00:00;2026-06-24 00:00:00;2026-07-08 00:00:00;01075;260701V;RF/PA35153M_S;RF*PA35153M;Sản phẩm đóng gói RF*PA35153M;Sản phẩm đóng gói RF*PA35153M;;;GW;5941;5941;0;0;RFPA35153M.G;RFPA35153M.G;Nhãn TĐG đã in RF*PA35153M;Nhãn TĐG đã in RF*PA35153M;ZHAL;260701V;5941;3002;5951;0040
260701V;000010069474;TECO - Technically completed;2026-07-01 00:00:00;2026-06-24 00:00:00;2026-07-08 00:00:00;01075;260701V;RF/PA35153M_S;RF*PA35153M;Sản phẩm đóng gói RF*PA35153M;Sản phẩm đóng gói RF*PA35153M;;;GW;5941;5941;0;0;RFPA35153M.E;RFPA35153M.E;Hộp đơn vị đã dán nhãn RF*PA35153M;Hộp đơn vị đã dán nhãn RF*PA35153M;ZHAL;260701V;1189;3002;1189;0050
260701V;000010069474;TECO - Technically completed;2026-07-01 00:00:00;2026-06-24 00:00:00;2026-07-08 00:00:00;01075;260701V;RF/PA35153M_S;RF*PA35153M;Sản phẩm đóng gói RF*PA35153M;Sản phẩm đóng gói RF*PA35153M;;;GW;5941;5941;0;0;RG34M1501AV;RG34M1501AV;RG INSTRUCTION (M26);Hướng dẫn sử dụng RG (M26);ZROH;250725;1189;3002;1189;0060
260701V;000010069474;TECO - Technically completed;2026-07-01 00:00:00;2026-06-24 00:00:00;2026-07-08 00:00:00;01075;260701V;RF/PA35153M_S;RF*PA35153M;Sản phẩm đóng gói RF*PA35153M;Sản phẩm đóng gói RF*PA35153M;;;GW;5941;5941;0;0;RFPA35153M.F;RFPA35153M.F;Thùng xuất xưởng đã dán nhãn RF*PA35153M;Thùng xuất xưởng đã dán nhãn RF*PA35153M;ZHAL;260701V;238;3002;238;0070
260701V;000010069477;TECO - Technically completed;2026-07-01 00:00:00;2026-06-24 00:00:00;2026-07-08 00:00:00;01075;260701V;RF/GA35183M_S;RF*GA35183M;Sản phẩm đóng gói RF*GA35183M;Sản phẩm đóng gói RF*GA35183M;;;GW;27541;27541;0;0;RG00X104V;RG00X104V;RFG HOLDER CLIP 4 GROOVES WHITE;Kẹp ống bọc ngoài 4 nhánh trắng RFG;ZROH;251222-2;0;3002;64115;0010
260701V;000010069477;TECO - Technically completed;2026-07-01 00:00:00;2026-06-24 00:00:00;2026-07-08 00:00:00;01075;260701V;RF/GA35183M_S;RF*GA35183M;Sản phẩm đóng gói RF*GA35183M;Sản phẩm đóng gói RF*GA35183M;;;GW;27541;27541;0;0;RG00X104V;RG00X104V;RFG HOLDER CLIP 4 GROOVES WHITE;Kẹp ống bọc ngoài 4 nhánh trắng RFG;ZROH;251221-2;82623;3002;18526;0010
260701V;000010069477;TECO - Technically completed;2026-07-01 00:00:00;2026-06-24 00:00:00;2026-07-08 00:00:00;01075;260701V;RF/GA35183M_S;RF*GA35183M;Sản phẩm đóng gói RF*GA35183M;Sản phẩm đóng gói RF*GA35183M;;;GW;27541;27541;0;0;RG85GA35183Y;RG85GA35183Y;TYC Đã luồn dây dẫn GA35183;TYC Đã luồn dây dẫn GA35183;ZHAL;260701D01;27541;3002;27541;0020
260701V;000010069477;TECO - Technically completed;2026-07-01 00:00:00;2026-06-24 00:00:00;2026-07-08 00:00:00;01075;260701V;RF/GA35183M_S;RF*GA35183M;Sản phẩm đóng gói RF*GA35183M;Sản phẩm đóng gói RF*GA35183M;;;GW;27541;27541;0;0;RG30M701NV;RG30M701NV;RG M26 PEEL BAG;Túi đóng gói RG M26;ZROH;250730T;27541;3002;27594;0030
260701V;000010069477;TECO - Technically completed;2026-07-01 00:00:00;2026-06-24 00:00:00;2026-07-08 00:00:00;01075;260701V;RF/GA35183M_S;RF*GA35183M;Sản phẩm đóng gói RF*GA35183M;Sản phẩm đóng gói RF*GA35183M;;;GW;27541;27541;0;0;RFGA35183M.G;RFGA35183M.G;Nhãn TĐG đã in RF*GA35183M;Nhãn TĐG đã in RF*GA35183M;ZHAL;260701V;27541;3002;27561;0040
260701V;000010069477;TECO - Technically completed;2026-07-01 00:00:00;2026-06-24 00:00:00;2026-07-08 00:00:00;01075;260701V;RF/GA35183M_S;RF*GA35183M;Sản phẩm đóng gói RF*GA35183M;Sản phẩm đóng gói RF*GA35183M;;;GW;27541;27541;0;0;RFGA35183M.E;RFGA35183M.E;Hộp đơn vị đã dán nhãn RF*GA35183M;Hộp đơn vị đã dán nhãn RF*GA35183M;ZHAL;260701V;5509;3002;5509;0050
260701V;000010069477;TECO - Technically completed;2026-07-01 00:00:00;2026-06-24 00:00:00;2026-07-08 00:00:00;01075;260701V;RF/GA35183M_S;RF*GA35183M;Sản phẩm đóng gói RF*GA35183M;Sản phẩm đóng gói RF*GA35183M;;;GW;27541;27541;0;0;RG34M1501AV;RG34M1501AV;RG INSTRUCTION (M26);Hướng dẫn sử dụng RG (M26);ZROH;250725;5509;3002;5509;0060
260701V;000010069477;TECO - Technically completed;2026-07-01 00:00:00;2026-06-24 00:00:00;2026-07-08 00:00:00;01075;260701V;RF/GA35183M_S;RF*GA35183M;Sản phẩm đóng gói RF*GA35183M;Sản phẩm đóng gói RF*GA35183M;;;GW;27541;27541;0;0;RFGA35183M.F;RFGA35183M.F;Thùng xuất xưởng đã dán nhãn RF*GA35183M;Thùng xuất xưởng đã dán nhãn RF*GA35183M;ZHAL;260701V;1102;3002;1102;0070
260701V;000010069478;TECO - Technically completed;2026-07-01 00:00:00;2026-06-24 00:00:00;2026-07-08 00:00:00;01070;260701V;RF/GS35153M_S;RF*GS35153M;Sản phẩm đóng gói RF*GS35153M;Sản phẩm đóng gói RF*GS35153M;;;GW;15041;15041;0;0;RG00X101V;RG00X101V;RFG HOLDER CLIP WHITE;Kẹp ống bọc ngoài trắng RFG;ZROH;260120S;45123;3002;45123;0010
260701V;000010069478;TECO - Technically completed;2026-07-01 00:00:00;2026-06-24 00:00:00;2026-07-08 00:00:00;01070;260701V;RF/GS35153M_S;RF*GS35153M;Sản phẩm đóng gói RF*GS35153M;Sản phẩm đóng gói RF*GS35153M;;;GW;15041;15041;0;0;RG85GS35153;RG85GS35153;Đã luồn dây dẫn GS35153;Đã luồn dây dẫn GS35153;ZHAL;260701D01;15041;3002;15041;0020
260701V;000010069478;TECO - Technically completed;2026-07-01 00:00:00;2026-06-24 00:00:00;2026-07-08 00:00:00;01070;260701V;RF/GS35153M_S;RF*GS35153M;Sản phẩm đóng gói RF*GS35153M;Sản phẩm đóng gói RF*GS35153M;;;GW;15041;15041;0;0;RG30M701NV;RG30M701NV;RG M26 PEEL BAG;Túi đóng gói RG M26;ZROH;250730T;15041;3002;15051;0030
260701V;000010069478;TECO - Technically completed;2026-07-01 00:00:00;2026-06-24 00:00:00;2026-07-08 00:00:00;01070;260701V;RF/GS35153M_S;RF*GS35153M;Sản phẩm đóng gói RF*GS35153M;Sản phẩm đóng gói RF*GS35153M;;;GW;15041;15041;0;0;RFGS35153M.G;RFGS35153M.G;Nhãn TĐG đã in RF*GS35153M;Nhãn TĐG đã in RF*GS35153M;ZHAL;260701V;15041;3002;15053;0040
260701V;000010069478;TECO - Technically completed;2026-07-01 00:00:00;2026-06-24 00:00:00;2026-07-08 00:00:00;01070;260701V;RF/GS35153M_S;RF*GS35153M;Sản phẩm đóng gói RF*GS35153M;Sản phẩm đóng gói RF*GS35153M;;;GW;15041;15041;0;0;RFGS35153M.E;RFGS35153M.E;Hộp đơn vị đã dán nhãn RF*GS35153M;Hộp đơn vị đã dán nhãn RF*GS35153M;ZHAL;260701V;3009;3002;3009;0050
260701V;000010069478;TECO - Technically completed;2026-07-01 00:00:00;2026-06-24 00:00:00;2026-07-08 00:00:00;01070;260701V;RF/GS35153M_S;RF*GS35153M;Sản phẩm đóng gói RF*GS35153M;Sản phẩm đóng gói RF*GS35153M;;;GW;15041;15041;0;0;RG34M1501AV;RG34M1501AV;RG INSTRUCTION (M26);Hướng dẫn sử dụng RG (M26);ZROH;250725;3009;3002;3009;0060
260701V;000010069478;TECO - Technically completed;2026-07-01 00:00:00;2026-06-24 00:00:00;2026-07-08 00:00:00;01070;260701V;RF/GS35153M_S;RF*GS35153M;Sản phẩm đóng gói RF*GS35153M;Sản phẩm đóng gói RF*GS35153M;;;GW;15041;15041;0;0;RFGS35153M.F;RFGS35153M.F;Thùng xuất xưởng đã dán nhãn RF*GS35153M;Thùng xuất xưởng đã dán nhãn RF*GS35153M;ZHAL;260701V;602;3002;602;0070
260702D01;000010069479;TECO - Technically completed;2026-07-02 00:00:00;2026-06-24 00:00:00;2026-07-09 00:00:00;01050;260702D01;RG80GA35153Y;RG80GA35153Y;TYC Bán thành phẩm gia công GA35153;TYC Bán thành phẩm gia công GA35153;;;GW;27760;27630;130;0;RG75GA35153Y;RG75GA35153Y;INSPECTED GA35153;Dây dẫn đã kiểm tra GA35153;ZROH;Y2602057;27760;3002;4300;0010
260702D01;000010069479;TECO - Technically completed;2026-07-02 00:00:00;2026-06-24 00:00:00;2026-07-09 00:00:00;01050;260702D01;RG80GA35153Y;RG80GA35153Y;TYC Bán thành phẩm gia công GA35153;TYC Bán thành phẩm gia công GA35153;;;GW;27760;27630;130;0;RG75GA35153Y;RG75GA35153Y;INSPECTED GA35153;Dây dẫn đã kiểm tra GA35153;ZROH;Y2602058;0;3002;11980;0010
260702D01;000010069479;TECO - Technically completed;2026-07-02 00:00:00;2026-06-24 00:00:00;2026-07-09 00:00:00;01050;260702D01;RG80GA35153Y;RG80GA35153Y;TYC Bán thành phẩm gia công GA35153;TYC Bán thành phẩm gia công GA35153;;;GW;27760;27630;130;0;RG75GA35153Y;RG75GA35153Y;INSPECTED GA35153;Dây dẫn đã kiểm tra GA35153;ZROH;Y2602065;0;3002;11480;0010
260702D01;000010069480;TECO - Technically completed;2026-07-02 00:00:00;2026-06-24 00:00:00;2026-07-09 00:00:00;01050;260702D01;RG80GA35263Y;RG80GA35263Y;TYC Bán thành phẩm gia công GA35263;TYC Bán thành phẩm gia công GA35263;;;GW;13980;13895;85;0;RG75GA35263Y;RG75GA35263Y;INSPECTED GA35263;Dây dẫn đã kiểm tra GA35263;ZROH;Y2602033;13980;3002;10500;0010
260702D01;000010069480;TECO - Technically completed;2026-07-02 00:00:00;2026-06-24 00:00:00;2026-07-09 00:00:00;01050;260702D01;RG80GA35263Y;RG80GA35263Y;TYC Bán thành phẩm gia công GA35263;TYC Bán thành phẩm gia công GA35263;;;GW;13980;13895;85;0;RG75GA35263Y;RG75GA35263Y;INSPECTED GA35263;Dây dẫn đã kiểm tra GA35263;ZROH;Y2602045;0;3002;3480;0010
260702D01;000010069483;TECO - Technically completed;2026-07-02 00:00:00;2026-06-24 00:00:00;2026-07-09 00:00:00;01060;260702D01;RG85GA35153Y;RG85GA35153Y;TYC Đã luồn dây dẫn GA35153;TYC Đã luồn dây dẫn GA35153;;;GW;27541;27541;0;0;RG90X1446;RG90X1446;GW ống b/n 1446mm trắng;GW ống b/n 1446mm trắng;ZHAL;260612C01;0;3002;22796;0010
260702D01;000010069483;TECO - Technically completed;2026-07-02 00:00:00;2026-06-24 00:00:00;2026-07-09 00:00:00;01060;260702D01;RG85GA35153Y;RG85GA35153Y;TYC Đã luồn dây dẫn GA35153;TYC Đã luồn dây dẫn GA35153;;;GW;27541;27541;0;0;RG90X1446;RG90X1446;GW ống b/n 1446mm trắng;GW ống b/n 1446mm trắng;ZHAL;260609C01;27541;3002;4745;0010
260702D01;000010069483;TECO - Technically completed;2026-07-02 00:00:00;2026-06-24 00:00:00;2026-07-09 00:00:00;01060;260702D01;RG85GA35153Y;RG85GA35153Y;TYC Đã luồn dây dẫn GA35153;TYC Đã luồn dây dẫn GA35153;;;GW;27541;27541;0;0;RG00X100V;RG00X100V;RFG INSERTER WHITE;Vật dẫn màu trắng RFG;ZROH;260223;27541;3002;27541;0020
260702D01;000010069483;TECO - Technically completed;2026-07-02 00:00:00;2026-06-24 00:00:00;2026-07-09 00:00:00;01060;260702D01;RG85GA35153Y;RG85GA35153Y;TYC Đã luồn dây dẫn GA35153;TYC Đã luồn dây dẫn GA35153;;;GW;27541;27541;0;0;RG00X3515A;RG00X3515A;Chuôi đã in 3515A;Chuôi đã in 3515A;ZHAL;260702D01;0;3002;27276;0030
260702D01;000010069483;TECO - Technically completed;2026-07-02 00:00:00;2026-06-24 00:00:00;2026-07-09 00:00:00;01060;260702D01;RG85GA35153Y;RG85GA35153Y;TYC Đã luồn dây dẫn GA35153;TYC Đã luồn dây dẫn GA35153;;;GW;27541;27541;0;0;RG00X3515A;RG00X3515A;Chuôi đã in 3515A;Chuôi đã in 3515A;ZHAL;260701D01;27541;3002;283;0030
260702D01;000010069483;TECO - Technically completed;2026-07-02 00:00:00;2026-06-24 00:00:00;2026-07-09 00:00:00;01060;260702D01;RG85GA35153Y;RG85GA35153Y;TYC Đã luồn dây dẫn GA35153;TYC Đã luồn dây dẫn GA35153;;;GW;27541;27541;0;0;RG80GA35153Y;RG80GA35153Y;TYC Bán thành phẩm gia công GA35153;TYC Bán thành phẩm gia công GA35153;ZHAL;260701D01;27541;3002;299;0040
260702D01;000010069483;TECO - Technically completed;2026-07-02 00:00:00;2026-06-24 00:00:00;2026-07-09 00:00:00;01060;260702D01;RG85GA35153Y;RG85GA35153Y;TYC Đã luồn dây dẫn GA35153;TYC Đã luồn dây dẫn GA35153;;;GW;27541;27541;0;0;RG80GA35153Y;RG80GA35153Y;TYC Bán thành phẩm gia công GA35153;TYC Bán thành phẩm gia công GA35153;ZHAL;260702D01;0;3002;27242;0040
260702D01;000010069484;TECO - Technically completed;2026-07-02 00:00:00;2026-06-24 00:00:00;2026-07-09 00:00:00;01060;260702D01;RG85GA35263Y;RG85GA35263Y;TYC Đã luồn dây dẫn GA35263;TYC Đã luồn dây dẫn GA35263;;;GW;13844;13844;0;0;RG90X2530;RG90X2530;GW ống b/n 2530mm trắng;GW ống b/n 2530mm trắng;ZHAL;260516C01;13844;3002;13846;0010
260702D01;000010069484;TECO - Technically completed;2026-07-02 00:00:00;2026-06-24 00:00:00;2026-07-09 00:00:00;01060;260702D01;RG85GA35263Y;RG85GA35263Y;TYC Đã luồn dây dẫn GA35263;TYC Đã luồn dây dẫn GA35263;;;GW;13844;13844;0;0;RG00X100V;RG00X100V;RFG INSERTER WHITE;Vật dẫn màu trắng RFG;ZROH;260223;13844;3002;13846;0020
260702D01;000010069484;TECO - Technically completed;2026-07-02 00:00:00;2026-06-24 00:00:00;2026-07-09 00:00:00;01060;260702D01;RG85GA35263Y;RG85GA35263Y;TYC Đã luồn dây dẫn GA35263;TYC Đã luồn dây dẫn GA35263;;;GW;13844;13844;0;0;RG00X3526A;RG00X3526A;Chuôi đã in 3526A;Chuôi đã in 3526A;ZHAL;260624D01;13844;3002;145;0030
260702D01;000010069484;TECO - Technically completed;2026-07-02 00:00:00;2026-06-24 00:00:00;2026-07-09 00:00:00;01060;260702D01;RG85GA35263Y;RG85GA35263Y;TYC Đã luồn dây dẫn GA35263;TYC Đã luồn dây dẫn GA35263;;;GW;13844;13844;0;0;RG00X3526A;RG00X3526A;Chuôi đã in 3526A;Chuôi đã in 3526A;ZHAL;260702D01;0;3002;13703;0030
260702D01;000010069484;TECO - Technically completed;2026-07-02 00:00:00;2026-06-24 00:00:00;2026-07-09 00:00:00;01060;260702D01;RG85GA35263Y;RG85GA35263Y;TYC Đã luồn dây dẫn GA35263;TYC Đã luồn dây dẫn GA35263;;;GW;13844;13844;0;0;RG80GA35263Y;RG80GA35263Y;TYC Bán thành phẩm gia công GA35263;TYC Bán thành phẩm gia công GA35263;ZHAL;260612D01;13844;3002;185;0040
260702D01;000010069484;TECO - Technically completed;2026-07-02 00:00:00;2026-06-24 00:00:00;2026-07-09 00:00:00;01060;260702D01;RG85GA35263Y;RG85GA35263Y;TYC Đã luồn dây dẫn GA35263;TYC Đã luồn dây dẫn GA35263;;;GW;13844;13844;0;0;RG80GA35263Y;RG80GA35263Y;TYC Bán thành phẩm gia công GA35263;TYC Bán thành phẩm gia công GA35263;ZHAL;260702D01;0;3002;13659;0040
260702V;000010069485;TECO - Technically completed;2026-07-02 00:00:00;2026-06-24 00:00:00;2026-07-09 00:00:00;01065;260702V;RFGA35153M.E;RFGA35153M.E;Hộp đơn vị đã dán nhãn RF*GA35153M;Hộp đơn vị đã dán nhãn RF*GA35153M;;;GW;5509;5509;0;0;RG26M1301V;RG26M1301V;RG Peel label - 5 set;Nhãn túi đóng gói RG - 5set;ZROH;260423VJ;5509;3002;5521;0010
260702V;000010069485;TECO - Technically completed;2026-07-02 00:00:00;2026-06-24 00:00:00;2026-07-09 00:00:00;01065;260702V;RFGA35153M.E;RFGA35153M.E;Hộp đơn vị đã dán nhãn RF*GA35153M;Hộp đơn vị đã dán nhãn RF*GA35153M;;;GW;5509;5509;0;0;RG26M203V-01;RG26M203V-01;RG SIDE LABEL;Nhãn nắp RG;ZROH;260422VJ;5509;3002;5530;0020
260702V;000010069485;TECO - Technically completed;2026-07-02 00:00:00;2026-06-24 00:00:00;2026-07-09 00:00:00;01065;260702V;RFGA35153M.E;RFGA35153M.E;Hộp đơn vị đã dán nhãn RF*GA35153M;Hộp đơn vị đã dán nhãn RF*GA35153M;;;GW;5509;5509;0;0;RG36M1502V;RG36M1502V;RG M26 UNIT BOX;RG Hộp đơn vị M26;ZROH;250904;5509;3002;5509;0030
260702V;000010069486;TECO - Technically completed;2026-07-02 00:00:00;2026-06-24 00:00:00;2026-07-09 00:00:00;01065;260702V;RFGA35153M.F;RFGA35153M.F;Thùng xuất xưởng đã dán nhãn RF*GA35153M;Thùng xuất xưởng đã dán nhãn RF*GA35153M;;;GW;1102;1102;0;0;RG37X001V;RG37X001V;RG 25 SET SHIPPING BOX;RG Thùng xuất xưởng 25 set;ZROH;260220;1102;3002;1102;0010
260702V;000010069486;TECO - Technically completed;2026-07-02 00:00:00;2026-06-24 00:00:00;2026-07-09 00:00:00;01065;260702V;RFGA35153M.F;RFGA35153M.F;Thùng xuất xưởng đã dán nhãn RF*GA35153M;Thùng xuất xưởng đã dán nhãn RF*GA35153M;;;GW;1102;1102;0;0;RG26X004V;RG26X004V;WHITE SHIPPING BOX LABEL;Nhãn trắng thùng xuất xưởng;ZROH;260402VA;1102;3002;1109;0020
260702V;000010069487;TECO - Technically completed;2026-07-02 00:00:00;2026-06-24 00:00:00;2026-07-09 00:00:00;01065;260702V;RFGA35153M.G;RFGA35153M.G;Nhãn TĐG đã in RF*GA35153M;Nhãn TĐG đã in RF*GA35153M;;;GW;27541;27561;0;0;RG26M1301V;RG26M1301V;RG Peel label - 5 set;Nhãn túi đóng gói RG - 5set;ZROH;260423VJ;27541;3002;27632;0010
260702V;000010069488;TECO - Technically completed;2026-07-02 00:00:00;2026-06-24 00:00:00;2026-07-09 00:00:00;01065;260702V;RFGA35263M.E;RFGA35263M.E;Hộp đơn vị đã dán nhãn RF*GA35263M;Hộp đơn vị đã dán nhãn RF*GA35263M;;;GW;2769;2769;0;0;RG26M1301V;RG26M1301V;RG Peel label - 5 set;Nhãn túi đóng gói RG - 5set;ZROH;260423VJ;2769;3002;2777;0010
260702V;000010069488;TECO - Technically completed;2026-07-02 00:00:00;2026-06-24 00:00:00;2026-07-09 00:00:00;01065;260702V;RFGA35263M.E;RFGA35263M.E;Hộp đơn vị đã dán nhãn RF*GA35263M;Hộp đơn vị đã dán nhãn RF*GA35263M;;;GW;2769;2769;0;0;RG26M203V-01;RG26M203V-01;RG SIDE LABEL;Nhãn nắp RG;ZROH;260422VJ;2769;3002;2777;0020
260702V;000010069488;TECO - Technically completed;2026-07-02 00:00:00;2026-06-24 00:00:00;2026-07-09 00:00:00;01065;260702V;RFGA35263M.E;RFGA35263M.E;Hộp đơn vị đã dán nhãn RF*GA35263M;Hộp đơn vị đã dán nhãn RF*GA35263M;;;GW;2769;2769;0;0;RG36M1503V;RG36M1503V;RG M26 LONG 25‑SET UNIT BOX;RG M26 Hộp 25 set loại dài;ZROH;250827;2769;3002;2676;0030
260702V;000010069488;TECO - Technically completed;2026-07-02 00:00:00;2026-06-24 00:00:00;2026-07-09 00:00:00;01065;260702V;RFGA35263M.E;RFGA35263M.E;Hộp đơn vị đã dán nhãn RF*GA35263M;Hộp đơn vị đã dán nhãn RF*GA35263M;;;GW;2769;2769;0;0;RG36M1503V;RG36M1503V;RG M26 LONG 25‑SET UNIT BOX;RG M26 Hộp 25 set loại dài;ZROH;260303;0;3002;93;0030
260702V;000010069489;TECO - Technically completed;2026-07-02 00:00:00;2026-06-24 00:00:00;2026-07-09 00:00:00;01065;260702V;RFGA35263M.F;RFGA35263M.F;Thùng xuất xưởng đã dán nhãn RF*GA35263M;Thùng xuất xưởng đã dán nhãn RF*GA35263M;;;GW;554;554;0;0;RG37X003V;RG37X003V;RG LARGE SHIPPING BOX;RG Thùng xuất xưởng loại lớn;ZROH;260205IP;554;3002;556;0010
260702V;000010069489;TECO - Technically completed;2026-07-02 00:00:00;2026-06-24 00:00:00;2026-07-09 00:00:00;01065;260702V;RFGA35263M.F;RFGA35263M.F;Thùng xuất xưởng đã dán nhãn RF*GA35263M;Thùng xuất xưởng đã dán nhãn RF*GA35263M;;;GW;554;554;0;0;RG26X004V;RG26X004V;WHITE SHIPPING BOX LABEL;Nhãn trắng thùng xuất xưởng;ZROH;260402VA;554;3002;559;0020
260702V;000010069490;TECO - Technically completed;2026-07-02 00:00:00;2026-06-24 00:00:00;2026-07-09 00:00:00;01065;260702V;RFGA35263M.G;RFGA35263M.G;Nhãn TĐG đã in RF*GA35263M;Nhãn TĐG đã in RF*GA35263M;;;GW;13844;13856;0;0;RG26M1301V;RG26M1301V;RG Peel label - 5 set;Nhãn túi đóng gói RG - 5set;ZROH;260423VJ;13844;3002;13899;0010
260702V;000010069491;TECO - Technically completed;2026-07-02 00:00:00;2026-06-24 00:00:00;2026-07-09 00:00:00;01075;260702V;RF/GA35153M_S;RF*GA35153M;Sản phẩm đóng gói RF*GA35153M;Sản phẩm đóng gói RF*GA35153M;;;GW;27541;27541;0;0;RG00X101V;RG00X101V;RFG HOLDER CLIP WHITE;Kẹp ống bọc ngoài trắng RFG;ZROH;260120S;82623;3002;71520;0010
260702V;000010069491;TECO - Technically completed;2026-07-02 00:00:00;2026-06-24 00:00:00;2026-07-09 00:00:00;01075;260702V;RF/GA35153M_S;RF*GA35153M;Sản phẩm đóng gói RF*GA35153M;Sản phẩm đóng gói RF*GA35153M;;;GW;27541;27541;0;0;RG00X101V;RG00X101V;RFG HOLDER CLIP WHITE;Kẹp ống bọc ngoài trắng RFG;ZROH;260226S;0;3002;11103;0010
260702V;000010069491;TECO - Technically completed;2026-07-02 00:00:00;2026-06-24 00:00:00;2026-07-09 00:00:00;01075;260702V;RF/GA35153M_S;RF*GA35153M;Sản phẩm đóng gói RF*GA35153M;Sản phẩm đóng gói RF*GA35153M;;;GW;27541;27541;0;0;RG85GA35153Y;RG85GA35153Y;TYC Đã luồn dây dẫn GA35153;TYC Đã luồn dây dẫn GA35153;ZHAL;260702D01;27541;3002;27541;0020
260702V;000010069491;TECO - Technically completed;2026-07-02 00:00:00;2026-06-24 00:00:00;2026-07-09 00:00:00;01075;260702V;RF/GA35153M_S;RF*GA35153M;Sản phẩm đóng gói RF*GA35153M;Sản phẩm đóng gói RF*GA35153M;;;GW;27541;27541;0;0;RG30M701NV;RG30M701NV;RG M26 PEEL BAG;Túi đóng gói RG M26;ZROH;250730T;27541;3002;27545;0030
260702V;000010069491;TECO - Technically completed;2026-07-02 00:00:00;2026-06-24 00:00:00;2026-07-09 00:00:00;01075;260702V;RF/GA35153M_S;RF*GA35153M;Sản phẩm đóng gói RF*GA35153M;Sản phẩm đóng gói RF*GA35153M;;;GW;27541;27541;0;0;RG30M701NV;RG30M701NV;RG M26 PEEL BAG;Túi đóng gói RG M26;ZROH;250731T;0;3002;6;0030
260702V;000010069491;TECO - Technically completed;2026-07-02 00:00:00;2026-06-24 00:00:00;2026-07-09 00:00:00;01075;260702V;RF/GA35153M_S;RF*GA35153M;Sản phẩm đóng gói RF*GA35153M;Sản phẩm đóng gói RF*GA35153M;;;GW;27541;27541;0;0;RFGA35153M.G;RFGA35153M.G;Nhãn TĐG đã in RF*GA35153M;Nhãn TĐG đã in RF*GA35153M;ZHAL;260702V;27541;3002;27561;0040
260702V;000010069491;TECO - Technically completed;2026-07-02 00:00:00;2026-06-24 00:00:00;2026-07-09 00:00:00;01075;260702V;RF/GA35153M_S;RF*GA35153M;Sản phẩm đóng gói RF*GA35153M;Sản phẩm đóng gói RF*GA35153M;;;GW;27541;27541;0;0;RFGA35153M.E;RFGA35153M.E;Hộp đơn vị đã dán nhãn RF*GA35153M;Hộp đơn vị đã dán nhãn RF*GA35153M;ZHAL;260702V;5509;3002;5509;0050
260702V;000010069491;TECO - Technically completed;2026-07-02 00:00:00;2026-06-24 00:00:00;2026-07-09 00:00:00;01075;260702V;RF/GA35153M_S;RF*GA35153M;Sản phẩm đóng gói RF*GA35153M;Sản phẩm đóng gói RF*GA35153M;;;GW;27541;27541;0;0;RG34M1501AV;RG34M1501AV;RG INSTRUCTION (M26);Hướng dẫn sử dụng RG (M26);ZROH;250725;5509;3002;5509;0060
260702V;000010069491;TECO - Technically completed;2026-07-02 00:00:00;2026-06-24 00:00:00;2026-07-09 00:00:00;01075;260702V;RF/GA35153M_S;RF*GA35153M;Sản phẩm đóng gói RF*GA35153M;Sản phẩm đóng gói RF*GA35153M;;;GW;27541;27541;0;0;RFGA35153M.F;RFGA35153M.F;Thùng xuất xưởng đã dán nhãn RF*GA35153M;Thùng xuất xưởng đã dán nhãn RF*GA35153M;ZHAL;260702V;1102;3002;1102;0070
260702V;000010069492;TECO - Technically completed;2026-07-02 00:00:00;2026-06-24 00:00:00;2026-07-09 00:00:00;01075;260702V;RF/GA35263M_S;RF*GA35263M;Sản phẩm đóng gói RF*GA35263M;Sản phẩm đóng gói RF*GA35263M;;;GW;13844;13844;0;0;RG00X104V;RG00X104V;RFG HOLDER CLIP 4 GROOVES WHITE;Kẹp ống bọc ngoài 4 nhánh trắng RFG;ZROH;251222-2;41532;3002;41532;0010
260702V;000010069492;TECO - Technically completed;2026-07-02 00:00:00;2026-06-24 00:00:00;2026-07-09 00:00:00;01075;260702V;RF/GA35263M_S;RF*GA35263M;Sản phẩm đóng gói RF*GA35263M;Sản phẩm đóng gói RF*GA35263M;;;GW;13844;13844;0;0;RG00X104V;RG00X104V;RFG HOLDER CLIP 4 GROOVES WHITE;Kẹp ống bọc ngoài 4 nhánh trắng RFG;ZROH;251223-2;0;3002;6;0010
260702V;000010069492;TECO - Technically completed;2026-07-02 00:00:00;2026-06-24 00:00:00;2026-07-09 00:00:00;01075;260702V;RF/GA35263M_S;RF*GA35263M;Sản phẩm đóng gói RF*GA35263M;Sản phẩm đóng gói RF*GA35263M;;;GW;13844;13844;0;0;RG85GA35263Y;RG85GA35263Y;TYC Đã luồn dây dẫn GA35263;TYC Đã luồn dây dẫn GA35263;ZHAL;260702D01;13844;3002;13844;0020
260702V;000010069492;TECO - Technically completed;2026-07-02 00:00:00;2026-06-24 00:00:00;2026-07-09 00:00:00;01075;260702V;RF/GA35263M_S;RF*GA35263M;Sản phẩm đóng gói RF*GA35263M;Sản phẩm đóng gói RF*GA35263M;;;GW;13844;13844;0;0;RG30M703NV;RG30M703NV;RG M26 LONG PEEL BAG;Túi đóng gói RG M26 loại dài;ZROH;251121T;13844;3002;13906;0030
260702V;000010069492;TECO - Technically completed;2026-07-02 00:00:00;2026-06-24 00:00:00;2026-07-09 00:00:00;01075;260702V;RF/GA35263M_S;RF*GA35263M;Sản phẩm đóng gói RF*GA35263M;Sản phẩm đóng gói RF*GA35263M;;;GW;13844;13844;0;0;RFGA35263M.G;RFGA35263M.G;Nhãn TĐG đã in RF*GA35263M;Nhãn TĐG đã in RF*GA35263M;ZHAL;260702V;13844;3002;13856;0040
260702V;000010069492;TECO - Technically completed;2026-07-02 00:00:00;2026-06-24 00:00:00;2026-07-09 00:00:00;01075;260702V;RF/GA35263M_S;RF*GA35263M;Sản phẩm đóng gói RF*GA35263M;Sản phẩm đóng gói RF*GA35263M;;;GW;13844;13844;0;0;RFGA35263M.E;RFGA35263M.E;Hộp đơn vị đã dán nhãn RF*GA35263M;Hộp đơn vị đã dán nhãn RF*GA35263M;ZHAL;260702V;2769;3002;2769;0050
260702V;000010069492;TECO - Technically completed;2026-07-02 00:00:00;2026-06-24 00:00:00;2026-07-09 00:00:00;01075;260702V;RF/GA35263M_S;RF*GA35263M;Sản phẩm đóng gói RF*GA35263M;Sản phẩm đóng gói RF*GA35263M;;;GW;13844;13844;0;0;RG34M1501AV;RG34M1501AV;RG INSTRUCTION (M26);Hướng dẫn sử dụng RG (M26);ZROH;250725;2769;3002;2769;0060
260702V;000010069492;TECO - Technically completed;2026-07-02 00:00:00;2026-06-24 00:00:00;2026-07-09 00:00:00;01075;260702V;RF/GA35263M_S;RF*GA35263M;Sản phẩm đóng gói RF*GA35263M;Sản phẩm đóng gói RF*GA35263M;;;GW;13844;13844;0;0;RFGA35263M.F;RFGA35263M.F;Thùng xuất xưởng đã dán nhãn RF*GA35263M;Thùng xuất xưởng đã dán nhãn RF*GA35263M;ZHAL;260702V;554;3002;554;0070
260703D01;000010069493;TECO - Technically completed;2026-07-03 00:00:00;2026-06-24 00:00:00;2026-07-10 00:00:00;01050;260703D01;RG80GA35183Y;RG80GA35183Y;TYC Bán thành phẩm gia công GA35183;TYC Bán thành phẩm gia công GA35183;;;GW;27740;27544;196;0;RG75GA35183Y;RG75GA35183Y;INSPECTED GA35183;Dây dẫn đã kiểm tra GA35183;ZROH;Y2602272;0;3002;680;0010
260703D01;000010069493;TECO - Technically completed;2026-07-03 00:00:00;2026-06-24 00:00:00;2026-07-10 00:00:00;01050;260703D01;RG80GA35183Y;RG80GA35183Y;TYC Bán thành phẩm gia công GA35183;TYC Bán thành phẩm gia công GA35183;;;GW;27740;27544;196;0;RG75GA35183Y;RG75GA35183Y;INSPECTED GA35183;Dây dẫn đã kiểm tra GA35183;ZROH;Y2602186;0;3002;11980;0010
260703D01;000010069493;TECO - Technically completed;2026-07-03 00:00:00;2026-06-24 00:00:00;2026-07-10 00:00:00;01050;260703D01;RG80GA35183Y;RG80GA35183Y;TYC Bán thành phẩm gia công GA35183;TYC Bán thành phẩm gia công GA35183;;;GW;27740;27544;196;0;RG75GA35183Y;RG75GA35183Y;INSPECTED GA35183;Dây dẫn đã kiểm tra GA35183;ZROH;Y2602182;0;3002;11980;0010
260703D01;000010069493;TECO - Technically completed;2026-07-03 00:00:00;2026-06-24 00:00:00;2026-07-10 00:00:00;01050;260703D01;RG80GA35183Y;RG80GA35183Y;TYC Bán thành phẩm gia công GA35183;TYC Bán thành phẩm gia công GA35183;;;GW;27740;27544;196;0;RG75GA35183Y;RG75GA35183Y;INSPECTED GA35183;Dây dẫn đã kiểm tra GA35183;ZROH;Y2602131;27740;3002;3100;0010
260703D01;000010069494;REL - Released;2026-07-03 00:00:00;2026-06-24 00:00:00;2026-07-10 00:00:00;01050;260703D01;RG80GS35153Y;RG80GS35153Y;TYC Bán thành phẩm gia công GS35153;TYC Bán thành phẩm gia công GS35153;;;GW;17140;17023;0;0;RG75GS35153Y;RG75GS35153Y;INSPECTED GS35153;Dây dẫn đã kiểm tra GS35153;ZROH;Y2602028;17140;3002;4400;0010
260703D01;000010069494;REL - Released;2026-07-03 00:00:00;2026-06-24 00:00:00;2026-07-10 00:00:00;01050;260703D01;RG80GS35153Y;RG80GS35153Y;TYC Bán thành phẩm gia công GS35153;TYC Bán thành phẩm gia công GS35153;;;GW;17140;17023;0;0;RG75GS35153Y;RG75GS35153Y;INSPECTED GS35153;Dây dẫn đã kiểm tra GS35153;ZROH;Y2602036;0;3002;5980;0010
260703D01;000010069494;REL - Released;2026-07-03 00:00:00;2026-06-24 00:00:00;2026-07-10 00:00:00;01050;260703D01;RG80GS35153Y;RG80GS35153Y;TYC Bán thành phẩm gia công GS35153;TYC Bán thành phẩm gia công GS35153;;;GW;17140;17023;0;0;RG75GS35153Y;RG75GS35153Y;INSPECTED GS35153;Dây dẫn đã kiểm tra GS35153;ZROH;Y2602314;0;3002;5980;0010
260703D01;000010069494;REL - Released;2026-07-03 00:00:00;2026-06-24 00:00:00;2026-07-10 00:00:00;01050;260703D01;RG80GS35153Y;RG80GS35153Y;TYC Bán thành phẩm gia công GS35153;TYC Bán thành phẩm gia công GS35153;;;GW;17140;17023;0;0;RG75GS35153Y;RG75GS35153Y;INSPECTED GS35153;Dây dẫn đã kiểm tra GS35153;ZROH;Y2603047;0;3002;780;0010
260703D01;000010069497;REL - Released;2026-07-03 00:00:00;2026-06-24 00:00:00;2026-07-10 00:00:00;01060;260703D01;RG85GA35183Y;RG85GA35183Y;TYC Đã luồn dây dẫn GA35183;TYC Đã luồn dây dẫn GA35183;;;GW;27541;27541;0;0;RG90X1746;RG90X1746;GW ống b/n 1746mm trắng;GW ống b/n 1746mm trắng;ZHAL;260601C01;27541;3002;7073;0010
260703D01;000010069497;REL - Released;2026-07-03 00:00:00;2026-06-24 00:00:00;2026-07-10 00:00:00;01060;260703D01;RG85GA35183Y;RG85GA35183Y;TYC Đã luồn dây dẫn GA35183;TYC Đã luồn dây dẫn GA35183;;;GW;27541;27541;0;0;RG90X1746;RG90X1746;GW ống b/n 1746mm trắng;GW ống b/n 1746mm trắng;ZHAL;260610C01;0;3002;20471;0010
260703D01;000010069497;REL - Released;2026-07-03 00:00:00;2026-06-24 00:00:00;2026-07-10 00:00:00;01060;260703D01;RG85GA35183Y;RG85GA35183Y;TYC Đã luồn dây dẫn GA35183;TYC Đã luồn dây dẫn GA35183;;;GW;27541;27541;0;0;RG00X100V;RG00X100V;RFG INSERTER WHITE;Vật dẫn màu trắng RFG;ZROH;260223;27541;3002;27541;0020
260703D01;000010069497;REL - Released;2026-07-03 00:00:00;2026-06-24 00:00:00;2026-07-10 00:00:00;01060;260703D01;RG85GA35183Y;RG85GA35183Y;TYC Đã luồn dây dẫn GA35183;TYC Đã luồn dây dẫn GA35183;;;GW;27541;27541;0;0;RG00X100V;RG00X100V;RFG INSERTER WHITE;Vật dẫn màu trắng RFG;ZROH;260224;0;3002;3;0020
260703D01;000010069497;REL - Released;2026-07-03 00:00:00;2026-06-24 00:00:00;2026-07-10 00:00:00;01060;260703D01;RG85GA35183Y;RG85GA35183Y;TYC Đã luồn dây dẫn GA35183;TYC Đã luồn dây dẫn GA35183;;;GW;27541;27541;0;0;RG00X3518A;RG00X3518A;Chuôi đã in 3518A;Chuôi đã in 3518A;ZHAL;260701D01;27541;3002;143;0030
260703D01;000010069497;REL - Released;2026-07-03 00:00:00;2026-06-24 00:00:00;2026-07-10 00:00:00;01060;260703D01;RG85GA35183Y;RG85GA35183Y;TYC Đã luồn dây dẫn GA35183;TYC Đã luồn dây dẫn GA35183;;;GW;27541;27541;0;0;RG00X3518A;RG00X3518A;Chuôi đã in 3518A;Chuôi đã in 3518A;ZHAL;260703D01;0;3002;27417;0030
260703D01;000010069497;REL - Released;2026-07-03 00:00:00;2026-06-24 00:00:00;2026-07-10 00:00:00;01060;260703D01;RG85GA35183Y;RG85GA35183Y;TYC Đã luồn dây dẫn GA35183;TYC Đã luồn dây dẫn GA35183;;;GW;27541;27541;0;0;RG80GA35183Y;RG80GA35183Y;TYC Bán thành phẩm gia công GA35183;TYC Bán thành phẩm gia công GA35183;ZHAL;260701D01;27541;3002;266;0040
260703D01;000010069497;REL - Released;2026-07-03 00:00:00;2026-06-24 00:00:00;2026-07-10 00:00:00;01060;260703D01;RG85GA35183Y;RG85GA35183Y;TYC Đã luồn dây dẫn GA35183;TYC Đã luồn dây dẫn GA35183;;;GW;27541;27541;0;0;RG80GA35183Y;RG80GA35183Y;TYC Bán thành phẩm gia công GA35183;TYC Bán thành phẩm gia công GA35183;ZHAL;260703D01;0;3002;27275;0040
260703D01;000010069498;REL - Released;2026-07-03 00:00:00;2026-06-24 00:00:00;2026-07-10 00:00:00;01060;260703D01;RG85GS35153Y;RG85GS35153Y;TYC Đã luồn dây dẫn GS35153;TYC Đã luồn dây dẫn GS35153;;;GW;17041;16477;0;0;RG90X1446;RG90X1446;GW ống b/n 1446mm trắng;GW ống b/n 1446mm trắng;ZHAL;260612C01;17041;3002;16477;0010
260703D01;000010069498;REL - Released;2026-07-03 00:00:00;2026-06-24 00:00:00;2026-07-10 00:00:00;01060;260703D01;RG85GS35153Y;RG85GS35153Y;TYC Đã luồn dây dẫn GS35153;TYC Đã luồn dây dẫn GS35153;;;GW;17041;16477;0;0;RG00X100V;RG00X100V;RFG INSERTER WHITE;Vật dẫn màu trắng RFG;ZROH;260223;17041;3002;16477;0020
260703D01;000010069498;REL - Released;2026-07-03 00:00:00;2026-06-24 00:00:00;2026-07-10 00:00:00;01060;260703D01;RG85GS35153Y;RG85GS35153Y;TYC Đã luồn dây dẫn GS35153;TYC Đã luồn dây dẫn GS35153;;;GW;17041;16477;0;0;RG00X3515S;RG00X3515S;Chuôi đã in 3515S;Chuôi đã in 3515S;ZHAL;260701D01;17041;3002;135;0030
260703D01;000010069498;REL - Released;2026-07-03 00:00:00;2026-06-24 00:00:00;2026-07-10 00:00:00;01060;260703D01;RG85GS35153Y;RG85GS35153Y;TYC Đã luồn dây dẫn GS35153;TYC Đã luồn dây dẫn GS35153;;;GW;17041;16477;0;0;RG00X3515S;RG00X3515S;Chuôi đã in 3515S;Chuôi đã in 3515S;ZHAL;260703D01;0;3002;16342;0030
260703D01;000010069498;REL - Released;2026-07-03 00:00:00;2026-06-24 00:00:00;2026-07-10 00:00:00;01060;260703D01;RG85GS35153Y;RG85GS35153Y;TYC Đã luồn dây dẫn GS35153;TYC Đã luồn dây dẫn GS35153;;;GW;17041;16477;0;0;RG80GS35153Y;RG80GS35153Y;TYC Bán thành phẩm gia công GS35153;TYC Bán thành phẩm gia công GS35153;ZHAL;260601D01;17041;3002;231;0040
260703D01;000010069498;REL - Released;2026-07-03 00:00:00;2026-06-24 00:00:00;2026-07-10 00:00:00;01060;260703D01;RG85GS35153Y;RG85GS35153Y;TYC Đã luồn dây dẫn GS35153;TYC Đã luồn dây dẫn GS35153;;;GW;17041;16477;0;0;RG80GS35153Y;RG80GS35153Y;TYC Bán thành phẩm gia công GS35153;TYC Bán thành phẩm gia công GS35153;ZHAL;260703D01;0;3002;16246;0040
260703V;000010069499;TECO - Technically completed;2026-07-03 00:00:00;2026-06-24 00:00:00;2026-07-10 00:00:00;01065;260703V;RFGA35183M.E;RFGA35183M.E;Hộp đơn vị đã dán nhãn RF*GA35183M;Hộp đơn vị đã dán nhãn RF*GA35183M;;;GW;5509;5509;0;0;RG26M1301V;RG26M1301V;RG Peel label - 5 set;Nhãn túi đóng gói RG - 5set;ZROH;260423VJ;5509;3002;5525;0010
260703V;000010069499;TECO - Technically completed;2026-07-03 00:00:00;2026-06-24 00:00:00;2026-07-10 00:00:00;01065;260703V;RFGA35183M.E;RFGA35183M.E;Hộp đơn vị đã dán nhãn RF*GA35183M;Hộp đơn vị đã dán nhãn RF*GA35183M;;;GW;5509;5509;0;0;RG26M203V-01;RG26M203V-01;RG SIDE LABEL;Nhãn nắp RG;ZROH;260422VJ;5509;3002;5523;0020
260703V;000010069499;TECO - Technically completed;2026-07-03 00:00:00;2026-06-24 00:00:00;2026-07-10 00:00:00;01065;260703V;RFGA35183M.E;RFGA35183M.E;Hộp đơn vị đã dán nhãn RF*GA35183M;Hộp đơn vị đã dán nhãn RF*GA35183M;;;GW;5509;5509;0;0;RG36M1502V;RG36M1502V;RG M26 UNIT BOX;RG Hộp đơn vị M26;ZROH;250904;5509;3002;5509;0030
260703V;000010069500;TECO - Technically completed;2026-07-03 00:00:00;2026-06-24 00:00:00;2026-07-10 00:00:00;01065;260703V;RFGA35183M.F;RFGA35183M.F;Thùng xuất xưởng đã dán nhãn RF*GA35183M;Thùng xuất xưởng đã dán nhãn RF*GA35183M;;;GW;1102;1102;0;0;RG37X001V;RG37X001V;RG 25 SET SHIPPING BOX;RG Thùng xuất xưởng 25 set;ZROH;260220;1102;3002;1102;0010
260703V;000010069500;TECO - Technically completed;2026-07-03 00:00:00;2026-06-24 00:00:00;2026-07-10 00:00:00;01065;260703V;RFGA35183M.F;RFGA35183M.F;Thùng xuất xưởng đã dán nhãn RF*GA35183M;Thùng xuất xưởng đã dán nhãn RF*GA35183M;;;GW;1102;1102;0;0;RG37X001V;RG37X001V;RG 25 SET SHIPPING BOX;RG Thùng xuất xưởng 25 set;ZROH;260302;0;3002;1;0010
260703V;000010069500;TECO - Technically completed;2026-07-03 00:00:00;2026-06-24 00:00:00;2026-07-10 00:00:00;01065;260703V;RFGA35183M.F;RFGA35183M.F;Thùng xuất xưởng đã dán nhãn RF*GA35183M;Thùng xuất xưởng đã dán nhãn RF*GA35183M;;;GW;1102;1102;0;0;RG26X004V;RG26X004V;WHITE SHIPPING BOX LABEL;Nhãn trắng thùng xuất xưởng;ZROH;260402VA;1102;3002;1109;0020
260703V;000010069501;TECO - Technically completed;2026-07-03 00:00:00;2026-06-24 00:00:00;2026-07-10 00:00:00;01065;260703V;RFGA35183M.G;RFGA35183M.G;Nhãn TĐG đã in RF*GA35183M;Nhãn TĐG đã in RF*GA35183M;;;GW;27541;27561;0;0;RG26M1301V;RG26M1301V;RG Peel label - 5 set;Nhãn túi đóng gói RG - 5set;ZROH;260423VJ;27541;3002;23067;0010
260703V;000010069501;TECO - Technically completed;2026-07-03 00:00:00;2026-06-24 00:00:00;2026-07-10 00:00:00;01065;260703V;RFGA35183M.G;RFGA35183M.G;Nhãn TĐG đã in RF*GA35183M;Nhãn TĐG đã in RF*GA35183M;;;GW;27541;27561;0;0;RG26M1301V;RG26M1301V;RG Peel label - 5 set;Nhãn túi đóng gói RG - 5set;ZROH;260508VJ;0;3002;4564;0010
260703V;000010069502;REL - Released;2026-07-03 00:00:00;2026-06-24 00:00:00;2026-07-10 00:00:00;01065;260703V;RFGS35153M.E;RFGS35153M.E;Hộp đơn vị đã dán nhãn RF*GS35153M;Hộp đơn vị đã dán nhãn RF*GS35153M;;;GW;3409;3409;0;0;RG26M1301V;RG26M1301V;RG Peel label - 5 set;Nhãn túi đóng gói RG - 5set;ZROH;260423VJ;3409;3002;3423;0010
260703V;000010069502;REL - Released;2026-07-03 00:00:00;2026-06-24 00:00:00;2026-07-10 00:00:00;01065;260703V;RFGS35153M.E;RFGS35153M.E;Hộp đơn vị đã dán nhãn RF*GS35153M;Hộp đơn vị đã dán nhãn RF*GS35153M;;;GW;3409;3409;0;0;RG26M203V-01;RG26M203V-01;RG SIDE LABEL;Nhãn nắp RG;ZROH;260422VJ;3409;3002;3417;0020
260703V;000010069502;REL - Released;2026-07-03 00:00:00;2026-06-24 00:00:00;2026-07-10 00:00:00;01065;260703V;RFGS35153M.E;RFGS35153M.E;Hộp đơn vị đã dán nhãn RF*GS35153M;Hộp đơn vị đã dán nhãn RF*GS35153M;;;GW;3409;3409;0;0;RG36M1502V;RG36M1502V;RG M26 UNIT BOX;RG Hộp đơn vị M26;ZROH;250904;3409;3002;3409;0030
260703V;000010069503;REL - Released;2026-07-03 00:00:00;2026-06-24 00:00:00;2026-07-10 00:00:00;01065;260703V;RFGS35153M.F;RFGS35153M.F;Thùng xuất xưởng đã dán nhãn RF*GS35153M;Thùng xuất xưởng đã dán nhãn RF*GS35153M;;;GW;682;682;0;0;RG37X001V;RG37X001V;RG 25 SET SHIPPING BOX;RG Thùng xuất xưởng 25 set;ZROH;260220;682;3002;216;0010
260703V;000010069503;REL - Released;2026-07-03 00:00:00;2026-06-24 00:00:00;2026-07-10 00:00:00;01065;260703V;RFGS35153M.F;RFGS35153M.F;Thùng xuất xưởng đã dán nhãn RF*GS35153M;Thùng xuất xưởng đã dán nhãn RF*GS35153M;;;GW;682;682;0;0;RG37X001V;RG37X001V;RG 25 SET SHIPPING BOX;RG Thùng xuất xưởng 25 set;ZROH;260302;0;3002;466;0010
260703V;000010069503;REL - Released;2026-07-03 00:00:00;2026-06-24 00:00:00;2026-07-10 00:00:00;01065;260703V;RFGS35153M.F;RFGS35153M.F;Thùng xuất xưởng đã dán nhãn RF*GS35153M;Thùng xuất xưởng đã dán nhãn RF*GS35153M;;;GW;682;682;0;0;RG26X004V;RG26X004V;WHITE SHIPPING BOX LABEL;Nhãn trắng thùng xuất xưởng;ZROH;260402VA;682;3002;689;0020
260703V;000010069504;TECO - Technically completed;2026-07-03 00:00:00;2026-06-24 00:00:00;2026-07-10 00:00:00;01065;260703V;RFGS35153M.G;RFGS35153M.G;Nhãn TĐG đã in RF*GS35153M;Nhãn TĐG đã in RF*GS35153M;;;GW;17041;17053;0;0;RG26M1301V;RG26M1301V;RG Peel label - 5 set;Nhãn túi đóng gói RG - 5set;ZROH;260423VJ;17041;3002;10000;0010
260703V;000010069504;TECO - Technically completed;2026-07-03 00:00:00;2026-06-24 00:00:00;2026-07-10 00:00:00;01065;260703V;RFGS35153M.G;RFGS35153M.G;Nhãn TĐG đã in RF*GS35153M;Nhãn TĐG đã in RF*GS35153M;;;GW;17041;17053;0;0;RG26M1301V;RG26M1301V;RG Peel label - 5 set;Nhãn túi đóng gói RG - 5set;ZROH;260508VJ;0;3002;7096;0010
260703V;000010069505;REL - Released;2026-07-03 00:00:00;2026-06-24 00:00:00;2026-07-10 00:00:00;01075;260703V;RF/GA35183M_S;RF*GA35183M;Sản phẩm đóng gói RF*GA35183M;Sản phẩm đóng gói RF*GA35183M;;;GW;27541;27541;0;0;RG00X104V;RG00X104V;RFG HOLDER CLIP 4 GROOVES WHITE;Kẹp ống bọc ngoài 4 nhánh trắng RFG;ZROH;251222-2;82623;3002;34312;0010
260703V;000010069505;REL - Released;2026-07-03 00:00:00;2026-06-24 00:00:00;2026-07-10 00:00:00;01075;260703V;RF/GA35183M_S;RF*GA35183M;Sản phẩm đóng gói RF*GA35183M;Sản phẩm đóng gói RF*GA35183M;;;GW;27541;27541;0;0;RG00X104V;RG00X104V;RFG HOLDER CLIP 4 GROOVES WHITE;Kẹp ống bọc ngoài 4 nhánh trắng RFG;ZROH;251223-2;0;3002;48320;0010
260703V;000010069505;REL - Released;2026-07-03 00:00:00;2026-06-24 00:00:00;2026-07-10 00:00:00;01075;260703V;RF/GA35183M_S;RF*GA35183M;Sản phẩm đóng gói RF*GA35183M;Sản phẩm đóng gói RF*GA35183M;;;GW;27541;27541;0;0;RG85GA35183Y;RG85GA35183Y;TYC Đã luồn dây dẫn GA35183;TYC Đã luồn dây dẫn GA35183;ZHAL;260703D01;27541;3002;27541;0020
260703V;000010069505;REL - Released;2026-07-03 00:00:00;2026-06-24 00:00:00;2026-07-10 00:00:00;01075;260703V;RF/GA35183M_S;RF*GA35183M;Sản phẩm đóng gói RF*GA35183M;Sản phẩm đóng gói RF*GA35183M;;;GW;27541;27541;0;0;RG30M701NV;RG30M701NV;RG M26 PEEL BAG;Túi đóng gói RG M26;ZROH;250731T;0;3002;27;0030
260703V;000010069505;REL - Released;2026-07-03 00:00:00;2026-06-24 00:00:00;2026-07-10 00:00:00;01075;260703V;RF/GA35183M_S;RF*GA35183M;Sản phẩm đóng gói RF*GA35183M;Sản phẩm đóng gói RF*GA35183M;;;GW;27541;27541;0;0;RG30M701NV;RG30M701NV;RG M26 PEEL BAG;Túi đóng gói RG M26;ZROH;250730T;27541;3002;27541;0030
260703V;000010069505;REL - Released;2026-07-03 00:00:00;2026-06-24 00:00:00;2026-07-10 00:00:00;01075;260703V;RF/GA35183M_S;RF*GA35183M;Sản phẩm đóng gói RF*GA35183M;Sản phẩm đóng gói RF*GA35183M;;;GW;27541;27541;0;0;RFGA35183M.G;RFGA35183M.G;Nhãn TĐG đã in RF*GA35183M;Nhãn TĐG đã in RF*GA35183M;ZHAL;260703V;27541;3002;27561;0040
260703V;000010069505;REL - Released;2026-07-03 00:00:00;2026-06-24 00:00:00;2026-07-10 00:00:00;01075;260703V;RF/GA35183M_S;RF*GA35183M;Sản phẩm đóng gói RF*GA35183M;Sản phẩm đóng gói RF*GA35183M;;;GW;27541;27541;0;0;RFGA35183M.E;RFGA35183M.E;Hộp đơn vị đã dán nhãn RF*GA35183M;Hộp đơn vị đã dán nhãn RF*GA35183M;ZHAL;260703V;5509;3002;5509;0050
260703V;000010069505;REL - Released;2026-07-03 00:00:00;2026-06-24 00:00:00;2026-07-10 00:00:00;01075;260703V;RF/GA35183M_S;RF*GA35183M;Sản phẩm đóng gói RF*GA35183M;Sản phẩm đóng gói RF*GA35183M;;;GW;27541;27541;0;0;RG34M1501AV;RG34M1501AV;RG INSTRUCTION (M26);Hướng dẫn sử dụng RG (M26);ZROH;250725;5509;3002;5509;0060
260703V;000010069505;REL - Released;2026-07-03 00:00:00;2026-06-24 00:00:00;2026-07-10 00:00:00;01075;260703V;RF/GA35183M_S;RF*GA35183M;Sản phẩm đóng gói RF*GA35183M;Sản phẩm đóng gói RF*GA35183M;;;GW;27541;27541;0;0;RFGA35183M.F;RFGA35183M.F;Thùng xuất xưởng đã dán nhãn RF*GA35183M;Thùng xuất xưởng đã dán nhãn RF*GA35183M;ZHAL;260703V;1102;3002;1102;0070
260703V;000010069506;REL - Released;2026-07-03 00:00:00;2026-06-24 00:00:00;2026-07-10 00:00:00;01075;260703V;RF/GS35153M_S;RF*GS35153M;Sản phẩm đóng gói RF*GS35153M;Sản phẩm đóng gói RF*GS35153M;;;GW;17041;13900;0;0;RG00X101V;RG00X101V;RFG HOLDER CLIP WHITE;Kẹp ống bọc ngoài trắng RFG;ZROH;260226S;51123;3002;18833;0010
260703V;000010069506;REL - Released;2026-07-03 00:00:00;2026-06-24 00:00:00;2026-07-10 00:00:00;01075;260703V;RF/GS35153M_S;RF*GS35153M;Sản phẩm đóng gói RF*GS35153M;Sản phẩm đóng gói RF*GS35153M;;;GW;17041;13900;0;0;RG00X101V;RG00X101V;RFG HOLDER CLIP WHITE;Kẹp ống bọc ngoài trắng RFG;ZROH;260227S;0;3002;22867;0010
260703V;000010069506;REL - Released;2026-07-03 00:00:00;2026-06-24 00:00:00;2026-07-10 00:00:00;01075;260703V;RF/GS35153M_S;RF*GS35153M;Sản phẩm đóng gói RF*GS35153M;Sản phẩm đóng gói RF*GS35153M;;;GW;17041;13900;0;0;RG85GS35153Y;RG85GS35153Y;TYC Đã luồn dây dẫn GS35153;TYC Đã luồn dây dẫn GS35153;ZHAL;260703D01;17041;3002;13900;0020
260703V;000010069506;REL - Released;2026-07-03 00:00:00;2026-06-24 00:00:00;2026-07-10 00:00:00;01075;260703V;RF/GS35153M_S;RF*GS35153M;Sản phẩm đóng gói RF*GS35153M;Sản phẩm đóng gói RF*GS35153M;;;GW;17041;13900;0;0;RG30M701NV;RG30M701NV;RG M26 PEEL BAG;Túi đóng gói RG M26;ZROH;250730T;17041;3002;11064;0030
260703V;000010069506;REL - Released;2026-07-03 00:00:00;2026-06-24 00:00:00;2026-07-10 00:00:00;01075;260703V;RF/GS35153M_S;RF*GS35153M;Sản phẩm đóng gói RF*GS35153M;Sản phẩm đóng gói RF*GS35153M;;;GW;17041;13900;0;0;RG30M701NV;RG30M701NV;RG M26 PEEL BAG;Túi đóng gói RG M26;ZROH;250731T;0;3002;2843;0030
260703V;000010069506;REL - Released;2026-07-03 00:00:00;2026-06-24 00:00:00;2026-07-10 00:00:00;01075;260703V;RF/GS35153M_S;RF*GS35153M;Sản phẩm đóng gói RF*GS35153M;Sản phẩm đóng gói RF*GS35153M;;;GW;17041;13900;0;0;RFGS35153M.G;RFGS35153M.G;Nhãn TĐG đã in RF*GS35153M;Nhãn TĐG đã in RF*GS35153M;ZHAL;260703V;17041;3002;13900;0040
260703V;000010069506;REL - Released;2026-07-03 00:00:00;2026-06-24 00:00:00;2026-07-10 00:00:00;01075;260703V;RF/GS35153M_S;RF*GS35153M;Sản phẩm đóng gói RF*GS35153M;Sản phẩm đóng gói RF*GS35153M;;;GW;17041;13900;0;0;RFGS35153M.E;RFGS35153M.E;Hộp đơn vị đã dán nhãn RF*GS35153M;Hộp đơn vị đã dán nhãn RF*GS35153M;ZHAL;260703V;3409;3002;2780;0050
260703V;000010069506;REL - Released;2026-07-03 00:00:00;2026-06-24 00:00:00;2026-07-10 00:00:00;01075;260703V;RF/GS35153M_S;RF*GS35153M;Sản phẩm đóng gói RF*GS35153M;Sản phẩm đóng gói RF*GS35153M;;;GW;17041;13900;0;0;RG34M1501AV;RG34M1501AV;RG INSTRUCTION (M26);Hướng dẫn sử dụng RG (M26);ZROH;250725;3409;3002;2780;0060
260703V;000010069506;REL - Released;2026-07-03 00:00:00;2026-06-24 00:00:00;2026-07-10 00:00:00;01075;260703V;RF/GS35153M_S;RF*GS35153M;Sản phẩm đóng gói RF*GS35153M;Sản phẩm đóng gói RF*GS35153M;;;GW;17041;13900;0;0;RFGS35153M.F;RFGS35153M.F;Thùng xuất xưởng đã dán nhãn RF*GS35153M;Thùng xuất xưởng đã dán nhãn RF*GS35153M;ZHAL;260703V;682;3002;556;0070
260703E02;000010072086;TECO - Technically completed;2026-07-03 00:00:00;2026-06-24 00:00:00;2026-07-10 00:00:00;33040;260703E02;RC80H5JA0MK;RC80H5JA0MK;SP đã NKN H5M J 20MM;SP đã NKN H5M J 20MM;;;RFC;6960;6657;12;0;RC85GT5M;RC85GT5M;Sản phẩm đã kiểm tra RFC GF HT5M;Sản phẩm đã kiểm tra RFC GF HT5M;ZHAL;260505C01;6960;3004;6681;0010
260703E02;000010072086;TECO - Technically completed;2026-07-03 00:00:00;2026-06-24 00:00:00;2026-07-10 00:00:00;33040;260703E02;RC80H5JA0MK;RC80H5JA0MK;SP đã NKN H5M J 20MM;SP đã NKN H5M J 20MM;;;RFC;6960;6657;12;0;RC04X100V;RC04X100V;RF-HT SOFT TIP 5FR TVC;TIP MỀM RF-HT 5FR TVC;ZROH;FC25321D5;6960;3004;6679;0020
260703E01;000010072099;TECO - Technically completed;2026-07-03 00:00:00;2026-06-24 00:00:00;2026-07-10 00:00:00;33065;260703E01;RC00X351S0;RC00X351S0;Chuôi đã in RFC 5FrH100 cm;Chuôi đã in RFC 5FrH100 cm;;;RFC;20000;19966;34;0;RC00X351SV;RC00X351SV;RFC Wing Hub W5H TVC;Chuôi RFC W5H TVC;ZROH;260201;20000;3004;8798;0010
260703E01;000010072099;TECO - Technically completed;2026-07-03 00:00:00;2026-06-24 00:00:00;2026-07-10 00:00:00;33065;260703E01;RC00X351S0;RC00X351S0;Chuôi đã in RFC 5FrH100 cm;Chuôi đã in RFC 5FrH100 cm;;;RFC;20000;19966;34;0;RC00X351SV;RC00X351SV;RFC Wing Hub W5H TVC;Chuôi RFC W5H TVC;ZROH;260202;0;3004;11202;0010
260702E01;000010072107;TECO - Technically completed;2026-07-02 00:00:00;2026-06-24 00:00:00;2026-07-09 00:00:00;33015;260702E01;GL80G4M;GL80G4M;SP đã cắt GL 4M 180MM;SP đã cắt GL 4M 180MM;;;RFC;4300;3542;4;0;RC85GL4M;RC85GL4M;Sản phẩm đã kiểm tra;Sản phẩm đã kiểm tra;ZHAL;260623E01;4300;3004;3546;0010
260703E01;000010072209;TECO - Technically completed;2026-07-03 00:00:00;2026-06-24 00:00:00;2026-07-10 00:00:00;33010;260703E01;RC85UT4M;RC85UT4M;SP đã kiểm tra RFC UBE HT4M;SP đã kiểm tra RFC UBE HT4M;;;RFC;2396;2189;48;0;RC70HT4MV;RC70HT4MV;RFC HT 4FR M OUTER TVC;Ống RFC HT 4Fr M Outer TVC;ZROH;250918;2396;3004;2396;0010
260703E02;000010072214;TECO - Technically completed;2026-07-03 00:00:00;2026-06-24 00:00:00;2026-07-10 00:00:00;33040;260703E02;RC80H5JA0M;RC80H5JA0M;SP đã NKN H5M J 20MM;SP đã NKN H5M J 20MM;;;RFC;6960;6860;6;0;RC85UT5M;RC85UT5M;SP đã kiểm tra RFC UBE HT5M;SP đã kiểm tra RFC UBE HT5M;ZHAL;260518E01;6960;3004;6878;0010
260703E02;000010072214;TECO - Technically completed;2026-07-03 00:00:00;2026-06-24 00:00:00;2026-07-10 00:00:00;33040;260703E02;RC80H5JA0M;RC80H5JA0M;SP đã NKN H5M J 20MM;SP đã NKN H5M J 20MM;;;RFC;6960;6860;6;0;RC04X100V;RC04X100V;RF-HT SOFT TIP 5FR TVC;TIP MỀM RF-HT 5FR TVC;ZROH;FC25321D5;6960;3004;6874;0020
260703V;000010072246;TECO - Technically completed;2026-07-03 00:00:00;2026-06-24 00:00:00;2026-07-10 00:00:00;33082;260703V;RH/5CL3500M_S;RH*5CL3500M;Optitorque RH*5CL3500M;Optitorque RH*5CL3500M;;;RFC;6827;6827;0;0;RC26E1233V-1;RC26E1233V-1;RFC HT BAG-UNIT BOX LABEL EXPORT TVC;Nhãn túi-HĐV RFC HT xuất khẩu TVC;ZROH;260527VJ;8193;3004;8254;0010
260703V;000010072246;TECO - Technically completed;2026-07-03 00:00:00;2026-06-24 00:00:00;2026-07-10 00:00:00;33082;260703V;RH/5CL3500M_S;RH*5CL3500M;Optitorque RH*5CL3500M;Optitorque RH*5CL3500M;;;RFC;6827;6827;0;0;RC26E211V-01;RC26E211V-01;RFC HT SIDE LABEL EXPORT TVC;Nhãn nắp RFC HT xuất khẩu TVC;ZROH;260505VJ;1366;3004;1375;0020
260703V;000010072246;TECO - Technically completed;2026-07-03 00:00:00;2026-06-24 00:00:00;2026-07-10 00:00:00;33082;260703V;RH/5CL3500M_S;RH*5CL3500M;Optitorque RH*5CL3500M;Optitorque RH*5CL3500M;;;RFC;6827;6827;0;0;RC26E1242V-1;RC26E1242V-1;RFC HT SHIPPING BOX LABEL EXPORT TVC;Nhãn TXX RFC HT xuất khẩu TVC;ZROH;260526VJ;547;3004;558;0030
260703V;000010072246;TECO - Technically completed;2026-07-03 00:00:00;2026-06-24 00:00:00;2026-07-10 00:00:00;33082;260703V;RH/5CL3500M_S;RH*5CL3500M;Optitorque RH*5CL3500M;Optitorque RH*5CL3500M;;;RFC;6827;6827;0;0;RHE5CL3500;RHE5CL3500;SP đã lắp ráp RH5CL3500;SP đã lắp ráp RH5CL3500;ZHAL;260701E01;6827;3004;111;0040
260703V;000010072246;TECO - Technically completed;2026-07-03 00:00:00;2026-06-24 00:00:00;2026-07-10 00:00:00;33082;260703V;RH/5CL3500M_S;RH*5CL3500M;Optitorque RH*5CL3500M;Optitorque RH*5CL3500M;;;RFC;6827;6827;0;0;RHE5CL3500;RHE5CL3500;SP đã lắp ráp RH5CL3500;SP đã lắp ráp RH5CL3500;ZHAL;260702E01;0;3004;6716;0040
260703V;000010072246;TECO - Technically completed;2026-07-03 00:00:00;2026-06-24 00:00:00;2026-07-10 00:00:00;33082;260703V;RH/5CL3500M_S;RH*5CL3500M;Optitorque RH*5CL3500M;Optitorque RH*5CL3500M;;;RFC;6827;6827;0;0;RC30X702V;RC30X702V;RFC PEEL BAG B TVC;TÚI ĐÓNG GÓI RFC B TVC;ZROH;250826DS;6827;3004;6833;0050
260703V;000010072246;TECO - Technically completed;2026-07-03 00:00:00;2026-06-24 00:00:00;2026-07-10 00:00:00;33082;260703V;RH/5CL3500M_S;RH*5CL3500M;Optitorque RH*5CL3500M;Optitorque RH*5CL3500M;;;RFC;6827;6827;0;0;RC30X702V;RC30X702V;RFC PEEL BAG B TVC;TÚI ĐÓNG GÓI RFC B TVC;ZROH;250919DS;0;3004;2;0050
260703V;000010072246;TECO - Technically completed;2026-07-03 00:00:00;2026-06-24 00:00:00;2026-07-10 00:00:00;33082;260703V;RH/5CL3500M_S;RH*5CL3500M;Optitorque RH*5CL3500M;Optitorque RH*5CL3500M;;;RFC;6827;6827;0;0;RC32X302V;RC32X302V;RFC PAPER BOARD B TVC;BÌA ĐỠ RFC B TVC;ZROH;260209P;6827;3004;6849;0060
260703V;000010072246;TECO - Technically completed;2026-07-03 00:00:00;2026-06-24 00:00:00;2026-07-10 00:00:00;33082;260703V;RH/5CL3500M_S;RH*5CL3500M;Optitorque RH*5CL3500M;Optitorque RH*5CL3500M;;;RFC;6827;6827;0;0;RC20X3174V;RC20X3174V;RFC TIP COVER 31x74;RFC TÚI NHỎ 31x74;ZROH;260410;6827;3004;6829;0070
260703V;000010072246;TECO - Technically completed;2026-07-03 00:00:00;2026-06-24 00:00:00;2026-07-10 00:00:00;33082;260703V;RH/5CL3500M_S;RH*5CL3500M;Optitorque RH*5CL3500M;Optitorque RH*5CL3500M;;;RFC;6827;6827;0;0;RC34E1401V-2;RC34E1401V-2;RFC HT INSTRUCTION MANUAL TVC;HƯỚNG DẪN SỬ DỤNG RFC HT TVC;ZROH;20260423;1366;3004;1366;0080
260703V;000010072246;TECO - Technically completed;2026-07-03 00:00:00;2026-06-24 00:00:00;2026-07-10 00:00:00;33082;260703V;RH/5CL3500M_S;RH*5CL3500M;Optitorque RH*5CL3500M;Optitorque RH*5CL3500M;;;RFC;6827;6827;0;0;RC36X7021V-1;RC36X7021V-1;RFC UNIT BOX B1 TVC;Hộp đơn vị RFC B1 TVC;ZROH;260416-1;1366;3004;1366;0090
260703V;000010072246;TECO - Technically completed;2026-07-03 00:00:00;2026-06-24 00:00:00;2026-07-10 00:00:00;33082;260703V;RH/5CL3500M_S;RH*5CL3500M;Optitorque RH*5CL3500M;Optitorque RH*5CL3500M;;;RFC;6827;6827;0;0;RC37X1021V;RC37X1021V;RFC SHIPPING BOX B1 TVC;Thùng xuất xưởng RFC B1 TVC;ZROH;260415-1;274;3004;277;0100
T260702005;000010073928;TECO - Technically completed;2026-07-02 00:00:00;2026-06-25 00:00:00;2026-07-09 00:00:00;3008;T260702005;28-33-0651-31;28-33-0651-31;Leg Sewn Graft Components;L2 - 15.3mmx13mm 160mm;C;;EVS;1;1;0;0;28-22-1144-03;28-22-1144-03;15MMx 13MM Leg Graft;ỐNG VẢI CHÂN 15MMX 13MM;ZROH;T00607798;1;3008;1;0010
T260702005;000010073928;TECO - Technically completed;2026-07-02 00:00:00;2026-06-25 00:00:00;2026-07-09 00:00:00;3008;T260702005;28-33-0651-31;28-33-0651-31;Leg Sewn Graft Components;L2 - 15.3mmx13mm 160mm;C;;EVS;1;1;0;0;28-22-1117;28-22-1117;15.3MM Proxi Leg stent;VÒNG CHÂN ĐẦU GẦN 15,3MM;ZROH;T00213581;1;3008;1;0020
T260702005;000010073928;TECO - Technically completed;2026-07-02 00:00:00;2026-06-25 00:00:00;2026-07-09 00:00:00;3008;T260702005;28-33-0651-31;28-33-0651-31;Leg Sewn Graft Components;L2 - 15.3mmx13mm 160mm;C;;EVS;1;1;0;0;28-22-0994-04;28-22-0994-04;AAA 14MM Leg stent;VÒNG CHÂN 14MM AAA;ZROH;T00091492;3;3008;3;0030
T260702005;000010073928;TECO - Technically completed;2026-07-02 00:00:00;2026-06-25 00:00:00;2026-07-09 00:00:00;3008;T260702005;28-33-0651-31;28-33-0651-31;Leg Sewn Graft Components;L2 - 15.3mmx13mm 160mm;C;;EVS;1;1;0;0;28-22-0994-03;28-22-0994-03;AAA 12MM Leg stent;VÒNG CHÂN 12MM AAA;ZROH;T00460172;12;3008;12;0040
T260702005;000010073928;TECO - Technically completed;2026-07-02 00:00:00;2026-06-25 00:00:00;2026-07-09 00:00:00;3008;T260702005;28-33-0651-31;28-33-0651-31;Leg Sewn Graft Components;L2 - 15.3mmx13mm 160mm;C;;EVS;1;1;0;0;28-22-0917;28-22-0917;Tube Marker Band;ỐNG ĐÁNH DẤU;ZROH;T00734504;10;3008;10;0050
T260702005;000010073928;TECO - Technically completed;2026-07-02 00:00:00;2026-06-25 00:00:00;2026-07-09 00:00:00;3008;T260702005;28-33-0651-31;28-33-0651-31;Leg Sewn Graft Components;L2 - 15.3mmx13mm 160mm;C;;EVS;1;1;0;0;28-22-0315;28-22-0315;5-0 Polyester Suture;CHỈ KHÂU POLYESTER 5-0;ZROH;T00044887;16;3008;16;0060
T260702005;000010073928;TECO - Technically completed;2026-07-02 00:00:00;2026-06-25 00:00:00;2026-07-09 00:00:00;3008;T260702005;28-33-0651-31;28-33-0651-31;Leg Sewn Graft Components;L2 - 15.3mmx13mm 160mm;C;;EVS;1;1;0;0;TF25X500V;TF25X500V;Peel Pouch 135x310 mm;TÚI ĐÓNG GÓI 135x310;ZROH;250425;1;3008;1;0070
T260702005;000010073928;TECO - Technically completed;2026-07-02 00:00:00;2026-06-25 00:00:00;2026-07-09 00:00:00;3008;T260702005;28-33-0651-31;28-33-0651-31;Leg Sewn Graft Components;L2 - 15.3mmx13mm 160mm;C;;EVS;1;1;0;0;TS63X004V;TS63X004V;Peel Pouch 115 X 240 mm;Túi đóng gói trơn 115 x 240 mm;ZROH;260121;1;3008;1;0080
T260703002;000010073938;TECO - Technically completed;2026-07-03 00:00:00;2026-06-25 00:00:00;2026-07-10 00:00:00;3008;T260703002;28-33-0651-30;28-33-0651-30;Leg Sewn Graft Components;L2 - 15.3mmx11mm 160mm;C;;EVS;1;1;0;0;28-22-1144-02;28-22-1144-02;15MM X 11MM Leg Graft;ỐNG VẢI CHÂN 15MM X 11MM;ZROH;T00645208;1;3008;1;0010
T260703002;000010073938;TECO - Technically completed;2026-07-03 00:00:00;2026-06-25 00:00:00;2026-07-10 00:00:00;3008;T260703002;28-33-0651-30;28-33-0651-30;Leg Sewn Graft Components;L2 - 15.3mmx11mm 160mm;C;;EVS;1;1;0;0;28-22-1117;28-22-1117;15.3MM Proxi Leg stent;VÒNG CHÂN ĐẦU GẦN 15,3MM;ZROH;T00213581;1;3008;1;0020
T260703002;000010073938;TECO - Technically completed;2026-07-03 00:00:00;2026-06-25 00:00:00;2026-07-10 00:00:00;3008;T260703002;28-33-0651-30;28-33-0651-30;Leg Sewn Graft Components;L2 - 15.3mmx11mm 160mm;C;;EVS;1;1;0;0;28-22-0994-04;28-22-0994-04;AAA 14MM Leg stent;VÒNG CHÂN 14MM AAA;ZROH;T00091492;3;3008;3;0030
T260703002;000010073938;TECO - Technically completed;2026-07-03 00:00:00;2026-06-25 00:00:00;2026-07-10 00:00:00;3008;T260703002;28-33-0651-30;28-33-0651-30;Leg Sewn Graft Components;L2 - 15.3mmx11mm 160mm;C;;EVS;1;1;0;0;28-22-0994-02;28-22-0994-02;AAA 10MM Leg stent;VÒNG CHÂN 10MM AAA;ZROH;T00574525;2;3008;2;0040
T260703002;000010073938;TECO - Technically completed;2026-07-03 00:00:00;2026-06-25 00:00:00;2026-07-10 00:00:00;3008;T260703002;28-33-0651-30;28-33-0651-30;Leg Sewn Graft Components;L2 - 15.3mmx11mm 160mm;C;;EVS;1;1;0;0;28-22-0994-02;28-22-0994-02;AAA 10MM Leg stent;VÒNG CHÂN 10MM AAA;ZROH;T00573886;10;3008;10;0040
T260703002;000010073938;TECO - Technically completed;2026-07-03 00:00:00;2026-06-25 00:00:00;2026-07-10 00:00:00;3008;T260703002;28-33-0651-30;28-33-0651-30;Leg Sewn Graft Components;L2 - 15.3mmx11mm 160mm;C;;EVS;1;1;0;0;28-22-0917;28-22-0917;Tube Marker Band;ỐNG ĐÁNH DẤU;ZROH;T00734504;10;3008;10;0050
T260703002;000010073938;TECO - Technically completed;2026-07-03 00:00:00;2026-06-25 00:00:00;2026-07-10 00:00:00;3008;T260703002;28-33-0651-30;28-33-0651-30;Leg Sewn Graft Components;L2 - 15.3mmx11mm 160mm;C;;EVS;1;1;0;0;28-22-0315;28-22-0315;5-0 Polyester Suture;CHỈ KHÂU POLYESTER 5-0;ZROH;T00044887;16;3008;16;0060
T260703002;000010073938;TECO - Technically completed;2026-07-03 00:00:00;2026-06-25 00:00:00;2026-07-10 00:00:00;3008;T260703002;28-33-0651-30;28-33-0651-30;Leg Sewn Graft Components;L2 - 15.3mmx11mm 160mm;C;;EVS;1;1;0;0;TF25X500V;TF25X500V;Peel Pouch 135x310 mm;TÚI ĐÓNG GÓI 135x310;ZROH;250425;1;3008;1;0070
T260703002;000010073938;TECO - Technically completed;2026-07-03 00:00:00;2026-06-25 00:00:00;2026-07-10 00:00:00;3008;T260703002;28-33-0651-30;28-33-0651-30;Leg Sewn Graft Components;L2 - 15.3mmx11mm 160mm;C;;EVS;1;1;0;0;TS63X004V;TS63X004V;Peel Pouch 115 X 240 mm;Túi đóng gói trơn 115 x 240 mm;ZROH;260121;1;3008;1;0080
T260703004;000010073940;TECO - Technically completed;2026-07-03 00:00:00;2026-06-25 00:00:00;2026-07-10 00:00:00;3008;T260703004;28-33-0651-30;28-33-0651-30;Leg Sewn Graft Components;L2 - 15.3mmx11mm 160mm;C;;EVS;1;1;0;0;28-22-1144-02;28-22-1144-02;15MM X 11MM Leg Graft;ỐNG VẢI CHÂN 15MM X 11MM;ZROH;T00645208;1;3008;1;0010
T260703004;000010073940;TECO - Technically completed;2026-07-03 00:00:00;2026-06-25 00:00:00;2026-07-10 00:00:00;3008;T260703004;28-33-0651-30;28-33-0651-30;Leg Sewn Graft Components;L2 - 15.3mmx11mm 160mm;C;;EVS;1;1;0;0;28-22-1117;28-22-1117;15.3MM Proxi Leg stent;VÒNG CHÂN ĐẦU GẦN 15,3MM;ZROH;T00213581;1;3008;1;0020
T260703004;000010073940;TECO - Technically completed;2026-07-03 00:00:00;2026-06-25 00:00:00;2026-07-10 00:00:00;3008;T260703004;28-33-0651-30;28-33-0651-30;Leg Sewn Graft Components;L2 - 15.3mmx11mm 160mm;C;;EVS;1;1;0;0;28-22-0994-04;28-22-0994-04;AAA 14MM Leg stent;VÒNG CHÂN 14MM AAA;ZROH;T00091492;3;3008;3;0030
T260703004;000010073940;TECO - Technically completed;2026-07-03 00:00:00;2026-06-25 00:00:00;2026-07-10 00:00:00;3008;T260703004;28-33-0651-30;28-33-0651-30;Leg Sewn Graft Components;L2 - 15.3mmx11mm 160mm;C;;EVS;1;1;0;0;28-22-0994-02;28-22-0994-02;AAA 10MM Leg stent;VÒNG CHÂN 10MM AAA;ZROH;T00574525;12;3008;12;0040
T260703004;000010073940;TECO - Technically completed;2026-07-03 00:00:00;2026-06-25 00:00:00;2026-07-10 00:00:00;3008;T260703004;28-33-0651-30;28-33-0651-30;Leg Sewn Graft Components;L2 - 15.3mmx11mm 160mm;C;;EVS;1;1;0;0;28-22-0917;28-22-0917;Tube Marker Band;ỐNG ĐÁNH DẤU;ZROH;T00734504;10;3008;10;0050
T260703004;000010073940;TECO - Technically completed;2026-07-03 00:00:00;2026-06-25 00:00:00;2026-07-10 00:00:00;3008;T260703004;28-33-0651-30;28-33-0651-30;Leg Sewn Graft Components;L2 - 15.3mmx11mm 160mm;C;;EVS;1;1;0;0;28-22-0315;28-22-0315;5-0 Polyester Suture;CHỈ KHÂU POLYESTER 5-0;ZROH;T00044887;9;3008;9;0060
T260703004;000010073940;TECO - Technically completed;2026-07-03 00:00:00;2026-06-25 00:00:00;2026-07-10 00:00:00;3008;T260703004;28-33-0651-30;28-33-0651-30;Leg Sewn Graft Components;L2 - 15.3mmx11mm 160mm;C;;EVS;1;1;0;0;28-22-0315;28-22-0315;5-0 Polyester Suture;CHỈ KHÂU POLYESTER 5-0;ZROH;T00044889;7;3008;7;0060
T260703004;000010073940;TECO - Technically completed;2026-07-03 00:00:00;2026-06-25 00:00:00;2026-07-10 00:00:00;3008;T260703004;28-33-0651-30;28-33-0651-30;Leg Sewn Graft Components;L2 - 15.3mmx11mm 160mm;C;;EVS;1;1;0;0;TF25X500V;TF25X500V;Peel Pouch 135x310 mm;TÚI ĐÓNG GÓI 135x310;ZROH;250425;1;3008;1;0070
T260703004;000010073940;TECO - Technically completed;2026-07-03 00:00:00;2026-06-25 00:00:00;2026-07-10 00:00:00;3008;T260703004;28-33-0651-30;28-33-0651-30;Leg Sewn Graft Components;L2 - 15.3mmx11mm 160mm;C;;EVS;1;1;0;0;TS63X004V;TS63X004V;Peel Pouch 115 X 240 mm;Túi đóng gói trơn 115 x 240 mm;ZROH;260121;1;3008;1;0080
T260703005;000010073941;TECO - Technically completed;2026-07-03 00:00:00;2026-06-25 00:00:00;2026-07-10 00:00:00;3008;T260703005;28-33-0651-30;28-33-0651-30;Leg Sewn Graft Components;L2 - 15.3mmx11mm 160mm;C;;EVS;1;1;0;0;28-22-1144-02;28-22-1144-02;15MM X 11MM Leg Graft;ỐNG VẢI CHÂN 15MM X 11MM;ZROH;T00645208;1;3008;1;0010
T260703005;000010073941;TECO - Technically completed;2026-07-03 00:00:00;2026-06-25 00:00:00;2026-07-10 00:00:00;3008;T260703005;28-33-0651-30;28-33-0651-30;Leg Sewn Graft Components;L2 - 15.3mmx11mm 160mm;C;;EVS;1;1;0;0;28-22-1117;28-22-1117;15.3MM Proxi Leg stent;VÒNG CHÂN ĐẦU GẦN 15,3MM;ZROH;T00213581;1;3008;1;0020
T260703005;000010073941;TECO - Technically completed;2026-07-03 00:00:00;2026-06-25 00:00:00;2026-07-10 00:00:00;3008;T260703005;28-33-0651-30;28-33-0651-30;Leg Sewn Graft Components;L2 - 15.3mmx11mm 160mm;C;;EVS;1;1;0;0;28-22-0994-04;28-22-0994-04;AAA 14MM Leg stent;VÒNG CHÂN 14MM AAA;ZROH;T00091492;3;3008;3;0030
T260703005;000010073941;TECO - Technically completed;2026-07-03 00:00:00;2026-06-25 00:00:00;2026-07-10 00:00:00;3008;T260703005;28-33-0651-30;28-33-0651-30;Leg Sewn Graft Components;L2 - 15.3mmx11mm 160mm;C;;EVS;1;1;0;0;28-22-0994-02;28-22-0994-02;AAA 10MM Leg stent;VÒNG CHÂN 10MM AAA;ZROH;T00574525;12;3008;12;0040
T260703005;000010073941;TECO - Technically completed;2026-07-03 00:00:00;2026-06-25 00:00:00;2026-07-10 00:00:00;3008;T260703005;28-33-0651-30;28-33-0651-30;Leg Sewn Graft Components;L2 - 15.3mmx11mm 160mm;C;;EVS;1;1;0;0;28-22-0917;28-22-0917;Tube Marker Band;ỐNG ĐÁNH DẤU;ZROH;T00734504;10;3008;10;0050
T260703005;000010073941;TECO - Technically completed;2026-07-03 00:00:00;2026-06-25 00:00:00;2026-07-10 00:00:00;3008;T260703005;28-33-0651-30;28-33-0651-30;Leg Sewn Graft Components;L2 - 15.3mmx11mm 160mm;C;;EVS;1;1;0;0;28-22-0315;28-22-0315;5-0 Polyester Suture;CHỈ KHÂU POLYESTER 5-0;ZROH;T00044889;16;3008;16;0060
T260703005;000010073941;TECO - Technically completed;2026-07-03 00:00:00;2026-06-25 00:00:00;2026-07-10 00:00:00;3008;T260703005;28-33-0651-30;28-33-0651-30;Leg Sewn Graft Components;L2 - 15.3mmx11mm 160mm;C;;EVS;1;1;0;0;TF25X500V;TF25X500V;Peel Pouch 135x310 mm;TÚI ĐÓNG GÓI 135x310;ZROH;250425;1;3008;1;0070
T260703005;000010073941;TECO - Technically completed;2026-07-03 00:00:00;2026-06-25 00:00:00;2026-07-10 00:00:00;3008;T260703005;28-33-0651-30;28-33-0651-30;Leg Sewn Graft Components;L2 - 15.3mmx11mm 160mm;C;;EVS;1;1;0;0;TS63X004V;TS63X004V;Peel Pouch 115 X 240 mm;Túi đóng gói trơn 115 x 240 mm;ZROH;260121;1;3008;1;0080
T260703006;000010073942;TECO - Technically completed;2026-07-03 00:00:00;2026-06-25 00:00:00;2026-07-10 00:00:00;3008;T260703006;28-33-0651-30;28-33-0651-30;Leg Sewn Graft Components;L2 - 15.3mmx11mm 160mm;C;;EVS;1;1;0;0;28-22-1144-02;28-22-1144-02;15MM X 11MM Leg Graft;ỐNG VẢI CHÂN 15MM X 11MM;ZROH;T00645208;1;3008;1;0010
T260703006;000010073942;TECO - Technically completed;2026-07-03 00:00:00;2026-06-25 00:00:00;2026-07-10 00:00:00;3008;T260703006;28-33-0651-30;28-33-0651-30;Leg Sewn Graft Components;L2 - 15.3mmx11mm 160mm;C;;EVS;1;1;0;0;28-22-1117;28-22-1117;15.3MM Proxi Leg stent;VÒNG CHÂN ĐẦU GẦN 15,3MM;ZROH;T00213581;1;3008;1;0020
T260703006;000010073942;TECO - Technically completed;2026-07-03 00:00:00;2026-06-25 00:00:00;2026-07-10 00:00:00;3008;T260703006;28-33-0651-30;28-33-0651-30;Leg Sewn Graft Components;L2 - 15.3mmx11mm 160mm;C;;EVS;1;1;0;0;28-22-0994-04;28-22-0994-04;AAA 14MM Leg stent;VÒNG CHÂN 14MM AAA;ZROH;T00091492;3;3008;3;0030
T260703006;000010073942;TECO - Technically completed;2026-07-03 00:00:00;2026-06-25 00:00:00;2026-07-10 00:00:00;3008;T260703006;28-33-0651-30;28-33-0651-30;Leg Sewn Graft Components;L2 - 15.3mmx11mm 160mm;C;;EVS;1;1;0;0;28-22-0994-02;28-22-0994-02;AAA 10MM Leg stent;VÒNG CHÂN 10MM AAA;ZROH;T00574525;12;3008;12;0040
T260703006;000010073942;TECO - Technically completed;2026-07-03 00:00:00;2026-06-25 00:00:00;2026-07-10 00:00:00;3008;T260703006;28-33-0651-30;28-33-0651-30;Leg Sewn Graft Components;L2 - 15.3mmx11mm 160mm;C;;EVS;1;1;0;0;28-22-0917;28-22-0917;Tube Marker Band;ỐNG ĐÁNH DẤU;ZROH;T00734504;10;3008;10;0050
T260703006;000010073942;TECO - Technically completed;2026-07-03 00:00:00;2026-06-25 00:00:00;2026-07-10 00:00:00;3008;T260703006;28-33-0651-30;28-33-0651-30;Leg Sewn Graft Components;L2 - 15.3mmx11mm 160mm;C;;EVS;1;1;0;0;28-22-0315;28-22-0315;5-0 Polyester Suture;CHỈ KHÂU POLYESTER 5-0;ZROH;T00044889;16;3008;16;0060
T260703006;000010073942;TECO - Technically completed;2026-07-03 00:00:00;2026-06-25 00:00:00;2026-07-10 00:00:00;3008;T260703006;28-33-0651-30;28-33-0651-30;Leg Sewn Graft Components;L2 - 15.3mmx11mm 160mm;C;;EVS;1;1;0;0;TF25X500V;TF25X500V;Peel Pouch 135x310 mm;TÚI ĐÓNG GÓI 135x310;ZROH;250425;1;3008;1;0070
T260703006;000010073942;TECO - Technically completed;2026-07-03 00:00:00;2026-06-25 00:00:00;2026-07-10 00:00:00;3008;T260703006;28-33-0651-30;28-33-0651-30;Leg Sewn Graft Components;L2 - 15.3mmx11mm 160mm;C;;EVS;1;1;0;0;TS63X004V;TS63X004V;Peel Pouch 115 X 240 mm;Túi đóng gói trơn 115 x 240 mm;ZROH;260121;1;3008;1;0080
T260703007;000010073943;TECO - Technically completed;2026-07-03 00:00:00;2026-06-25 00:00:00;2026-07-10 00:00:00;3008;T260703007;28-33-0651-30;28-33-0651-30;Leg Sewn Graft Components;L2 - 15.3mmx11mm 160mm;C;;EVS;1;1;0;0;28-22-1144-02;28-22-1144-02;15MM X 11MM Leg Graft;ỐNG VẢI CHÂN 15MM X 11MM;ZROH;T00645208;1;3008;1;0010
T260703007;000010073943;TECO - Technically completed;2026-07-03 00:00:00;2026-06-25 00:00:00;2026-07-10 00:00:00;3008;T260703007;28-33-0651-30;28-33-0651-30;Leg Sewn Graft Components;L2 - 15.3mmx11mm 160mm;C;;EVS;1;1;0;0;28-22-1117;28-22-1117;15.3MM Proxi Leg stent;VÒNG CHÂN ĐẦU GẦN 15,3MM;ZROH;T00213581;1;3008;1;0020
T260703007;000010073943;TECO - Technically completed;2026-07-03 00:00:00;2026-06-25 00:00:00;2026-07-10 00:00:00;3008;T260703007;28-33-0651-30;28-33-0651-30;Leg Sewn Graft Components;L2 - 15.3mmx11mm 160mm;C;;EVS;1;1;0;0;28-22-0994-04;28-22-0994-04;AAA 14MM Leg stent;VÒNG CHÂN 14MM AAA;ZROH;T00091492;3;3008;3;0030
T260703007;000010073943;TECO - Technically completed;2026-07-03 00:00:00;2026-06-25 00:00:00;2026-07-10 00:00:00;3008;T260703007;28-33-0651-30;28-33-0651-30;Leg Sewn Graft Components;L2 - 15.3mmx11mm 160mm;C;;EVS;1;1;0;0;28-22-0994-02;28-22-0994-02;AAA 10MM Leg stent;VÒNG CHÂN 10MM AAA;ZROH;T00574525;12;3008;12;0040
T260703007;000010073943;TECO - Technically completed;2026-07-03 00:00:00;2026-06-25 00:00:00;2026-07-10 00:00:00;3008;T260703007;28-33-0651-30;28-33-0651-30;Leg Sewn Graft Components;L2 - 15.3mmx11mm 160mm;C;;EVS;1;1;0;0;28-22-0917;28-22-0917;Tube Marker Band;ỐNG ĐÁNH DẤU;ZROH;T00734504;10;3008;10;0050
T260703007;000010073943;TECO - Technically completed;2026-07-03 00:00:00;2026-06-25 00:00:00;2026-07-10 00:00:00;3008;T260703007;28-33-0651-30;28-33-0651-30;Leg Sewn Graft Components;L2 - 15.3mmx11mm 160mm;C;;EVS;1;1;0;0;28-22-0315;28-22-0315;5-0 Polyester Suture;CHỈ KHÂU POLYESTER 5-0;ZROH;T00044889;16;3008;16;0060
T260703007;000010073943;TECO - Technically completed;2026-07-03 00:00:00;2026-06-25 00:00:00;2026-07-10 00:00:00;3008;T260703007;28-33-0651-30;28-33-0651-30;Leg Sewn Graft Components;L2 - 15.3mmx11mm 160mm;C;;EVS;1;1;0;0;TF25X500V;TF25X500V;Peel Pouch 135x310 mm;TÚI ĐÓNG GÓI 135x310;ZROH;250425;1;3008;1;0070
T260703007;000010073943;TECO - Technically completed;2026-07-03 00:00:00;2026-06-25 00:00:00;2026-07-10 00:00:00;3008;T260703007;28-33-0651-30;28-33-0651-30;Leg Sewn Graft Components;L2 - 15.3mmx11mm 160mm;C;;EVS;1;1;0;0;TS63X004V;TS63X004V;Peel Pouch 115 X 240 mm;Túi đóng gói trơn 115 x 240 mm;ZROH;260121;1;3008;1;0080
T260703008;000010073944;TECO - Technically completed;2026-07-03 00:00:00;2026-06-25 00:00:00;2026-07-10 00:00:00;3008;T260703008;28-33-0651-30;28-33-0651-30;Leg Sewn Graft Components;L2 - 15.3mmx11mm 160mm;C;;EVS;1;1;0;0;28-22-1144-02;28-22-1144-02;15MM X 11MM Leg Graft;ỐNG VẢI CHÂN 15MM X 11MM;ZROH;T00645208;1;3008;1;0010
T260703008;000010073944;TECO - Technically completed;2026-07-03 00:00:00;2026-06-25 00:00:00;2026-07-10 00:00:00;3008;T260703008;28-33-0651-30;28-33-0651-30;Leg Sewn Graft Components;L2 - 15.3mmx11mm 160mm;C;;EVS;1;1;0;0;28-22-1117;28-22-1117;15.3MM Proxi Leg stent;VÒNG CHÂN ĐẦU GẦN 15,3MM;ZROH;T00213581;1;3008;1;0020
T260703008;000010073944;TECO - Technically completed;2026-07-03 00:00:00;2026-06-25 00:00:00;2026-07-10 00:00:00;3008;T260703008;28-33-0651-30;28-33-0651-30;Leg Sewn Graft Components;L2 - 15.3mmx11mm 160mm;C;;EVS;1;1;0;0;28-22-0994-04;28-22-0994-04;AAA 14MM Leg stent;VÒNG CHÂN 14MM AAA;ZROH;T00091492;3;3008;3;0030
T260703008;000010073944;TECO - Technically completed;2026-07-03 00:00:00;2026-06-25 00:00:00;2026-07-10 00:00:00;3008;T260703008;28-33-0651-30;28-33-0651-30;Leg Sewn Graft Components;L2 - 15.3mmx11mm 160mm;C;;EVS;1;1;0;0;28-22-0994-02;28-22-0994-02;AAA 10MM Leg stent;VÒNG CHÂN 10MM AAA;ZROH;T00574734;10;3008;10;0040
T260703008;000010073944;TECO - Technically completed;2026-07-03 00:00:00;2026-06-25 00:00:00;2026-07-10 00:00:00;3008;T260703008;28-33-0651-30;28-33-0651-30;Leg Sewn Graft Components;L2 - 15.3mmx11mm 160mm;C;;EVS;1;1;0;0;28-22-0994-02;28-22-0994-02;AAA 10MM Leg stent;VÒNG CHÂN 10MM AAA;ZROH;T00574525;2;3008;2;0040
T260703008;000010073944;TECO - Technically completed;2026-07-03 00:00:00;2026-06-25 00:00:00;2026-07-10 00:00:00;3008;T260703008;28-33-0651-30;28-33-0651-30;Leg Sewn Graft Components;L2 - 15.3mmx11mm 160mm;C;;EVS;1;1;0;0;28-22-0917;28-22-0917;Tube Marker Band;ỐNG ĐÁNH DẤU;ZROH;T00734504;10;3008;10;0050
T260703008;000010073944;TECO - Technically completed;2026-07-03 00:00:00;2026-06-25 00:00:00;2026-07-10 00:00:00;3008;T260703008;28-33-0651-30;28-33-0651-30;Leg Sewn Graft Components;L2 - 15.3mmx11mm 160mm;C;;EVS;1;1;0;0;28-22-0315;28-22-0315;5-0 Polyester Suture;CHỈ KHÂU POLYESTER 5-0;ZROH;T00044889;16;3008;16;0060
T260703008;000010073944;TECO - Technically completed;2026-07-03 00:00:00;2026-06-25 00:00:00;2026-07-10 00:00:00;3008;T260703008;28-33-0651-30;28-33-0651-30;Leg Sewn Graft Components;L2 - 15.3mmx11mm 160mm;C;;EVS;1;1;0;0;TF25X500V;TF25X500V;Peel Pouch 135x310 mm;TÚI ĐÓNG GÓI 135x310;ZROH;250425;1;3008;1;0070
T260703008;000010073944;TECO - Technically completed;2026-07-03 00:00:00;2026-06-25 00:00:00;2026-07-10 00:00:00;3008;T260703008;28-33-0651-30;28-33-0651-30;Leg Sewn Graft Components;L2 - 15.3mmx11mm 160mm;C;;EVS;1;1;0;0;TS63X004V;TS63X004V;Peel Pouch 115 X 240 mm;Túi đóng gói trơn 115 x 240 mm;ZROH;260121;1;3008;1;0080
T260703009;000010073945;TECO - Technically completed;2026-07-03 00:00:00;2026-06-25 00:00:00;2026-07-10 00:00:00;3008;T260703009;28-33-0651-30;28-33-0651-30;Leg Sewn Graft Components;L2 - 15.3mmx11mm 160mm;C;;EVS;1;1;0;0;28-22-1144-02;28-22-1144-02;15MM X 11MM Leg Graft;ỐNG VẢI CHÂN 15MM X 11MM;ZROH;T00645208;1;3008;1;0010
T260703009;000010073945;TECO - Technically completed;2026-07-03 00:00:00;2026-06-25 00:00:00;2026-07-10 00:00:00;3008;T260703009;28-33-0651-30;28-33-0651-30;Leg Sewn Graft Components;L2 - 15.3mmx11mm 160mm;C;;EVS;1;1;0;0;28-22-1117;28-22-1117;15.3MM Proxi Leg stent;VÒNG CHÂN ĐẦU GẦN 15,3MM;ZROH;T00213581;1;3008;1;0020
T260703009;000010073945;TECO - Technically completed;2026-07-03 00:00:00;2026-06-25 00:00:00;2026-07-10 00:00:00;3008;T260703009;28-33-0651-30;28-33-0651-30;Leg Sewn Graft Components;L2 - 15.3mmx11mm 160mm;C;;EVS;1;1;0;0;28-22-0994-04;28-22-0994-04;AAA 14MM Leg stent;VÒNG CHÂN 14MM AAA;ZROH;T00091492;3;3008;3;0030
T260703009;000010073945;TECO - Technically completed;2026-07-03 00:00:00;2026-06-25 00:00:00;2026-07-10 00:00:00;3008;T260703009;28-33-0651-30;28-33-0651-30;Leg Sewn Graft Components;L2 - 15.3mmx11mm 160mm;C;;EVS;1;1;0;0;28-22-0994-02;28-22-0994-02;AAA 10MM Leg stent;VÒNG CHÂN 10MM AAA;ZROH;T00574734;12;3008;12;0040
T260703009;000010073945;TECO - Technically completed;2026-07-03 00:00:00;2026-06-25 00:00:00;2026-07-10 00:00:00;3008;T260703009;28-33-0651-30;28-33-0651-30;Leg Sewn Graft Components;L2 - 15.3mmx11mm 160mm;C;;EVS;1;1;0;0;28-22-0917;28-22-0917;Tube Marker Band;ỐNG ĐÁNH DẤU;ZROH;T00734504;10;3008;10;0050
T260703009;000010073945;TECO - Technically completed;2026-07-03 00:00:00;2026-06-25 00:00:00;2026-07-10 00:00:00;3008;T260703009;28-33-0651-30;28-33-0651-30;Leg Sewn Graft Components;L2 - 15.3mmx11mm 160mm;C;;EVS;1;1;0;0;28-22-0315;28-22-0315;5-0 Polyester Suture;CHỈ KHÂU POLYESTER 5-0;ZROH;T00044889;16;3008;16;0060
T260703009;000010073945;TECO - Technically completed;2026-07-03 00:00:00;2026-06-25 00:00:00;2026-07-10 00:00:00;3008;T260703009;28-33-0651-30;28-33-0651-30;Leg Sewn Graft Components;L2 - 15.3mmx11mm 160mm;C;;EVS;1;1;0;0;TF25X500V;TF25X500V;Peel Pouch 135x310 mm;TÚI ĐÓNG GÓI 135x310;ZROH;250425;1;3008;1;0070
T260703009;000010073945;TECO - Technically completed;2026-07-03 00:00:00;2026-06-25 00:00:00;2026-07-10 00:00:00;3008;T260703009;28-33-0651-30;28-33-0651-30;Leg Sewn Graft Components;L2 - 15.3mmx11mm 160mm;C;;EVS;1;1;0;0;TS63X004V;TS63X004V;Peel Pouch 115 X 240 mm;Túi đóng gói trơn 115 x 240 mm;ZROH;260121;1;3008;1;0080
T260704002;000010073949;TECO - Technically completed;2026-07-04 00:00:00;2026-06-25 00:00:00;2026-07-11 00:00:00;3008;T260704002;28-33-0651-30;28-33-0651-30;Leg Sewn Graft Components;L2 - 15.3mmx11mm 160mm;C;;EVS;1;1;0;0;28-22-1144-02;28-22-1144-02;15MM X 11MM Leg Graft;ỐNG VẢI CHÂN 15MM X 11MM;ZROH;T00645208;1;3008;1;0010
T260704002;000010073949;TECO - Technically completed;2026-07-04 00:00:00;2026-06-25 00:00:00;2026-07-11 00:00:00;3008;T260704002;28-33-0651-30;28-33-0651-30;Leg Sewn Graft Components;L2 - 15.3mmx11mm 160mm;C;;EVS;1;1;0;0;28-22-1117;28-22-1117;15.3MM Proxi Leg stent;VÒNG CHÂN ĐẦU GẦN 15,3MM;ZROH;T00213581;1;3008;1;0020
T260704002;000010073949;TECO - Technically completed;2026-07-04 00:00:00;2026-06-25 00:00:00;2026-07-11 00:00:00;3008;T260704002;28-33-0651-30;28-33-0651-30;Leg Sewn Graft Components;L2 - 15.3mmx11mm 160mm;C;;EVS;1;1;0;0;28-22-0994-04;28-22-0994-04;AAA 14MM Leg stent;VÒNG CHÂN 14MM AAA;ZROH;T00091492;3;3008;3;0030
T260704002;000010073949;TECO - Technically completed;2026-07-04 00:00:00;2026-06-25 00:00:00;2026-07-11 00:00:00;3008;T260704002;28-33-0651-30;28-33-0651-30;Leg Sewn Graft Components;L2 - 15.3mmx11mm 160mm;C;;EVS;1;1;0;0;28-22-0994-02;28-22-0994-02;AAA 10MM Leg stent;VÒNG CHÂN 10MM AAA;ZROH;T00575111;12;3008;12;0040
T260704002;000010073949;TECO - Technically completed;2026-07-04 00:00:00;2026-06-25 00:00:00;2026-07-11 00:00:00;3008;T260704002;28-33-0651-30;28-33-0651-30;Leg Sewn Graft Components;L2 - 15.3mmx11mm 160mm;C;;EVS;1;1;0;0;28-22-0917;28-22-0917;Tube Marker Band;ỐNG ĐÁNH DẤU;ZROH;T00734504;10;3008;10;0050
T260704002;000010073949;TECO - Technically completed;2026-07-04 00:00:00;2026-06-25 00:00:00;2026-07-11 00:00:00;3008;T260704002;28-33-0651-30;28-33-0651-30;Leg Sewn Graft Components;L2 - 15.3mmx11mm 160mm;C;;EVS;1;1;0;0;28-22-0315;28-22-0315;5-0 Polyester Suture;CHỈ KHÂU POLYESTER 5-0;ZROH;T00044889;16;3008;16;0060
T260704002;000010073949;TECO - Technically completed;2026-07-04 00:00:00;2026-06-25 00:00:00;2026-07-11 00:00:00;3008;T260704002;28-33-0651-30;28-33-0651-30;Leg Sewn Graft Components;L2 - 15.3mmx11mm 160mm;C;;EVS;1;1;0;0;TF25X500V;TF25X500V;Peel Pouch 135x310 mm;TÚI ĐÓNG GÓI 135x310;ZROH;250425;1;3008;1;0070
T260704002;000010073949;TECO - Technically completed;2026-07-04 00:00:00;2026-06-25 00:00:00;2026-07-11 00:00:00;3008;T260704002;28-33-0651-30;28-33-0651-30;Leg Sewn Graft Components;L2 - 15.3mmx11mm 160mm;C;;EVS;1;1;0;0;TS63X004V;TS63X004V;Peel Pouch 115 X 240 mm;Túi đóng gói trơn 115 x 240 mm;ZROH;260121;1;3008;1;0080
T260704003;000010073950;TECO - Technically completed;2026-07-04 00:00:00;2026-06-25 00:00:00;2026-07-11 00:00:00;3008;T260704003;28-33-0651-30;28-33-0651-30;Leg Sewn Graft Components;L2 - 15.3mmx11mm 160mm;C;;EVS;1;1;0;0;28-22-1144-02;28-22-1144-02;15MM X 11MM Leg Graft;ỐNG VẢI CHÂN 15MM X 11MM;ZROH;T00645208;1;3008;1;0010
T260704003;000010073950;TECO - Technically completed;2026-07-04 00:00:00;2026-06-25 00:00:00;2026-07-11 00:00:00;3008;T260704003;28-33-0651-30;28-33-0651-30;Leg Sewn Graft Components;L2 - 15.3mmx11mm 160mm;C;;EVS;1;1;0;0;28-22-1117;28-22-1117;15.3MM Proxi Leg stent;VÒNG CHÂN ĐẦU GẦN 15,3MM;ZROH;T00213581;1;3008;1;0020
T260704003;000010073950;TECO - Technically completed;2026-07-04 00:00:00;2026-06-25 00:00:00;2026-07-11 00:00:00;3008;T260704003;28-33-0651-30;28-33-0651-30;Leg Sewn Graft Components;L2 - 15.3mmx11mm 160mm;C;;EVS;1;1;0;0;28-22-0994-04;28-22-0994-04;AAA 14MM Leg stent;VÒNG CHÂN 14MM AAA;ZROH;T00091492;3;3008;3;0030
T260704003;000010073950;TECO - Technically completed;2026-07-04 00:00:00;2026-06-25 00:00:00;2026-07-11 00:00:00;3008;T260704003;28-33-0651-30;28-33-0651-30;Leg Sewn Graft Components;L2 - 15.3mmx11mm 160mm;C;;EVS;1;1;0;0;28-22-0994-02;28-22-0994-02;AAA 10MM Leg stent;VÒNG CHÂN 10MM AAA;ZROH;T00575111;12;3008;12;0040
T260704003;000010073950;TECO - Technically completed;2026-07-04 00:00:00;2026-06-25 00:00:00;2026-07-11 00:00:00;3008;T260704003;28-33-0651-30;28-33-0651-30;Leg Sewn Graft Components;L2 - 15.3mmx11mm 160mm;C;;EVS;1;1;0;0;28-22-0917;28-22-0917;Tube Marker Band;ỐNG ĐÁNH DẤU;ZROH;T00734504;10;3008;10;0050
T260704003;000010073950;TECO - Technically completed;2026-07-04 00:00:00;2026-06-25 00:00:00;2026-07-11 00:00:00;3008;T260704003;28-33-0651-30;28-33-0651-30;Leg Sewn Graft Components;L2 - 15.3mmx11mm 160mm;C;;EVS;1;1;0;0;28-22-0315;28-22-0315;5-0 Polyester Suture;CHỈ KHÂU POLYESTER 5-0;ZROH;T00044889;16;3008;16;0060
T260704003;000010073950;TECO - Technically completed;2026-07-04 00:00:00;2026-06-25 00:00:00;2026-07-11 00:00:00;3008;T260704003;28-33-0651-30;28-33-0651-30;Leg Sewn Graft Components;L2 - 15.3mmx11mm 160mm;C;;EVS;1;1;0;0;TF25X500V;TF25X500V;Peel Pouch 135x310 mm;TÚI ĐÓNG GÓI 135x310;ZROH;250425;1;3008;1;0070
T260704003;000010073950;TECO - Technically completed;2026-07-04 00:00:00;2026-06-25 00:00:00;2026-07-11 00:00:00;3008;T260704003;28-33-0651-30;28-33-0651-30;Leg Sewn Graft Components;L2 - 15.3mmx11mm 160mm;C;;EVS;1;1;0;0;TS63X004V;TS63X004V;Peel Pouch 115 X 240 mm;Túi đóng gói trơn 115 x 240 mm;ZROH;260121;1;3008;1;0080
T260704004;000010073951;TECO - Technically completed;2026-07-04 00:00:00;2026-06-25 00:00:00;2026-07-11 00:00:00;3008;T260704004;28-33-0651-30;28-33-0651-30;Leg Sewn Graft Components;L2 - 15.3mmx11mm 160mm;C;;EVS;1;1;0;0;28-22-1144-02;28-22-1144-02;15MM X 11MM Leg Graft;ỐNG VẢI CHÂN 15MM X 11MM;ZROH;T00645208;1;3008;1;0010
T260704004;000010073951;TECO - Technically completed;2026-07-04 00:00:00;2026-06-25 00:00:00;2026-07-11 00:00:00;3008;T260704004;28-33-0651-30;28-33-0651-30;Leg Sewn Graft Components;L2 - 15.3mmx11mm 160mm;C;;EVS;1;1;0;0;28-22-1117;28-22-1117;15.3MM Proxi Leg stent;VÒNG CHÂN ĐẦU GẦN 15,3MM;ZROH;T00213581;1;3008;1;0020
T260704004;000010073951;TECO - Technically completed;2026-07-04 00:00:00;2026-06-25 00:00:00;2026-07-11 00:00:00;3008;T260704004;28-33-0651-30;28-33-0651-30;Leg Sewn Graft Components;L2 - 15.3mmx11mm 160mm;C;;EVS;1;1;0;0;28-22-0994-04;28-22-0994-04;AAA 14MM Leg stent;VÒNG CHÂN 14MM AAA;ZROH;T00091492;3;3008;3;0030
T260704004;000010073951;TECO - Technically completed;2026-07-04 00:00:00;2026-06-25 00:00:00;2026-07-11 00:00:00;3008;T260704004;28-33-0651-30;28-33-0651-30;Leg Sewn Graft Components;L2 - 15.3mmx11mm 160mm;C;;EVS;1;1;0;0;28-22-0994-02;28-22-0994-02;AAA 10MM Leg stent;VÒNG CHÂN 10MM AAA;ZROH;T00575111;12;3008;12;0040
T260704004;000010073951;TECO - Technically completed;2026-07-04 00:00:00;2026-06-25 00:00:00;2026-07-11 00:00:00;3008;T260704004;28-33-0651-30;28-33-0651-30;Leg Sewn Graft Components;L2 - 15.3mmx11mm 160mm;C;;EVS;1;1;0;0;28-22-0917;28-22-0917;Tube Marker Band;ỐNG ĐÁNH DẤU;ZROH;T00734504;10;3008;10;0050
T260704004;000010073951;TECO - Technically completed;2026-07-04 00:00:00;2026-06-25 00:00:00;2026-07-11 00:00:00;3008;T260704004;28-33-0651-30;28-33-0651-30;Leg Sewn Graft Components;L2 - 15.3mmx11mm 160mm;C;;EVS;1;1;0;0;28-22-0315;28-22-0315;5-0 Polyester Suture;CHỈ KHÂU POLYESTER 5-0;ZROH;T00044889;16;3008;16;0060
T260704004;000010073951;TECO - Technically completed;2026-07-04 00:00:00;2026-06-25 00:00:00;2026-07-11 00:00:00;3008;T260704004;28-33-0651-30;28-33-0651-30;Leg Sewn Graft Components;L2 - 15.3mmx11mm 160mm;C;;EVS;1;1;0;0;TF25X500V;TF25X500V;Peel Pouch 135x310 mm;TÚI ĐÓNG GÓI 135x310;ZROH;250425;1;3008;1;0070
T260704004;000010073951;TECO - Technically completed;2026-07-04 00:00:00;2026-06-25 00:00:00;2026-07-11 00:00:00;3008;T260704004;28-33-0651-30;28-33-0651-30;Leg Sewn Graft Components;L2 - 15.3mmx11mm 160mm;C;;EVS;1;1;0;0;TS63X004V;TS63X004V;Peel Pouch 115 X 240 mm;Túi đóng gói trơn 115 x 240 mm;ZROH;260121;1;3008;1;0080
T260704006;000010073953;TECO - Technically completed;2026-07-04 00:00:00;2026-06-25 00:00:00;2026-07-11 00:00:00;3008;T260704006;28-33-0651-30;28-33-0651-30;Leg Sewn Graft Components;L2 - 15.3mmx11mm 160mm;C;;EVS;1;1;0;0;28-22-1144-02;28-22-1144-02;15MM X 11MM Leg Graft;ỐNG VẢI CHÂN 15MM X 11MM;ZROH;T00645208;1;3008;1;0010
T260704006;000010073953;TECO - Technically completed;2026-07-04 00:00:00;2026-06-25 00:00:00;2026-07-11 00:00:00;3008;T260704006;28-33-0651-30;28-33-0651-30;Leg Sewn Graft Components;L2 - 15.3mmx11mm 160mm;C;;EVS;1;1;0;0;28-22-1117;28-22-1117;15.3MM Proxi Leg stent;VÒNG CHÂN ĐẦU GẦN 15,3MM;ZROH;T00213581;1;3008;1;0020
T260704006;000010073953;TECO - Technically completed;2026-07-04 00:00:00;2026-06-25 00:00:00;2026-07-11 00:00:00;3008;T260704006;28-33-0651-30;28-33-0651-30;Leg Sewn Graft Components;L2 - 15.3mmx11mm 160mm;C;;EVS;1;1;0;0;28-22-0994-04;28-22-0994-04;AAA 14MM Leg stent;VÒNG CHÂN 14MM AAA;ZROH;T00091492;3;3008;3;0030
T260704006;000010073953;TECO - Technically completed;2026-07-04 00:00:00;2026-06-25 00:00:00;2026-07-11 00:00:00;3008;T260704006;28-33-0651-30;28-33-0651-30;Leg Sewn Graft Components;L2 - 15.3mmx11mm 160mm;C;;EVS;1;1;0;0;28-22-0994-02;28-22-0994-02;AAA 10MM Leg stent;VÒNG CHÂN 10MM AAA;ZROH;T00575111;12;3008;12;0040
T260704006;000010073953;TECO - Technically completed;2026-07-04 00:00:00;2026-06-25 00:00:00;2026-07-11 00:00:00;3008;T260704006;28-33-0651-30;28-33-0651-30;Leg Sewn Graft Components;L2 - 15.3mmx11mm 160mm;C;;EVS;1;1;0;0;28-22-0917;28-22-0917;Tube Marker Band;ỐNG ĐÁNH DẤU;ZROH;T00734504;10;3008;10;0050
T260704006;000010073953;TECO - Technically completed;2026-07-04 00:00:00;2026-06-25 00:00:00;2026-07-11 00:00:00;3008;T260704006;28-33-0651-30;28-33-0651-30;Leg Sewn Graft Components;L2 - 15.3mmx11mm 160mm;C;;EVS;1;1;0;0;28-22-0315;28-22-0315;5-0 Polyester Suture;CHỈ KHÂU POLYESTER 5-0;ZROH;T00044889;16;3008;16;0060
T260704006;000010073953;TECO - Technically completed;2026-07-04 00:00:00;2026-06-25 00:00:00;2026-07-11 00:00:00;3008;T260704006;28-33-0651-30;28-33-0651-30;Leg Sewn Graft Components;L2 - 15.3mmx11mm 160mm;C;;EVS;1;1;0;0;TF25X500V;TF25X500V;Peel Pouch 135x310 mm;TÚI ĐÓNG GÓI 135x310;ZROH;250425;1;3008;1;0070
T260704006;000010073953;TECO - Technically completed;2026-07-04 00:00:00;2026-06-25 00:00:00;2026-07-11 00:00:00;3008;T260704006;28-33-0651-30;28-33-0651-30;Leg Sewn Graft Components;L2 - 15.3mmx11mm 160mm;C;;EVS;1;1;0;0;TS63X004V;TS63X004V;Peel Pouch 115 X 240 mm;Túi đóng gói trơn 115 x 240 mm;ZROH;260121;1;3008;1;0080
R260703005;000010075830;TECO - Technically completed;2026-07-03 00:00:00;2026-06-25 00:00:00;2026-07-10 00:00:00;3009;R260703005;28-33-0832-34;28-33-0832-34;Sewn Graft Components;M4-36mm x 190mm;B;;EVS;1;1;0;0;28-22-0922-39;28-22-0922-39;36MM X 235MM Fabric -TAA;ỐNG VẢI 36MM X 235MM-TAA;ZROH;T00674699;1;3009;1;0010
R260703005;000010075830;TECO - Technically completed;2026-07-03 00:00:00;2026-06-25 00:00:00;2026-07-10 00:00:00;3009;R260703005;28-33-0832-34;28-33-0832-34;Sewn Graft Components;M4-36mm x 190mm;B;;EVS;1;1;0;0;28-22-0254-02;28-22-0254-02;Bare Spring 36MM;VÒNG TRẦN 36MM;ZROH;0001681064;1;3009;1;0020
R260703005;000010075830;TECO - Technically completed;2026-07-03 00:00:00;2026-06-25 00:00:00;2026-07-10 00:00:00;3009;R260703005;28-33-0832-34;28-33-0832-34;Sewn Graft Components;M4-36mm x 190mm;B;;EVS;1;1;0;0;28-22-0251-02;28-22-0251-02;Proximal Spring 36MM;VÒNG ĐẦU GẦN 36MM;ZROH;0001671043;2;3009;2;0030
R260703005;000010075830;TECO - Technically completed;2026-07-03 00:00:00;2026-06-25 00:00:00;2026-07-10 00:00:00;3009;R260703005;28-33-0832-34;28-33-0832-34;Sewn Graft Components;M4-36mm x 190mm;B;;EVS;1;1;0;0;28-22-0248-02;28-22-0248-02;Middle Spring 36MM;VÒNG GIỮA 36MM;ZROH;0001688039;1;3009;1;0040
R260703005;000010075830;TECO - Technically completed;2026-07-03 00:00:00;2026-06-25 00:00:00;2026-07-10 00:00:00;3009;R260703005;28-33-0832-34;28-33-0832-34;Sewn Graft Components;M4-36mm x 190mm;B;;EVS;1;1;0;0;28-22-0248-02;28-22-0248-02;Middle Spring 36MM;VÒNG GIỮA 36MM;ZROH;0001685154;5;3009;5;0040
R260703005;000010075830;TECO - Technically completed;2026-07-03 00:00:00;2026-06-25 00:00:00;2026-07-10 00:00:00;3009;R260703005;28-33-0832-34;28-33-0832-34;Sewn Graft Components;M4-36mm x 190mm;B;;EVS;1;1;0;0;28-22-0258-02;28-22-0258-02;Distal Spring 36MM;VÒNG ĐẦU XA 36MM;ZROH;0001688511;1;3009;1;0050
R260703005;000010075830;TECO - Technically completed;2026-07-03 00:00:00;2026-06-25 00:00:00;2026-07-10 00:00:00;3009;R260703005;28-33-0832-34;28-33-0832-34;Sewn Graft Components;M4-36mm x 190mm;B;;EVS;1;1;0;0;28-22-1118-13;28-22-1118-13;S-Bar 36MMx86MM(90deg);Thanh S 36MMx86MM (90 ĐỘ);ZROH;0001667634;1;3009;1;0060
R260703005;000010075830;TECO - Technically completed;2026-07-03 00:00:00;2026-06-25 00:00:00;2026-07-10 00:00:00;3009;R260703005;28-33-0832-34;28-33-0832-34;Sewn Graft Components;M4-36mm x 190mm;B;;EVS;1;1;0;0;28-22-0557;28-22-0557;Cylindrical Marker Bands;ĐIỂM ĐÁNH DẤU HÌNH TRỤ;ZROH;T00672110;5;3009;5;0070
R260703005;000010075830;TECO - Technically completed;2026-07-03 00:00:00;2026-06-25 00:00:00;2026-07-10 00:00:00;3009;R260703005;28-33-0832-34;28-33-0832-34;Sewn Graft Components;M4-36mm x 190mm;B;;EVS;1;1;0;0;28-22-0917;28-22-0917;Tube Marker Band;ỐNG ĐÁNH DẤU;ZROH;T00734504;6;3009;6;0080
R260703005;000010075830;TECO - Technically completed;2026-07-03 00:00:00;2026-06-25 00:00:00;2026-07-10 00:00:00;3009;R260703005;28-33-0832-34;28-33-0832-34;Sewn Graft Components;M4-36mm x 190mm;B;;EVS;1;1;0;0;28-22-0315;28-22-0315;5-0 Polyester Suture;CHỈ KHÂU POLYESTER 5-0;ZROH;T00067665;16;3009;16;0090
R260703005;000010075830;TECO - Technically completed;2026-07-03 00:00:00;2026-06-25 00:00:00;2026-07-10 00:00:00;3009;R260703005;28-33-0832-34;28-33-0832-34;Sewn Graft Components;M4-36mm x 190mm;B;;EVS;1;1;0;0;4SA63X1100LYN;SA63X1100LYN;Packing bag 135×390;TÚI ĐÓNG GÓI 135x390MM;ZFRT;250113B;1;3009;1;0100
R260703005;000010075830;TECO - Technically completed;2026-07-03 00:00:00;2026-06-25 00:00:00;2026-07-10 00:00:00;3009;R260703005;28-33-0832-34;28-33-0832-34;Sewn Graft Components;M4-36mm x 190mm;B;;EVS;1;1;0;0;4SA63X700LYN;SA63X700LYN;Packing bag 150×440;TÚI ĐÓNG GÓI 150x440mm;ZFRT;260306B;1;3009;1;0110
R260703008;000010075833;TECO - Technically completed;2026-07-03 00:00:00;2026-06-25 00:00:00;2026-07-10 00:00:00;3009;R260703008;28-33-0832-34;28-33-0832-34;Sewn Graft Components;M4-36mm x 190mm;B;;EVS;1;1;0;0;28-22-0922-39;28-22-0922-39;36MM X 235MM Fabric -TAA;ỐNG VẢI 36MM X 235MM-TAA;ZROH;T00674699;1;3009;1;0010
R260703008;000010075833;TECO - Technically completed;2026-07-03 00:00:00;2026-06-25 00:00:00;2026-07-10 00:00:00;3009;R260703008;28-33-0832-34;28-33-0832-34;Sewn Graft Components;M4-36mm x 190mm;B;;EVS;1;1;0;0;28-22-0254-02;28-22-0254-02;Bare Spring 36MM;VÒNG TRẦN 36MM;ZROH;0001681064;1;3009;1;0020
R260703008;000010075833;TECO - Technically completed;2026-07-03 00:00:00;2026-06-25 00:00:00;2026-07-10 00:00:00;3009;R260703008;28-33-0832-34;28-33-0832-34;Sewn Graft Components;M4-36mm x 190mm;B;;EVS;1;1;0;0;28-22-0251-02;28-22-0251-02;Proximal Spring 36MM;VÒNG ĐẦU GẦN 36MM;ZROH;0001671043;2;3009;2;0030
R260703008;000010075833;TECO - Technically completed;2026-07-03 00:00:00;2026-06-25 00:00:00;2026-07-10 00:00:00;3009;R260703008;28-33-0832-34;28-33-0832-34;Sewn Graft Components;M4-36mm x 190mm;B;;EVS;1;1;0;0;28-22-0248-02;28-22-0248-02;Middle Spring 36MM;VÒNG GIỮA 36MM;ZROH;0001688039;6;3009;6;0040
R260703008;000010075833;TECO - Technically completed;2026-07-03 00:00:00;2026-06-25 00:00:00;2026-07-10 00:00:00;3009;R260703008;28-33-0832-34;28-33-0832-34;Sewn Graft Components;M4-36mm x 190mm;B;;EVS;1;1;0;0;28-22-0258-02;28-22-0258-02;Distal Spring 36MM;VÒNG ĐẦU XA 36MM;ZROH;0001688511;1;3009;1;0050
R260703008;000010075833;TECO - Technically completed;2026-07-03 00:00:00;2026-06-25 00:00:00;2026-07-10 00:00:00;3009;R260703008;28-33-0832-34;28-33-0832-34;Sewn Graft Components;M4-36mm x 190mm;B;;EVS;1;1;0;0;28-22-1118-13;28-22-1118-13;S-Bar 36MMx86MM(90deg);Thanh S 36MMx86MM (90 ĐỘ);ZROH;0001667634;1;3009;1;0060
R260703008;000010075833;TECO - Technically completed;2026-07-03 00:00:00;2026-06-25 00:00:00;2026-07-10 00:00:00;3009;R260703008;28-33-0832-34;28-33-0832-34;Sewn Graft Components;M4-36mm x 190mm;B;;EVS;1;1;0;0;28-22-0557;28-22-0557;Cylindrical Marker Bands;ĐIỂM ĐÁNH DẤU HÌNH TRỤ;ZROH;T00672110;5;3009;5;0070
R260703008;000010075833;TECO - Technically completed;2026-07-03 00:00:00;2026-06-25 00:00:00;2026-07-10 00:00:00;3009;R260703008;28-33-0832-34;28-33-0832-34;Sewn Graft Components;M4-36mm x 190mm;B;;EVS;1;1;0;0;28-22-0917;28-22-0917;Tube Marker Band;ỐNG ĐÁNH DẤU;ZROH;T00734504;6;3009;6;0080
R260703008;000010075833;TECO - Technically completed;2026-07-03 00:00:00;2026-06-25 00:00:00;2026-07-10 00:00:00;3009;R260703008;28-33-0832-34;28-33-0832-34;Sewn Graft Components;M4-36mm x 190mm;B;;EVS;1;1;0;0;28-22-0315;28-22-0315;5-0 Polyester Suture;CHỈ KHÂU POLYESTER 5-0;ZROH;T00067665;16;3009;16;0090
R260703008;000010075833;TECO - Technically completed;2026-07-03 00:00:00;2026-06-25 00:00:00;2026-07-10 00:00:00;3009;R260703008;28-33-0832-34;28-33-0832-34;Sewn Graft Components;M4-36mm x 190mm;B;;EVS;1;1;0;0;4SA63X1100LYN;SA63X1100LYN;Packing bag 135×390;TÚI ĐÓNG GÓI 135x390MM;ZFRT;250113B;1;3009;1;0100
R260703008;000010075833;TECO - Technically completed;2026-07-03 00:00:00;2026-06-25 00:00:00;2026-07-10 00:00:00;3009;R260703008;28-33-0832-34;28-33-0832-34;Sewn Graft Components;M4-36mm x 190mm;B;;EVS;1;1;0;0;4SA63X700LYN;SA63X700LYN;Packing bag 150×440;TÚI ĐÓNG GÓI 150x440mm;ZFRT;260306B;1;3009;1;0110
R260703010;000010075835;TECO - Technically completed;2026-07-03 00:00:00;2026-06-25 00:00:00;2026-07-10 00:00:00;3009;R260703010;28-33-0832-34;28-33-0832-34;Sewn Graft Components;M4-36mm x 190mm;B;;EVS;1;1;0;0;28-22-0922-39;28-22-0922-39;36MM X 235MM Fabric -TAA;ỐNG VẢI 36MM X 235MM-TAA;ZROH;T00674699;1;3009;1;0010
R260703010;000010075835;TECO - Technically completed;2026-07-03 00:00:00;2026-06-25 00:00:00;2026-07-10 00:00:00;3009;R260703010;28-33-0832-34;28-33-0832-34;Sewn Graft Components;M4-36mm x 190mm;B;;EVS;1;1;0;0;28-22-0254-02;28-22-0254-02;Bare Spring 36MM;VÒNG TRẦN 36MM;ZROH;0001681064;1;3009;1;0020
R260703010;000010075835;TECO - Technically completed;2026-07-03 00:00:00;2026-06-25 00:00:00;2026-07-10 00:00:00;3009;R260703010;28-33-0832-34;28-33-0832-34;Sewn Graft Components;M4-36mm x 190mm;B;;EVS;1;1;0;0;28-22-0251-02;28-22-0251-02;Proximal Spring 36MM;VÒNG ĐẦU GẦN 36MM;ZROH;0001671043;2;3009;2;0030
R260703010;000010075835;TECO - Technically completed;2026-07-03 00:00:00;2026-06-25 00:00:00;2026-07-10 00:00:00;3009;R260703010;28-33-0832-34;28-33-0832-34;Sewn Graft Components;M4-36mm x 190mm;B;;EVS;1;1;0;0;28-22-0248-02;28-22-0248-02;Middle Spring 36MM;VÒNG GIỮA 36MM;ZROH;0001688039;6;3009;6;0040
R260703010;000010075835;TECO - Technically completed;2026-07-03 00:00:00;2026-06-25 00:00:00;2026-07-10 00:00:00;3009;R260703010;28-33-0832-34;28-33-0832-34;Sewn Graft Components;M4-36mm x 190mm;B;;EVS;1;1;0;0;28-22-0258-02;28-22-0258-02;Distal Spring 36MM;VÒNG ĐẦU XA 36MM;ZROH;0001688511;1;3009;1;0050
R260703010;000010075835;TECO - Technically completed;2026-07-03 00:00:00;2026-06-25 00:00:00;2026-07-10 00:00:00;3009;R260703010;28-33-0832-34;28-33-0832-34;Sewn Graft Components;M4-36mm x 190mm;B;;EVS;1;1;0;0;28-22-1118-13;28-22-1118-13;S-Bar 36MMx86MM(90deg);Thanh S 36MMx86MM (90 ĐỘ);ZROH;0001667634;1;3009;1;0060
R260703010;000010075835;TECO - Technically completed;2026-07-03 00:00:00;2026-06-25 00:00:00;2026-07-10 00:00:00;3009;R260703010;28-33-0832-34;28-33-0832-34;Sewn Graft Components;M4-36mm x 190mm;B;;EVS;1;1;0;0;28-22-0557;28-22-0557;Cylindrical Marker Bands;ĐIỂM ĐÁNH DẤU HÌNH TRỤ;ZROH;T00672110;5;3009;5;0070
R260703010;000010075835;TECO - Technically completed;2026-07-03 00:00:00;2026-06-25 00:00:00;2026-07-10 00:00:00;3009;R260703010;28-33-0832-34;28-33-0832-34;Sewn Graft Components;M4-36mm x 190mm;B;;EVS;1;1;0;0;28-22-0917;28-22-0917;Tube Marker Band;ỐNG ĐÁNH DẤU;ZROH;T00734504;6;3009;6;0080
R260703010;000010075835;TECO - Technically completed;2026-07-03 00:00:00;2026-06-25 00:00:00;2026-07-10 00:00:00;3009;R260703010;28-33-0832-34;28-33-0832-34;Sewn Graft Components;M4-36mm x 190mm;B;;EVS;1;1;0;0;28-22-0315;28-22-0315;5-0 Polyester Suture;CHỈ KHÂU POLYESTER 5-0;ZROH;T00067665;16;3009;16;0090
R260703010;000010075835;TECO - Technically completed;2026-07-03 00:00:00;2026-06-25 00:00:00;2026-07-10 00:00:00;3009;R260703010;28-33-0832-34;28-33-0832-34;Sewn Graft Components;M4-36mm x 190mm;B;;EVS;1;1;0;0;4SA63X1100LYN;SA63X1100LYN;Packing bag 135×390;TÚI ĐÓNG GÓI 135x390MM;ZFRT;250113B;1;3009;1;0100
R260703010;000010075835;TECO - Technically completed;2026-07-03 00:00:00;2026-06-25 00:00:00;2026-07-10 00:00:00;3009;R260703010;28-33-0832-34;28-33-0832-34;Sewn Graft Components;M4-36mm x 190mm;B;;EVS;1;1;0;0;4SA63X700LYN;SA63X700LYN;Packing bag 150×440;TÚI ĐÓNG GÓI 150x440mm;ZFRT;260306B;1;3009;1;0110
R260703014;000010075839;TECO - Technically completed;2026-07-03 00:00:00;2026-06-25 00:00:00;2026-07-10 00:00:00;3009;R260703014;28-33-0832-35;28-33-0832-35;Sewn Graft Components;M4-38mm x 190mm;B;;EVS;1;1;0;0;28-22-0922-40;28-22-0922-40;38MM X 235MM Fabric -TAA;ỐNG VẢI 38MM X 235MM-TAA;ZROH;T00622428;1;3009;1;0010
R260703014;000010075839;TECO - Technically completed;2026-07-03 00:00:00;2026-06-25 00:00:00;2026-07-10 00:00:00;3009;R260703014;28-33-0832-35;28-33-0832-35;Sewn Graft Components;M4-38mm x 190mm;B;;EVS;1;1;0;0;28-22-0254-03;28-22-0254-03;Bare Spring 38MM;VÒNG TRẦN 38MM;ZROH;2503140097;1;3009;1;0020
R260703014;000010075839;TECO - Technically completed;2026-07-03 00:00:00;2026-06-25 00:00:00;2026-07-10 00:00:00;3009;R260703014;28-33-0832-35;28-33-0832-35;Sewn Graft Components;M4-38mm x 190mm;B;;EVS;1;1;0;0;28-22-0251-03;28-22-0251-03;Proximal Spring 38MM;VÒNG ĐẦU GẦN 38MM;ZROH;0001681019;2;3009;2;0030
R260703014;000010075839;TECO - Technically completed;2026-07-03 00:00:00;2026-06-25 00:00:00;2026-07-10 00:00:00;3009;R260703014;28-33-0832-35;28-33-0832-35;Sewn Graft Components;M4-38mm x 190mm;B;;EVS;1;1;0;0;28-22-0248-03;28-22-0248-03;Middle Spring 38MM;VÒNG GIỮA 38MM;ZROH;0001683696;6;3009;6;0040
R260703014;000010075839;TECO - Technically completed;2026-07-03 00:00:00;2026-06-25 00:00:00;2026-07-10 00:00:00;3009;R260703014;28-33-0832-35;28-33-0832-35;Sewn Graft Components;M4-38mm x 190mm;B;;EVS;1;1;0;0;28-22-0258-03;28-22-0258-03;Distal Spring 38MM;VÒNG ĐẦU XA 38MM;ZROH;2602190276;1;3009;1;0050
R260703014;000010075839;TECO - Technically completed;2026-07-03 00:00:00;2026-06-25 00:00:00;2026-07-10 00:00:00;3009;R260703014;28-33-0832-35;28-33-0832-35;Sewn Graft Components;M4-38mm x 190mm;B;;EVS;1;1;0;0;28-22-1118-15;28-22-1118-15;S-Bar 38MMx86MM(90deg);Thanh S 38MMx86MM (90 ĐỘ);ZROH;0001665482;1;3009;1;0060
R260703014;000010075839;TECO - Technically completed;2026-07-03 00:00:00;2026-06-25 00:00:00;2026-07-10 00:00:00;3009;R260703014;28-33-0832-35;28-33-0832-35;Sewn Graft Components;M4-38mm x 190mm;B;;EVS;1;1;0;0;28-22-0557;28-22-0557;Cylindrical Marker Bands;ĐIỂM ĐÁNH DẤU HÌNH TRỤ;ZROH;T00672110;5;3009;5;0070
R260703014;000010075839;TECO - Technically completed;2026-07-03 00:00:00;2026-06-25 00:00:00;2026-07-10 00:00:00;3009;R260703014;28-33-0832-35;28-33-0832-35;Sewn Graft Components;M4-38mm x 190mm;B;;EVS;1;1;0;0;28-22-0917;28-22-0917;Tube Marker Band;ỐNG ĐÁNH DẤU;ZROH;T00734504;6;3009;6;0080
R260703014;000010075839;TECO - Technically completed;2026-07-03 00:00:00;2026-06-25 00:00:00;2026-07-10 00:00:00;3009;R260703014;28-33-0832-35;28-33-0832-35;Sewn Graft Components;M4-38mm x 190mm;B;;EVS;1;1;0;0;28-22-0315;28-22-0315;5-0 Polyester Suture;CHỈ KHÂU POLYESTER 5-0;ZROH;T00067665;17;3009;17;0090
R260703014;000010075839;TECO - Technically completed;2026-07-03 00:00:00;2026-06-25 00:00:00;2026-07-10 00:00:00;3009;R260703014;28-33-0832-35;28-33-0832-35;Sewn Graft Components;M4-38mm x 190mm;B;;EVS;1;1;0;0;4SA63X1100LYN;SA63X1100LYN;Packing bag 135×390;TÚI ĐÓNG GÓI 135x390MM;ZFRT;250113B;1;3009;1;0100
R260703014;000010075839;TECO - Technically completed;2026-07-03 00:00:00;2026-06-25 00:00:00;2026-07-10 00:00:00;3009;R260703014;28-33-0832-35;28-33-0832-35;Sewn Graft Components;M4-38mm x 190mm;B;;EVS;1;1;0;0;4SA63X700LYN;SA63X700LYN;Packing bag 150×440;TÚI ĐÓNG GÓI 150x440mm;ZFRT;260306B;1;3009;1;0110
R260703016;000010075841;TECO - Technically completed;2026-07-03 00:00:00;2026-06-25 00:00:00;2026-07-10 00:00:00;3009;R260703016;28-33-0832-37;28-33-0832-37;Sewn Graft Components;M4-42mm x 195mm;B;;EVS;1;1;0;0;28-22-0922-42;28-22-0922-42;42MM X 235MM Fabric -TAA;ỐNG VẢI 42MM X 235MM-TAA;ZROH;T00502643;1;3009;1;0010
R260703016;000010075841;TECO - Technically completed;2026-07-03 00:00:00;2026-06-25 00:00:00;2026-07-10 00:00:00;3009;R260703016;28-33-0832-37;28-33-0832-37;Sewn Graft Components;M4-42mm x 195mm;B;;EVS;1;1;0;0;28-22-0255-01;28-22-0255-01;Bare Spring 42MM;VÒNG TRẦN 42MM;ZROH;0001683175;1;3009;1;0020
R260703016;000010075841;TECO - Technically completed;2026-07-03 00:00:00;2026-06-25 00:00:00;2026-07-10 00:00:00;3009;R260703016;28-33-0832-37;28-33-0832-37;Sewn Graft Components;M4-42mm x 195mm;B;;EVS;1;1;0;0;28-22-0252-01;28-22-0252-01;Proximal Spring 42MM;VÒNG ĐẦU GẦN 42MM;ZROH;0001688496;2;3009;2;0030
R260703016;000010075841;TECO - Technically completed;2026-07-03 00:00:00;2026-06-25 00:00:00;2026-07-10 00:00:00;3009;R260703016;28-33-0832-37;28-33-0832-37;Sewn Graft Components;M4-42mm x 195mm;B;;EVS;1;1;0;0;28-22-0249-01;28-22-0249-01;Middle Spring 42MM;VÒNG GIỮA 42MM;ZROH;0001664224;6;3009;6;0040
R260703016;000010075841;TECO - Technically completed;2026-07-03 00:00:00;2026-06-25 00:00:00;2026-07-10 00:00:00;3009;R260703016;28-33-0832-37;28-33-0832-37;Sewn Graft Components;M4-42mm x 195mm;B;;EVS;1;1;0;0;28-22-0263-01;28-22-0263-01;Distal Spring 42MM;VÒNG ĐẦU XA 42MM;ZROH;0001671639;1;3009;1;0050
R260703016;000010075841;TECO - Technically completed;2026-07-03 00:00:00;2026-06-25 00:00:00;2026-07-10 00:00:00;3009;R260703016;28-33-0832-37;28-33-0832-37;Sewn Graft Components;M4-42mm x 195mm;B;;EVS;1;1;0;0;28-22-1118-20;28-22-1118-20;S-Bar 42MMx90MM(77deg);Thanh S 42MMx90MM (77 ĐỘ);ZROH;2602180170;1;3009;1;0060
R260703016;000010075841;TECO - Technically completed;2026-07-03 00:00:00;2026-06-25 00:00:00;2026-07-10 00:00:00;3009;R260703016;28-33-0832-37;28-33-0832-37;Sewn Graft Components;M4-42mm x 195mm;B;;EVS;1;1;0;0;28-22-0557;28-22-0557;Cylindrical Marker Bands;ĐIỂM ĐÁNH DẤU HÌNH TRỤ;ZROH;T00672110;5;3009;5;0070
R260703016;000010075841;TECO - Technically completed;2026-07-03 00:00:00;2026-06-25 00:00:00;2026-07-10 00:00:00;3009;R260703016;28-33-0832-37;28-33-0832-37;Sewn Graft Components;M4-42mm x 195mm;B;;EVS;1;1;0;0;28-22-0917;28-22-0917;Tube Marker Band;ỐNG ĐÁNH DẤU;ZROH;T00734504;7;3009;7;0080
R260703016;000010075841;TECO - Technically completed;2026-07-03 00:00:00;2026-06-25 00:00:00;2026-07-10 00:00:00;3009;R260703016;28-33-0832-37;28-33-0832-37;Sewn Graft Components;M4-42mm x 195mm;B;;EVS;1;1;0;0;28-22-0315;28-22-0315;5-0 Polyester Suture;CHỈ KHÂU POLYESTER 5-0;ZROH;T00067665;19;3009;19;0090
R260703016;000010075841;TECO - Technically completed;2026-07-03 00:00:00;2026-06-25 00:00:00;2026-07-10 00:00:00;3009;R260703016;28-33-0832-37;28-33-0832-37;Sewn Graft Components;M4-42mm x 195mm;B;;EVS;1;1;0;0;4SA63X1100LYN;SA63X1100LYN;Packing bag 135×390;TÚI ĐÓNG GÓI 135x390MM;ZFRT;250113B;1;3009;1;0100
R260703016;000010075841;TECO - Technically completed;2026-07-03 00:00:00;2026-06-25 00:00:00;2026-07-10 00:00:00;3009;R260703016;28-33-0832-37;28-33-0832-37;Sewn Graft Components;M4-42mm x 195mm;B;;EVS;1;1;0;0;4SA63X700LYN;SA63X700LYN;Packing bag 150×440;TÚI ĐÓNG GÓI 150x440mm;ZFRT;260306B;1;3009;1;0110
R260703017;000010075842;TECO - Technically completed;2026-07-03 00:00:00;2026-06-25 00:00:00;2026-07-10 00:00:00;3009;R260703017;28-33-0832-37;28-33-0832-37;Sewn Graft Components;M4-42mm x 195mm;B;;EVS;1;1;0;0;28-22-0922-42;28-22-0922-42;42MM X 235MM Fabric -TAA;ỐNG VẢI 42MM X 235MM-TAA;ZROH;T00502643;1;3009;1;0010
R260703017;000010075842;TECO - Technically completed;2026-07-03 00:00:00;2026-06-25 00:00:00;2026-07-10 00:00:00;3009;R260703017;28-33-0832-37;28-33-0832-37;Sewn Graft Components;M4-42mm x 195mm;B;;EVS;1;1;0;0;28-22-0255-01;28-22-0255-01;Bare Spring 42MM;VÒNG TRẦN 42MM;ZROH;0001683175;1;3009;1;0020
R260703017;000010075842;TECO - Technically completed;2026-07-03 00:00:00;2026-06-25 00:00:00;2026-07-10 00:00:00;3009;R260703017;28-33-0832-37;28-33-0832-37;Sewn Graft Components;M4-42mm x 195mm;B;;EVS;1;1;0;0;28-22-0252-01;28-22-0252-01;Proximal Spring 42MM;VÒNG ĐẦU GẦN 42MM;ZROH;0001688496;2;3009;2;0030
R260703017;000010075842;TECO - Technically completed;2026-07-03 00:00:00;2026-06-25 00:00:00;2026-07-10 00:00:00;3009;R260703017;28-33-0832-37;28-33-0832-37;Sewn Graft Components;M4-42mm x 195mm;B;;EVS;1;1;0;0;28-22-0249-01;28-22-0249-01;Middle Spring 42MM;VÒNG GIỮA 42MM;ZROH;0001664224;6;3009;6;0040
R260703017;000010075842;TECO - Technically completed;2026-07-03 00:00:00;2026-06-25 00:00:00;2026-07-10 00:00:00;3009;R260703017;28-33-0832-37;28-33-0832-37;Sewn Graft Components;M4-42mm x 195mm;B;;EVS;1;1;0;0;28-22-0263-01;28-22-0263-01;Distal Spring 42MM;VÒNG ĐẦU XA 42MM;ZROH;0001671639;1;3009;1;0050
R260703017;000010075842;TECO - Technically completed;2026-07-03 00:00:00;2026-06-25 00:00:00;2026-07-10 00:00:00;3009;R260703017;28-33-0832-37;28-33-0832-37;Sewn Graft Components;M4-42mm x 195mm;B;;EVS;1;1;0;0;28-22-1118-20;28-22-1118-20;S-Bar 42MMx90MM(77deg);Thanh S 42MMx90MM (77 ĐỘ);ZROH;0001660487;1;3009;1;0060
R260703017;000010075842;TECO - Technically completed;2026-07-03 00:00:00;2026-06-25 00:00:00;2026-07-10 00:00:00;3009;R260703017;28-33-0832-37;28-33-0832-37;Sewn Graft Components;M4-42mm x 195mm;B;;EVS;1;1;0;0;28-22-0557;28-22-0557;Cylindrical Marker Bands;ĐIỂM ĐÁNH DẤU HÌNH TRỤ;ZROH;T00672110;5;3009;5;0070
R260703017;000010075842;TECO - Technically completed;2026-07-03 00:00:00;2026-06-25 00:00:00;2026-07-10 00:00:00;3009;R260703017;28-33-0832-37;28-33-0832-37;Sewn Graft Components;M4-42mm x 195mm;B;;EVS;1;1;0;0;28-22-0917;28-22-0917;Tube Marker Band;ỐNG ĐÁNH DẤU;ZROH;T00734504;7;3009;7;0080
R260703017;000010075842;TECO - Technically completed;2026-07-03 00:00:00;2026-06-25 00:00:00;2026-07-10 00:00:00;3009;R260703017;28-33-0832-37;28-33-0832-37;Sewn Graft Components;M4-42mm x 195mm;B;;EVS;1;1;0;0;28-22-0315;28-22-0315;5-0 Polyester Suture;CHỈ KHÂU POLYESTER 5-0;ZROH;T00067665;19;3009;19;0090
R260703017;000010075842;TECO - Technically completed;2026-07-03 00:00:00;2026-06-25 00:00:00;2026-07-10 00:00:00;3009;R260703017;28-33-0832-37;28-33-0832-37;Sewn Graft Components;M4-42mm x 195mm;B;;EVS;1;1;0;0;4SA63X1100LYN;SA63X1100LYN;Packing bag 135×390;TÚI ĐÓNG GÓI 135x390MM;ZFRT;250113B;1;3009;1;0100
R260703017;000010075842;TECO - Technically completed;2026-07-03 00:00:00;2026-06-25 00:00:00;2026-07-10 00:00:00;3009;R260703017;28-33-0832-37;28-33-0832-37;Sewn Graft Components;M4-42mm x 195mm;B;;EVS;1;1;0;0;4SA63X700LYN;SA63X700LYN;Packing bag 150×440;TÚI ĐÓNG GÓI 150x440mm;ZFRT;260306B;1;3009;1;0110
R260703018;000010075843;TECO - Technically completed;2026-07-03 00:00:00;2026-06-25 00:00:00;2026-07-10 00:00:00;3009;R260703018;28-33-0832-37;28-33-0832-37;Sewn Graft Components;M4-42mm x 195mm;B;;EVS;1;1;0;0;28-22-0922-42;28-22-0922-42;42MM X 235MM Fabric -TAA;ỐNG VẢI 42MM X 235MM-TAA;ZROH;T00502643;1;3009;1;0010
R260703018;000010075843;TECO - Technically completed;2026-07-03 00:00:00;2026-06-25 00:00:00;2026-07-10 00:00:00;3009;R260703018;28-33-0832-37;28-33-0832-37;Sewn Graft Components;M4-42mm x 195mm;B;;EVS;1;1;0;0;28-22-0255-01;28-22-0255-01;Bare Spring 42MM;VÒNG TRẦN 42MM;ZROH;0001683175;1;3009;1;0020
R260703018;000010075843;TECO - Technically completed;2026-07-03 00:00:00;2026-06-25 00:00:00;2026-07-10 00:00:00;3009;R260703018;28-33-0832-37;28-33-0832-37;Sewn Graft Components;M4-42mm x 195mm;B;;EVS;1;1;0;0;28-22-0252-01;28-22-0252-01;Proximal Spring 42MM;VÒNG ĐẦU GẦN 42MM;ZROH;0001688496;2;3009;2;0030
R260703018;000010075843;TECO - Technically completed;2026-07-03 00:00:00;2026-06-25 00:00:00;2026-07-10 00:00:00;3009;R260703018;28-33-0832-37;28-33-0832-37;Sewn Graft Components;M4-42mm x 195mm;B;;EVS;1;1;0;0;28-22-0249-01;28-22-0249-01;Middle Spring 42MM;VÒNG GIỮA 42MM;ZROH;0001664224;6;3009;6;0040
R260703018;000010075843;TECO - Technically completed;2026-07-03 00:00:00;2026-06-25 00:00:00;2026-07-10 00:00:00;3009;R260703018;28-33-0832-37;28-33-0832-37;Sewn Graft Components;M4-42mm x 195mm;B;;EVS;1;1;0;0;28-22-0263-01;28-22-0263-01;Distal Spring 42MM;VÒNG ĐẦU XA 42MM;ZROH;0001671639;1;3009;1;0050
R260703018;000010075843;TECO - Technically completed;2026-07-03 00:00:00;2026-06-25 00:00:00;2026-07-10 00:00:00;3009;R260703018;28-33-0832-37;28-33-0832-37;Sewn Graft Components;M4-42mm x 195mm;B;;EVS;1;1;0;0;28-22-1118-20;28-22-1118-20;S-Bar 42MMx90MM(77deg);Thanh S 42MMx90MM (77 ĐỘ);ZROH;0001660487;1;3009;1;0060
R260703018;000010075843;TECO - Technically completed;2026-07-03 00:00:00;2026-06-25 00:00:00;2026-07-10 00:00:00;3009;R260703018;28-33-0832-37;28-33-0832-37;Sewn Graft Components;M4-42mm x 195mm;B;;EVS;1;1;0;0;28-22-0557;28-22-0557;Cylindrical Marker Bands;ĐIỂM ĐÁNH DẤU HÌNH TRỤ;ZROH;T00672110;5;3009;5;0070
R260703018;000010075843;TECO - Technically completed;2026-07-03 00:00:00;2026-06-25 00:00:00;2026-07-10 00:00:00;3009;R260703018;28-33-0832-37;28-33-0832-37;Sewn Graft Components;M4-42mm x 195mm;B;;EVS;1;1;0;0;28-22-0917;28-22-0917;Tube Marker Band;ỐNG ĐÁNH DẤU;ZROH;T00734504;7;3009;7;0080
R260703018;000010075843;TECO - Technically completed;2026-07-03 00:00:00;2026-06-25 00:00:00;2026-07-10 00:00:00;3009;R260703018;28-33-0832-37;28-33-0832-37;Sewn Graft Components;M4-42mm x 195mm;B;;EVS;1;1;0;0;28-22-0315;28-22-0315;5-0 Polyester Suture;CHỈ KHÂU POLYESTER 5-0;ZROH;T00067665;19;3009;19;0090
R260703018;000010075843;TECO - Technically completed;2026-07-03 00:00:00;2026-06-25 00:00:00;2026-07-10 00:00:00;3009;R260703018;28-33-0832-37;28-33-0832-37;Sewn Graft Components;M4-42mm x 195mm;B;;EVS;1;1;0;0;4SA63X1100LYN;SA63X1100LYN;Packing bag 135×390;TÚI ĐÓNG GÓI 135x390MM;ZFRT;250113B;1;3009;1;0100
R260703018;000010075843;TECO - Technically completed;2026-07-03 00:00:00;2026-06-25 00:00:00;2026-07-10 00:00:00;3009;R260703018;28-33-0832-37;28-33-0832-37;Sewn Graft Components;M4-42mm x 195mm;B;;EVS;1;1;0;0;4SA63X700LYN;SA63X700LYN;Packing bag 150×440;TÚI ĐÓNG GÓI 150x440mm;ZFRT;260306B;1;3009;1;0110
R260703019;000010075844;TECO - Technically completed;2026-07-03 00:00:00;2026-06-25 00:00:00;2026-07-10 00:00:00;3009;R260703019;28-33-0832-37;28-33-0832-37;Sewn Graft Components;M4-42mm x 195mm;B;;EVS;1;1;0;0;28-22-0922-42;28-22-0922-42;42MM X 235MM Fabric -TAA;ỐNG VẢI 42MM X 235MM-TAA;ZROH;T00502643;1;3009;1;0010
R260703019;000010075844;TECO - Technically completed;2026-07-03 00:00:00;2026-06-25 00:00:00;2026-07-10 00:00:00;3009;R260703019;28-33-0832-37;28-33-0832-37;Sewn Graft Components;M4-42mm x 195mm;B;;EVS;1;1;0;0;28-22-0255-01;28-22-0255-01;Bare Spring 42MM;VÒNG TRẦN 42MM;ZROH;0001683175;1;3009;1;0020
R260703019;000010075844;TECO - Technically completed;2026-07-03 00:00:00;2026-06-25 00:00:00;2026-07-10 00:00:00;3009;R260703019;28-33-0832-37;28-33-0832-37;Sewn Graft Components;M4-42mm x 195mm;B;;EVS;1;1;0;0;28-22-0252-01;28-22-0252-01;Proximal Spring 42MM;VÒNG ĐẦU GẦN 42MM;ZROH;0001688496;2;3009;2;0030
R260703019;000010075844;TECO - Technically completed;2026-07-03 00:00:00;2026-06-25 00:00:00;2026-07-10 00:00:00;3009;R260703019;28-33-0832-37;28-33-0832-37;Sewn Graft Components;M4-42mm x 195mm;B;;EVS;1;1;0;0;28-22-0249-01;28-22-0249-01;Middle Spring 42MM;VÒNG GIỮA 42MM;ZROH;0001664224;6;3009;6;0040
R260703019;000010075844;TECO - Technically completed;2026-07-03 00:00:00;2026-06-25 00:00:00;2026-07-10 00:00:00;3009;R260703019;28-33-0832-37;28-33-0832-37;Sewn Graft Components;M4-42mm x 195mm;B;;EVS;1;1;0;0;28-22-0263-01;28-22-0263-01;Distal Spring 42MM;VÒNG ĐẦU XA 42MM;ZROH;0001671639;1;3009;1;0050
R260703019;000010075844;TECO - Technically completed;2026-07-03 00:00:00;2026-06-25 00:00:00;2026-07-10 00:00:00;3009;R260703019;28-33-0832-37;28-33-0832-37;Sewn Graft Components;M4-42mm x 195mm;B;;EVS;1;1;0;0;28-22-1118-20;28-22-1118-20;S-Bar 42MMx90MM(77deg);Thanh S 42MMx90MM (77 ĐỘ);ZROH;0001660487;1;3009;1;0060
R260703019;000010075844;TECO - Technically completed;2026-07-03 00:00:00;2026-06-25 00:00:00;2026-07-10 00:00:00;3009;R260703019;28-33-0832-37;28-33-0832-37;Sewn Graft Components;M4-42mm x 195mm;B;;EVS;1;1;0;0;28-22-0557;28-22-0557;Cylindrical Marker Bands;ĐIỂM ĐÁNH DẤU HÌNH TRỤ;ZROH;T00672110;5;3009;5;0070
R260703019;000010075844;TECO - Technically completed;2026-07-03 00:00:00;2026-06-25 00:00:00;2026-07-10 00:00:00;3009;R260703019;28-33-0832-37;28-33-0832-37;Sewn Graft Components;M4-42mm x 195mm;B;;EVS;1;1;0;0;28-22-0917;28-22-0917;Tube Marker Band;ỐNG ĐÁNH DẤU;ZROH;T00734504;7;3009;7;0080
R260703019;000010075844;TECO - Technically completed;2026-07-03 00:00:00;2026-06-25 00:00:00;2026-07-10 00:00:00;3009;R260703019;28-33-0832-37;28-33-0832-37;Sewn Graft Components;M4-42mm x 195mm;B;;EVS;1;1;0;0;28-22-0315;28-22-0315;5-0 Polyester Suture;CHỈ KHÂU POLYESTER 5-0;ZROH;T00067665;19;3009;19;0090
R260703019;000010075844;TECO - Technically completed;2026-07-03 00:00:00;2026-06-25 00:00:00;2026-07-10 00:00:00;3009;R260703019;28-33-0832-37;28-33-0832-37;Sewn Graft Components;M4-42mm x 195mm;B;;EVS;1;1;0;0;4SA63X1100LYN;SA63X1100LYN;Packing bag 135×390;TÚI ĐÓNG GÓI 135x390MM;ZFRT;250113B;1;3009;1;0100
R260703019;000010075844;TECO - Technically completed;2026-07-03 00:00:00;2026-06-25 00:00:00;2026-07-10 00:00:00;3009;R260703019;28-33-0832-37;28-33-0832-37;Sewn Graft Components;M4-42mm x 195mm;B;;EVS;1;1;0;0;4SA63X700LYN;SA63X700LYN;Packing bag 150×440;TÚI ĐÓNG GÓI 150x440mm;ZFRT;260306B;1;3009;1;0110
R260703020;000010075845;TECO - Technically completed;2026-07-03 00:00:00;2026-06-25 00:00:00;2026-07-10 00:00:00;3009;R260703020;28-33-0832-37;28-33-0832-37;Sewn Graft Components;M4-42mm x 195mm;B;;EVS;1;1;0;0;28-22-0922-42;28-22-0922-42;42MM X 235MM Fabric -TAA;ỐNG VẢI 42MM X 235MM-TAA;ZROH;T00502643;1;3009;1;0010
R260703020;000010075845;TECO - Technically completed;2026-07-03 00:00:00;2026-06-25 00:00:00;2026-07-10 00:00:00;3009;R260703020;28-33-0832-37;28-33-0832-37;Sewn Graft Components;M4-42mm x 195mm;B;;EVS;1;1;0;0;28-22-0255-01;28-22-0255-01;Bare Spring 42MM;VÒNG TRẦN 42MM;ZROH;0001683175;1;3009;1;0020
R260703020;000010075845;TECO - Technically completed;2026-07-03 00:00:00;2026-06-25 00:00:00;2026-07-10 00:00:00;3009;R260703020;28-33-0832-37;28-33-0832-37;Sewn Graft Components;M4-42mm x 195mm;B;;EVS;1;1;0;0;28-22-0252-01;28-22-0252-01;Proximal Spring 42MM;VÒNG ĐẦU GẦN 42MM;ZROH;0001688496;2;3009;2;0030
R260703020;000010075845;TECO - Technically completed;2026-07-03 00:00:00;2026-06-25 00:00:00;2026-07-10 00:00:00;3009;R260703020;28-33-0832-37;28-33-0832-37;Sewn Graft Components;M4-42mm x 195mm;B;;EVS;1;1;0;0;28-22-0249-01;28-22-0249-01;Middle Spring 42MM;VÒNG GIỮA 42MM;ZROH;0001664224;3;3009;3;0040
R260703020;000010075845;TECO - Technically completed;2026-07-03 00:00:00;2026-06-25 00:00:00;2026-07-10 00:00:00;3009;R260703020;28-33-0832-37;28-33-0832-37;Sewn Graft Components;M4-42mm x 195mm;B;;EVS;1;1;0;0;28-22-0249-01;28-22-0249-01;Middle Spring 42MM;VÒNG GIỮA 42MM;ZROH;0001664300;3;3009;3;0040
R260703020;000010075845;TECO - Technically completed;2026-07-03 00:00:00;2026-06-25 00:00:00;2026-07-10 00:00:00;3009;R260703020;28-33-0832-37;28-33-0832-37;Sewn Graft Components;M4-42mm x 195mm;B;;EVS;1;1;0;0;28-22-0263-01;28-22-0263-01;Distal Spring 42MM;VÒNG ĐẦU XA 42MM;ZROH;0001671639;1;3009;1;0050
R260703020;000010075845;TECO - Technically completed;2026-07-03 00:00:00;2026-06-25 00:00:00;2026-07-10 00:00:00;3009;R260703020;28-33-0832-37;28-33-0832-37;Sewn Graft Components;M4-42mm x 195mm;B;;EVS;1;1;0;0;28-22-1118-20;28-22-1118-20;S-Bar 42MMx90MM(77deg);Thanh S 42MMx90MM (77 ĐỘ);ZROH;0001660487;1;3009;1;0060
R260703020;000010075845;TECO - Technically completed;2026-07-03 00:00:00;2026-06-25 00:00:00;2026-07-10 00:00:00;3009;R260703020;28-33-0832-37;28-33-0832-37;Sewn Graft Components;M4-42mm x 195mm;B;;EVS;1;1;0;0;28-22-0557;28-22-0557;Cylindrical Marker Bands;ĐIỂM ĐÁNH DẤU HÌNH TRỤ;ZROH;T00672110;5;3009;5;0070
R260703020;000010075845;TECO - Technically completed;2026-07-03 00:00:00;2026-06-25 00:00:00;2026-07-10 00:00:00;3009;R260703020;28-33-0832-37;28-33-0832-37;Sewn Graft Components;M4-42mm x 195mm;B;;EVS;1;1;0;0;28-22-0917;28-22-0917;Tube Marker Band;ỐNG ĐÁNH DẤU;ZROH;T00734504;7;3009;7;0080
R260703020;000010075845;TECO - Technically completed;2026-07-03 00:00:00;2026-06-25 00:00:00;2026-07-10 00:00:00;3009;R260703020;28-33-0832-37;28-33-0832-37;Sewn Graft Components;M4-42mm x 195mm;B;;EVS;1;1;0;0;28-22-0315;28-22-0315;5-0 Polyester Suture;CHỈ KHÂU POLYESTER 5-0;ZROH;T00067665;19;3009;19;0090
R260703020;000010075845;TECO - Technically completed;2026-07-03 00:00:00;2026-06-25 00:00:00;2026-07-10 00:00:00;3009;R260703020;28-33-0832-37;28-33-0832-37;Sewn Graft Components;M4-42mm x 195mm;B;;EVS;1;1;0;0;4SA63X1100LYN;SA63X1100LYN;Packing bag 135×390;TÚI ĐÓNG GÓI 135x390MM;ZFRT;250113B;1;3009;1;0100
R260703020;000010075845;TECO - Technically completed;2026-07-03 00:00:00;2026-06-25 00:00:00;2026-07-10 00:00:00;3009;R260703020;28-33-0832-37;28-33-0832-37;Sewn Graft Components;M4-42mm x 195mm;B;;EVS;1;1;0;0;4SA63X700LYN;SA63X700LYN;Packing bag 150×440;TÚI ĐÓNG GÓI 150x440mm;ZFRT;260306B;1;3009;1;0110
R260703021;000010075846;TECO - Technically completed;2026-07-03 00:00:00;2026-06-25 00:00:00;2026-07-10 00:00:00;3009;R260703021;28-33-0832-37;28-33-0832-37;Sewn Graft Components;M4-42mm x 195mm;B;;EVS;1;1;0;0;28-22-0922-42;28-22-0922-42;42MM X 235MM Fabric -TAA;ỐNG VẢI 42MM X 235MM-TAA;ZROH;T00502643;1;3009;1;0010
R260703021;000010075846;TECO - Technically completed;2026-07-03 00:00:00;2026-06-25 00:00:00;2026-07-10 00:00:00;3009;R260703021;28-33-0832-37;28-33-0832-37;Sewn Graft Components;M4-42mm x 195mm;B;;EVS;1;1;0;0;28-22-0255-01;28-22-0255-01;Bare Spring 42MM;VÒNG TRẦN 42MM;ZROH;0001683175;1;3009;1;0020
R260703021;000010075846;TECO - Technically completed;2026-07-03 00:00:00;2026-06-25 00:00:00;2026-07-10 00:00:00;3009;R260703021;28-33-0832-37;28-33-0832-37;Sewn Graft Components;M4-42mm x 195mm;B;;EVS;1;1;0;0;28-22-0252-01;28-22-0252-01;Proximal Spring 42MM;VÒNG ĐẦU GẦN 42MM;ZROH;0001688496;2;3009;2;0030
R260703021;000010075846;TECO - Technically completed;2026-07-03 00:00:00;2026-06-25 00:00:00;2026-07-10 00:00:00;3009;R260703021;28-33-0832-37;28-33-0832-37;Sewn Graft Components;M4-42mm x 195mm;B;;EVS;1;1;0;0;28-22-0249-01;28-22-0249-01;Middle Spring 42MM;VÒNG GIỮA 42MM;ZROH;0001664300;6;3009;6;0040
R260703021;000010075846;TECO - Technically completed;2026-07-03 00:00:00;2026-06-25 00:00:00;2026-07-10 00:00:00;3009;R260703021;28-33-0832-37;28-33-0832-37;Sewn Graft Components;M4-42mm x 195mm;B;;EVS;1;1;0;0;28-22-0263-01;28-22-0263-01;Distal Spring 42MM;VÒNG ĐẦU XA 42MM;ZROH;0001671639;1;3009;1;0050
R260703021;000010075846;TECO - Technically completed;2026-07-03 00:00:00;2026-06-25 00:00:00;2026-07-10 00:00:00;3009;R260703021;28-33-0832-37;28-33-0832-37;Sewn Graft Components;M4-42mm x 195mm;B;;EVS;1;1;0;0;28-22-1118-20;28-22-1118-20;S-Bar 42MMx90MM(77deg);Thanh S 42MMx90MM (77 ĐỘ);ZROH;0001660487;1;3009;1;0060
R260703021;000010075846;TECO - Technically completed;2026-07-03 00:00:00;2026-06-25 00:00:00;2026-07-10 00:00:00;3009;R260703021;28-33-0832-37;28-33-0832-37;Sewn Graft Components;M4-42mm x 195mm;B;;EVS;1;1;0;0;28-22-0557;28-22-0557;Cylindrical Marker Bands;ĐIỂM ĐÁNH DẤU HÌNH TRỤ;ZROH;T00672110;5;3009;5;0070
R260703021;000010075846;TECO - Technically completed;2026-07-03 00:00:00;2026-06-25 00:00:00;2026-07-10 00:00:00;3009;R260703021;28-33-0832-37;28-33-0832-37;Sewn Graft Components;M4-42mm x 195mm;B;;EVS;1;1;0;0;28-22-0917;28-22-0917;Tube Marker Band;ỐNG ĐÁNH DẤU;ZROH;T00734504;7;3009;7;0080
R260703021;000010075846;TECO - Technically completed;2026-07-03 00:00:00;2026-06-25 00:00:00;2026-07-10 00:00:00;3009;R260703021;28-33-0832-37;28-33-0832-37;Sewn Graft Components;M4-42mm x 195mm;B;;EVS;1;1;0;0;28-22-0315;28-22-0315;5-0 Polyester Suture;CHỈ KHÂU POLYESTER 5-0;ZROH;T00067665;19;3009;19;0090
R260703021;000010075846;TECO - Technically completed;2026-07-03 00:00:00;2026-06-25 00:00:00;2026-07-10 00:00:00;3009;R260703021;28-33-0832-37;28-33-0832-37;Sewn Graft Components;M4-42mm x 195mm;B;;EVS;1;1;0;0;4SA63X1100LYN;SA63X1100LYN;Packing bag 135×390;TÚI ĐÓNG GÓI 135x390MM;ZFRT;250113B;1;3009;1;0100
R260703021;000010075846;TECO - Technically completed;2026-07-03 00:00:00;2026-06-25 00:00:00;2026-07-10 00:00:00;3009;R260703021;28-33-0832-37;28-33-0832-37;Sewn Graft Components;M4-42mm x 195mm;B;;EVS;1;1;0;0;4SA63X700LYN;SA63X700LYN;Packing bag 150×440;TÚI ĐÓNG GÓI 150x440mm;ZFRT;260306B;1;3009;1;0110
R260703022;000010075847;TECO - Technically completed;2026-07-03 00:00:00;2026-06-25 00:00:00;2026-07-10 00:00:00;3009;R260703022;28-33-0832-37;28-33-0832-37;Sewn Graft Components;M4-42mm x 195mm;B;;EVS;1;1;0;0;28-22-0922-42;28-22-0922-42;42MM X 235MM Fabric -TAA;ỐNG VẢI 42MM X 235MM-TAA;ZROH;T00502643;1;3009;1;0010
R260703022;000010075847;TECO - Technically completed;2026-07-03 00:00:00;2026-06-25 00:00:00;2026-07-10 00:00:00;3009;R260703022;28-33-0832-37;28-33-0832-37;Sewn Graft Components;M4-42mm x 195mm;B;;EVS;1;1;0;0;28-22-0255-01;28-22-0255-01;Bare Spring 42MM;VÒNG TRẦN 42MM;ZROH;0001683175;1;3009;1;0020
R260703022;000010075847;TECO - Technically completed;2026-07-03 00:00:00;2026-06-25 00:00:00;2026-07-10 00:00:00;3009;R260703022;28-33-0832-37;28-33-0832-37;Sewn Graft Components;M4-42mm x 195mm;B;;EVS;1;1;0;0;28-22-0252-01;28-22-0252-01;Proximal Spring 42MM;VÒNG ĐẦU GẦN 42MM;ZROH;0001688496;2;3009;2;0030
R260703022;000010075847;TECO - Technically completed;2026-07-03 00:00:00;2026-06-25 00:00:00;2026-07-10 00:00:00;3009;R260703022;28-33-0832-37;28-33-0832-37;Sewn Graft Components;M4-42mm x 195mm;B;;EVS;1;1;0;0;28-22-0249-01;28-22-0249-01;Middle Spring 42MM;VÒNG GIỮA 42MM;ZROH;0001664300;6;3009;6;0040
R260703022;000010075847;TECO - Technically completed;2026-07-03 00:00:00;2026-06-25 00:00:00;2026-07-10 00:00:00;3009;R260703022;28-33-0832-37;28-33-0832-37;Sewn Graft Components;M4-42mm x 195mm;B;;EVS;1;1;0;0;28-22-0263-01;28-22-0263-01;Distal Spring 42MM;VÒNG ĐẦU XA 42MM;ZROH;0001671639;1;3009;1;0050
R260703022;000010075847;TECO - Technically completed;2026-07-03 00:00:00;2026-06-25 00:00:00;2026-07-10 00:00:00;3009;R260703022;28-33-0832-37;28-33-0832-37;Sewn Graft Components;M4-42mm x 195mm;B;;EVS;1;1;0;0;28-22-1118-20;28-22-1118-20;S-Bar 42MMx90MM(77deg);Thanh S 42MMx90MM (77 ĐỘ);ZROH;0001660496;1;3009;1;0060
R260703022;000010075847;TECO - Technically completed;2026-07-03 00:00:00;2026-06-25 00:00:00;2026-07-10 00:00:00;3009;R260703022;28-33-0832-37;28-33-0832-37;Sewn Graft Components;M4-42mm x 195mm;B;;EVS;1;1;0;0;28-22-0557;28-22-0557;Cylindrical Marker Bands;ĐIỂM ĐÁNH DẤU HÌNH TRỤ;ZROH;T00672110;5;3009;5;0070
R260703022;000010075847;TECO - Technically completed;2026-07-03 00:00:00;2026-06-25 00:00:00;2026-07-10 00:00:00;3009;R260703022;28-33-0832-37;28-33-0832-37;Sewn Graft Components;M4-42mm x 195mm;B;;EVS;1;1;0;0;28-22-0917;28-22-0917;Tube Marker Band;ỐNG ĐÁNH DẤU;ZROH;T00734504;7;3009;7;0080
R260703022;000010075847;TECO - Technically completed;2026-07-03 00:00:00;2026-06-25 00:00:00;2026-07-10 00:00:00;3009;R260703022;28-33-0832-37;28-33-0832-37;Sewn Graft Components;M4-42mm x 195mm;B;;EVS;1;1;0;0;28-22-0315;28-22-0315;5-0 Polyester Suture;CHỈ KHÂU POLYESTER 5-0;ZROH;T00067665;19;3009;19;0090
R260703022;000010075847;TECO - Technically completed;2026-07-03 00:00:00;2026-06-25 00:00:00;2026-07-10 00:00:00;3009;R260703022;28-33-0832-37;28-33-0832-37;Sewn Graft Components;M4-42mm x 195mm;B;;EVS;1;1;0;0;4SA63X1100LYN;SA63X1100LYN;Packing bag 135×390;TÚI ĐÓNG GÓI 135x390MM;ZFRT;250113B;1;3009;1;0100
R260703022;000010075847;TECO - Technically completed;2026-07-03 00:00:00;2026-06-25 00:00:00;2026-07-10 00:00:00;3009;R260703022;28-33-0832-37;28-33-0832-37;Sewn Graft Components;M4-42mm x 195mm;B;;EVS;1;1;0;0;4SA63X700LYN;SA63X700LYN;Packing bag 150×440;TÚI ĐÓNG GÓI 150x440mm;ZFRT;260306B;1;3009;1;0110
R260703023;000010075848;TECO - Technically completed;2026-07-03 00:00:00;2026-06-25 00:00:00;2026-07-10 00:00:00;3009;R260703023;28-33-0832-37;28-33-0832-37;Sewn Graft Components;M4-42mm x 195mm;B;;EVS;1;1;0;0;28-22-0922-42;28-22-0922-42;42MM X 235MM Fabric -TAA;ỐNG VẢI 42MM X 235MM-TAA;ZROH;T00424237;1;3009;1;0010
R260703023;000010075848;TECO - Technically completed;2026-07-03 00:00:00;2026-06-25 00:00:00;2026-07-10 00:00:00;3009;R260703023;28-33-0832-37;28-33-0832-37;Sewn Graft Components;M4-42mm x 195mm;B;;EVS;1;1;0;0;28-22-0255-01;28-22-0255-01;Bare Spring 42MM;VÒNG TRẦN 42MM;ZROH;0001683175;1;3009;1;0020
R260703023;000010075848;TECO - Technically completed;2026-07-03 00:00:00;2026-06-25 00:00:00;2026-07-10 00:00:00;3009;R260703023;28-33-0832-37;28-33-0832-37;Sewn Graft Components;M4-42mm x 195mm;B;;EVS;1;1;0;0;28-22-0252-01;28-22-0252-01;Proximal Spring 42MM;VÒNG ĐẦU GẦN 42MM;ZROH;0001688496;2;3009;2;0030
R260703023;000010075848;TECO - Technically completed;2026-07-03 00:00:00;2026-06-25 00:00:00;2026-07-10 00:00:00;3009;R260703023;28-33-0832-37;28-33-0832-37;Sewn Graft Components;M4-42mm x 195mm;B;;EVS;1;1;0;0;28-22-0249-01;28-22-0249-01;Middle Spring 42MM;VÒNG GIỮA 42MM;ZROH;0001664300;6;3009;6;0040
R260703023;000010075848;TECO - Technically completed;2026-07-03 00:00:00;2026-06-25 00:00:00;2026-07-10 00:00:00;3009;R260703023;28-33-0832-37;28-33-0832-37;Sewn Graft Components;M4-42mm x 195mm;B;;EVS;1;1;0;0;28-22-0263-01;28-22-0263-01;Distal Spring 42MM;VÒNG ĐẦU XA 42MM;ZROH;0001671639;1;3009;1;0050
R260703023;000010075848;TECO - Technically completed;2026-07-03 00:00:00;2026-06-25 00:00:00;2026-07-10 00:00:00;3009;R260703023;28-33-0832-37;28-33-0832-37;Sewn Graft Components;M4-42mm x 195mm;B;;EVS;1;1;0;0;28-22-1118-20;28-22-1118-20;S-Bar 42MMx90MM(77deg);Thanh S 42MMx90MM (77 ĐỘ);ZROH;0001660496;1;3009;1;0060
R260703023;000010075848;TECO - Technically completed;2026-07-03 00:00:00;2026-06-25 00:00:00;2026-07-10 00:00:00;3009;R260703023;28-33-0832-37;28-33-0832-37;Sewn Graft Components;M4-42mm x 195mm;B;;EVS;1;1;0;0;28-22-0557;28-22-0557;Cylindrical Marker Bands;ĐIỂM ĐÁNH DẤU HÌNH TRỤ;ZROH;T00672110;5;3009;5;0070
R260703023;000010075848;TECO - Technically completed;2026-07-03 00:00:00;2026-06-25 00:00:00;2026-07-10 00:00:00;3009;R260703023;28-33-0832-37;28-33-0832-37;Sewn Graft Components;M4-42mm x 195mm;B;;EVS;1;1;0;0;28-22-0917;28-22-0917;Tube Marker Band;ỐNG ĐÁNH DẤU;ZROH;T00734504;7;3009;7;0080
R260703023;000010075848;TECO - Technically completed;2026-07-03 00:00:00;2026-06-25 00:00:00;2026-07-10 00:00:00;3009;R260703023;28-33-0832-37;28-33-0832-37;Sewn Graft Components;M4-42mm x 195mm;B;;EVS;1;1;0;0;28-22-0315;28-22-0315;5-0 Polyester Suture;CHỈ KHÂU POLYESTER 5-0;ZROH;T00067665;19;3009;19;0090
R260703023;000010075848;TECO - Technically completed;2026-07-03 00:00:00;2026-06-25 00:00:00;2026-07-10 00:00:00;3009;R260703023;28-33-0832-37;28-33-0832-37;Sewn Graft Components;M4-42mm x 195mm;B;;EVS;1;1;0;0;4SA63X1100LYN;SA63X1100LYN;Packing bag 135×390;TÚI ĐÓNG GÓI 135x390MM;ZFRT;250113B;1;3009;1;0100
R260703023;000010075848;TECO - Technically completed;2026-07-03 00:00:00;2026-06-25 00:00:00;2026-07-10 00:00:00;3009;R260703023;28-33-0832-37;28-33-0832-37;Sewn Graft Components;M4-42mm x 195mm;B;;EVS;1;1;0;0;4SA63X700LYN;SA63X700LYN;Packing bag 150×440;TÚI ĐÓNG GÓI 150x440mm;ZFRT;260306B;1;3009;1;0110
R260703024;000010075849;TECO - Technically completed;2026-07-03 00:00:00;2026-06-25 00:00:00;2026-07-10 00:00:00;3009;R260703024;28-33-0832-37;28-33-0832-37;Sewn Graft Components;M4-42mm x 195mm;B;;EVS;1;1;0;0;28-22-0922-42;28-22-0922-42;42MM X 235MM Fabric -TAA;ỐNG VẢI 42MM X 235MM-TAA;ZROH;T00424237;1;3009;1;0010
R260703024;000010075849;TECO - Technically completed;2026-07-03 00:00:00;2026-06-25 00:00:00;2026-07-10 00:00:00;3009;R260703024;28-33-0832-37;28-33-0832-37;Sewn Graft Components;M4-42mm x 195mm;B;;EVS;1;1;0;0;28-22-0255-01;28-22-0255-01;Bare Spring 42MM;VÒNG TRẦN 42MM;ZROH;0001683175;1;3009;1;0020
R260703024;000010075849;TECO - Technically completed;2026-07-03 00:00:00;2026-06-25 00:00:00;2026-07-10 00:00:00;3009;R260703024;28-33-0832-37;28-33-0832-37;Sewn Graft Components;M4-42mm x 195mm;B;;EVS;1;1;0;0;28-22-0252-01;28-22-0252-01;Proximal Spring 42MM;VÒNG ĐẦU GẦN 42MM;ZROH;0001688496;2;3009;2;0030
R260703024;000010075849;TECO - Technically completed;2026-07-03 00:00:00;2026-06-25 00:00:00;2026-07-10 00:00:00;3009;R260703024;28-33-0832-37;28-33-0832-37;Sewn Graft Components;M4-42mm x 195mm;B;;EVS;1;1;0;0;28-22-0249-01;28-22-0249-01;Middle Spring 42MM;VÒNG GIỮA 42MM;ZROH;0001664300;6;3009;6;0040
R260703024;000010075849;TECO - Technically completed;2026-07-03 00:00:00;2026-06-25 00:00:00;2026-07-10 00:00:00;3009;R260703024;28-33-0832-37;28-33-0832-37;Sewn Graft Components;M4-42mm x 195mm;B;;EVS;1;1;0;0;28-22-0263-01;28-22-0263-01;Distal Spring 42MM;VÒNG ĐẦU XA 42MM;ZROH;0001671639;1;3009;1;0050
R260703024;000010075849;TECO - Technically completed;2026-07-03 00:00:00;2026-06-25 00:00:00;2026-07-10 00:00:00;3009;R260703024;28-33-0832-37;28-33-0832-37;Sewn Graft Components;M4-42mm x 195mm;B;;EVS;1;1;0;0;28-22-1118-20;28-22-1118-20;S-Bar 42MMx90MM(77deg);Thanh S 42MMx90MM (77 ĐỘ);ZROH;0001660496;1;3009;1;0060
R260703024;000010075849;TECO - Technically completed;2026-07-03 00:00:00;2026-06-25 00:00:00;2026-07-10 00:00:00;3009;R260703024;28-33-0832-37;28-33-0832-37;Sewn Graft Components;M4-42mm x 195mm;B;;EVS;1;1;0;0;28-22-0557;28-22-0557;Cylindrical Marker Bands;ĐIỂM ĐÁNH DẤU HÌNH TRỤ;ZROH;T00672110;5;3009;5;0070
R260703024;000010075849;TECO - Technically completed;2026-07-03 00:00:00;2026-06-25 00:00:00;2026-07-10 00:00:00;3009;R260703024;28-33-0832-37;28-33-0832-37;Sewn Graft Components;M4-42mm x 195mm;B;;EVS;1;1;0;0;28-22-0917;28-22-0917;Tube Marker Band;ỐNG ĐÁNH DẤU;ZROH;T00734504;7;3009;7;0080
R260703024;000010075849;TECO - Technically completed;2026-07-03 00:00:00;2026-06-25 00:00:00;2026-07-10 00:00:00;3009;R260703024;28-33-0832-37;28-33-0832-37;Sewn Graft Components;M4-42mm x 195mm;B;;EVS;1;1;0;0;28-22-0315;28-22-0315;5-0 Polyester Suture;CHỈ KHÂU POLYESTER 5-0;ZROH;T00067665;19;3009;19;0090
R260703024;000010075849;TECO - Technically completed;2026-07-03 00:00:00;2026-06-25 00:00:00;2026-07-10 00:00:00;3009;R260703024;28-33-0832-37;28-33-0832-37;Sewn Graft Components;M4-42mm x 195mm;B;;EVS;1;1;0;0;4SA63X1100LYN;SA63X1100LYN;Packing bag 135×390;TÚI ĐÓNG GÓI 135x390MM;ZFRT;250113B;1;3009;1;0100
R260703024;000010075849;TECO - Technically completed;2026-07-03 00:00:00;2026-06-25 00:00:00;2026-07-10 00:00:00;3009;R260703024;28-33-0832-37;28-33-0832-37;Sewn Graft Components;M4-42mm x 195mm;B;;EVS;1;1;0;0;4SA63X700LYN;SA63X700LYN;Packing bag 150×440;TÚI ĐÓNG GÓI 150x440mm;ZFRT;260306B;1;3009;1;0110
R260703025;000010075850;TECO - Technically completed;2026-07-03 00:00:00;2026-06-25 00:00:00;2026-07-10 00:00:00;3009;R260703025;28-33-0832-37;28-33-0832-37;Sewn Graft Components;M4-42mm x 195mm;B;;EVS;1;1;0;0;28-22-0922-42;28-22-0922-42;42MM X 235MM Fabric -TAA;ỐNG VẢI 42MM X 235MM-TAA;ZROH;T00424237;1;3009;1;0010
R260703025;000010075850;TECO - Technically completed;2026-07-03 00:00:00;2026-06-25 00:00:00;2026-07-10 00:00:00;3009;R260703025;28-33-0832-37;28-33-0832-37;Sewn Graft Components;M4-42mm x 195mm;B;;EVS;1;1;0;0;28-22-0255-01;28-22-0255-01;Bare Spring 42MM;VÒNG TRẦN 42MM;ZROH;0001683175;1;3009;1;0020
R260703025;000010075850;TECO - Technically completed;2026-07-03 00:00:00;2026-06-25 00:00:00;2026-07-10 00:00:00;3009;R260703025;28-33-0832-37;28-33-0832-37;Sewn Graft Components;M4-42mm x 195mm;B;;EVS;1;1;0;0;28-22-0252-01;28-22-0252-01;Proximal Spring 42MM;VÒNG ĐẦU GẦN 42MM;ZROH;0001688496;2;3009;2;0030
R260703025;000010075850;TECO - Technically completed;2026-07-03 00:00:00;2026-06-25 00:00:00;2026-07-10 00:00:00;3009;R260703025;28-33-0832-37;28-33-0832-37;Sewn Graft Components;M4-42mm x 195mm;B;;EVS;1;1;0;0;28-22-0249-01;28-22-0249-01;Middle Spring 42MM;VÒNG GIỮA 42MM;ZROH;0001664300;6;3009;6;0040
R260703025;000010075850;TECO - Technically completed;2026-07-03 00:00:00;2026-06-25 00:00:00;2026-07-10 00:00:00;3009;R260703025;28-33-0832-37;28-33-0832-37;Sewn Graft Components;M4-42mm x 195mm;B;;EVS;1;1;0;0;28-22-0263-01;28-22-0263-01;Distal Spring 42MM;VÒNG ĐẦU XA 42MM;ZROH;0001671639;1;3009;1;0050
R260703025;000010075850;TECO - Technically completed;2026-07-03 00:00:00;2026-06-25 00:00:00;2026-07-10 00:00:00;3009;R260703025;28-33-0832-37;28-33-0832-37;Sewn Graft Components;M4-42mm x 195mm;B;;EVS;1;1;0;0;28-22-1118-20;28-22-1118-20;S-Bar 42MMx90MM(77deg);Thanh S 42MMx90MM (77 ĐỘ);ZROH;0001660496;1;3009;1;0060
R260703025;000010075850;TECO - Technically completed;2026-07-03 00:00:00;2026-06-25 00:00:00;2026-07-10 00:00:00;3009;R260703025;28-33-0832-37;28-33-0832-37;Sewn Graft Components;M4-42mm x 195mm;B;;EVS;1;1;0;0;28-22-0557;28-22-0557;Cylindrical Marker Bands;ĐIỂM ĐÁNH DẤU HÌNH TRỤ;ZROH;T00672110;5;3009;5;0070
R260703025;000010075850;TECO - Technically completed;2026-07-03 00:00:00;2026-06-25 00:00:00;2026-07-10 00:00:00;3009;R260703025;28-33-0832-37;28-33-0832-37;Sewn Graft Components;M4-42mm x 195mm;B;;EVS;1;1;0;0;28-22-0917;28-22-0917;Tube Marker Band;ỐNG ĐÁNH DẤU;ZROH;T00734504;7;3009;7;0080
R260703025;000010075850;TECO - Technically completed;2026-07-03 00:00:00;2026-06-25 00:00:00;2026-07-10 00:00:00;3009;R260703025;28-33-0832-37;28-33-0832-37;Sewn Graft Components;M4-42mm x 195mm;B;;EVS;1;1;0;0;28-22-0315;28-22-0315;5-0 Polyester Suture;CHỈ KHÂU POLYESTER 5-0;ZROH;T00067665;19;3009;19;0090
R260703025;000010075850;TECO - Technically completed;2026-07-03 00:00:00;2026-06-25 00:00:00;2026-07-10 00:00:00;3009;R260703025;28-33-0832-37;28-33-0832-37;Sewn Graft Components;M4-42mm x 195mm;B;;EVS;1;1;0;0;4SA63X1100LYN;SA63X1100LYN;Packing bag 135×390;TÚI ĐÓNG GÓI 135x390MM;ZFRT;250113B;1;3009;1;0100
R260703025;000010075850;TECO - Technically completed;2026-07-03 00:00:00;2026-06-25 00:00:00;2026-07-10 00:00:00;3009;R260703025;28-33-0832-37;28-33-0832-37;Sewn Graft Components;M4-42mm x 195mm;B;;EVS;1;1;0;0;4SA63X700LYN;SA63X700LYN;Packing bag 150×440;TÚI ĐÓNG GÓI 150x440mm;ZFRT;260306B;1;3009;1;0110
R260703026;000010075851;TECO - Technically completed;2026-07-03 00:00:00;2026-06-25 00:00:00;2026-07-10 00:00:00;3009;R260703026;28-33-0832-47;28-33-0832-47;Sewn Graft Components;M4-36mm x 250mm;B;;EVS;1;1;0;0;28-22-0922-54;28-22-0922-54;36MM X 285MM Fabric -TAA;ỐNG VẢI 36MM X 285MM-TAA;ZROH;T00604935;1;3009;1;0010
R260703026;000010075851;TECO - Technically completed;2026-07-03 00:00:00;2026-06-25 00:00:00;2026-07-10 00:00:00;3009;R260703026;28-33-0832-47;28-33-0832-47;Sewn Graft Components;M4-36mm x 250mm;B;;EVS;1;1;0;0;28-22-0254-02;28-22-0254-02;Bare Spring 36MM;VÒNG TRẦN 36MM;ZROH;0001681064;1;3009;1;0020
R260703026;000010075851;TECO - Technically completed;2026-07-03 00:00:00;2026-06-25 00:00:00;2026-07-10 00:00:00;3009;R260703026;28-33-0832-47;28-33-0832-47;Sewn Graft Components;M4-36mm x 250mm;B;;EVS;1;1;0;0;28-22-0251-02;28-22-0251-02;Proximal Spring 36MM;VÒNG ĐẦU GẦN 36MM;ZROH;0001671043;2;3009;2;0030
R260703026;000010075851;TECO - Technically completed;2026-07-03 00:00:00;2026-06-25 00:00:00;2026-07-10 00:00:00;3009;R260703026;28-33-0832-47;28-33-0832-47;Sewn Graft Components;M4-36mm x 250mm;B;;EVS;1;1;0;0;28-22-0248-02;28-22-0248-02;Middle Spring 36MM;VÒNG GIỮA 36MM;ZROH;0001688039;9;3009;9;0040
R260703026;000010075851;TECO - Technically completed;2026-07-03 00:00:00;2026-06-25 00:00:00;2026-07-10 00:00:00;3009;R260703026;28-33-0832-47;28-33-0832-47;Sewn Graft Components;M4-36mm x 250mm;B;;EVS;1;1;0;0;28-22-0258-02;28-22-0258-02;Distal Spring 36MM;VÒNG ĐẦU XA 36MM;ZROH;0001688511;1;3009;1;0050
R260703026;000010075851;TECO - Technically completed;2026-07-03 00:00:00;2026-06-25 00:00:00;2026-07-10 00:00:00;3009;R260703026;28-33-0832-47;28-33-0832-47;Sewn Graft Components;M4-36mm x 250mm;B;;EVS;1;1;0;0;28-22-1118-14;28-22-1118-14;S-Bar 36MMx83MM(90deg);Thanh S 36MMx83MM (90 ĐỘ);ZROH;0001657294;1;3009;1;0060
R260703026;000010075851;TECO - Technically completed;2026-07-03 00:00:00;2026-06-25 00:00:00;2026-07-10 00:00:00;3009;R260703026;28-33-0832-47;28-33-0832-47;Sewn Graft Components;M4-36mm x 250mm;B;;EVS;1;1;0;0;28-22-0557;28-22-0557;Cylindrical Marker Bands;ĐIỂM ĐÁNH DẤU HÌNH TRỤ;ZROH;T00672110;5;3009;5;0070
R260703026;000010075851;TECO - Technically completed;2026-07-03 00:00:00;2026-06-25 00:00:00;2026-07-10 00:00:00;3009;R260703026;28-33-0832-47;28-33-0832-47;Sewn Graft Components;M4-36mm x 250mm;B;;EVS;1;1;0;0;28-22-0917;28-22-0917;Tube Marker Band;ỐNG ĐÁNH DẤU;ZROH;T00734504;6;3009;6;0080
R260703026;000010075851;TECO - Technically completed;2026-07-03 00:00:00;2026-06-25 00:00:00;2026-07-10 00:00:00;3009;R260703026;28-33-0832-47;28-33-0832-47;Sewn Graft Components;M4-36mm x 250mm;B;;EVS;1;1;0;0;28-22-0315;28-22-0315;5-0 Polyester Suture;CHỈ KHÂU POLYESTER 5-0;ZROH;T00067665;20;3009;20;0090
R260703026;000010075851;TECO - Technically completed;2026-07-03 00:00:00;2026-06-25 00:00:00;2026-07-10 00:00:00;3009;R260703026;28-33-0832-47;28-33-0832-47;Sewn Graft Components;M4-36mm x 250mm;B;;EVS;1;1;0;0;4SA63X1100LYN;SA63X1100LYN;Packing bag 135×390;TÚI ĐÓNG GÓI 135x390MM;ZFRT;250113B;1;3009;1;0100
R260703026;000010075851;TECO - Technically completed;2026-07-03 00:00:00;2026-06-25 00:00:00;2026-07-10 00:00:00;3009;R260703026;28-33-0832-47;28-33-0832-47;Sewn Graft Components;M4-36mm x 250mm;B;;EVS;1;1;0;0;4SA63X700LYN;SA63X700LYN;Packing bag 150×440;TÚI ĐÓNG GÓI 150x440mm;ZFRT;260306B;1;3009;1;0110
R260704001;000010075859;TECO - Technically completed;2026-07-04 00:00:00;2026-06-25 00:00:00;2026-07-11 00:00:00;3009;R260704001;28-33-0832-09;28-33-0832-09;Sewn Graft Components;M4-38mm x 100mm;B;;EVS;1;1;0;0;28-22-0922-10;28-22-0922-10;38MM X 140MM Fabric -TAA;ỐNG VẢI 38 MMX 140MM-TAA;ZROH;T00501558;1;3009;1;0010
R260704001;000010075859;TECO - Technically completed;2026-07-04 00:00:00;2026-06-25 00:00:00;2026-07-11 00:00:00;3009;R260704001;28-33-0832-09;28-33-0832-09;Sewn Graft Components;M4-38mm x 100mm;B;;EVS;1;1;0;0;28-22-0254-03;28-22-0254-03;Bare Spring 38MM;VÒNG TRẦN 38MM;ZROH;2503140097;1;3009;1;0020
R260704001;000010075859;TECO - Technically completed;2026-07-04 00:00:00;2026-06-25 00:00:00;2026-07-11 00:00:00;3009;R260704001;28-33-0832-09;28-33-0832-09;Sewn Graft Components;M4-38mm x 100mm;B;;EVS;1;1;0;0;28-22-0251-03;28-22-0251-03;Proximal Spring 38MM;VÒNG ĐẦU GẦN 38MM;ZROH;0001681019;2;3009;2;0030
R260704001;000010075859;TECO - Technically completed;2026-07-04 00:00:00;2026-06-25 00:00:00;2026-07-11 00:00:00;3009;R260704001;28-33-0832-09;28-33-0832-09;Sewn Graft Components;M4-38mm x 100mm;B;;EVS;1;1;0;0;28-22-0248-03;28-22-0248-03;Middle Spring 38MM;VÒNG GIỮA 38MM;ZROH;0001683696;2;3009;2;0040
R260704001;000010075859;TECO - Technically completed;2026-07-04 00:00:00;2026-06-25 00:00:00;2026-07-11 00:00:00;3009;R260704001;28-33-0832-09;28-33-0832-09;Sewn Graft Components;M4-38mm x 100mm;B;;EVS;1;1;0;0;28-22-0258-03;28-22-0258-03;Distal Spring 38MM;VÒNG ĐẦU XA 38MM;ZROH;2602190276;1;3009;1;0050
R260704001;000010075859;TECO - Technically completed;2026-07-04 00:00:00;2026-06-25 00:00:00;2026-07-11 00:00:00;3009;R260704001;28-33-0832-09;28-33-0832-09;Sewn Graft Components;M4-38mm x 100mm;B;;EVS;1;1;0;0;28-22-0259-08;28-22-0259-08;S-Bar 38mm x 62mm (55deg);Thanh S 38MMx62MM (55 ĐỘ);ZROH;2409250286;1;3009;1;0060
R260704001;000010075859;TECO - Technically completed;2026-07-04 00:00:00;2026-06-25 00:00:00;2026-07-11 00:00:00;3009;R260704001;28-33-0832-09;28-33-0832-09;Sewn Graft Components;M4-38mm x 100mm;B;;EVS;1;1;0;0;28-22-0557;28-22-0557;Cylindrical Marker Bands;ĐIỂM ĐÁNH DẤU HÌNH TRỤ;ZROH;T00672110;4;3009;4;0070
R260704001;000010075859;TECO - Technically completed;2026-07-04 00:00:00;2026-06-25 00:00:00;2026-07-11 00:00:00;3009;R260704001;28-33-0832-09;28-33-0832-09;Sewn Graft Components;M4-38mm x 100mm;B;;EVS;1;1;0;0;28-22-0917;28-22-0917;Tube Marker Band;ỐNG ĐÁNH DẤU;ZROH;T00734504;6;3009;6;0080
R260704001;000010075859;TECO - Technically completed;2026-07-04 00:00:00;2026-06-25 00:00:00;2026-07-11 00:00:00;3009;R260704001;28-33-0832-09;28-33-0832-09;Sewn Graft Components;M4-38mm x 100mm;B;;EVS;1;1;0;0;28-22-0315;28-22-0315;5-0 Polyester Suture;CHỈ KHÂU POLYESTER 5-0;ZROH;T00067668;12;3009;12;0090
R260704001;000010075859;TECO - Technically completed;2026-07-04 00:00:00;2026-06-25 00:00:00;2026-07-11 00:00:00;3009;R260704001;28-33-0832-09;28-33-0832-09;Sewn Graft Components;M4-38mm x 100mm;B;;EVS;1;1;0;0;4SA63X1100LYN;SA63X1100LYN;Packing bag 135×390;TÚI ĐÓNG GÓI 135x390MM;ZFRT;250113B;1;3009;1;0100
R260704001;000010075859;TECO - Technically completed;2026-07-04 00:00:00;2026-06-25 00:00:00;2026-07-11 00:00:00;3009;R260704001;28-33-0832-09;28-33-0832-09;Sewn Graft Components;M4-38mm x 100mm;B;;EVS;1;1;0;0;4SA63X700LYN;SA63X700LYN;Packing bag 150×440;TÚI ĐÓNG GÓI 150x440mm;ZFRT;260306B;1;3009;1;0110
R260704002;000010075860;TECO - Technically completed;2026-07-04 00:00:00;2026-06-25 00:00:00;2026-07-11 00:00:00;3009;R260704002;28-33-0832-09;28-33-0832-09;Sewn Graft Components;M4-38mm x 100mm;B;;EVS;1;1;0;0;28-22-0922-10;28-22-0922-10;38MM X 140MM Fabric -TAA;ỐNG VẢI 38 MMX 140MM-TAA;ZROH;T00501558;1;3009;1;0010
R260704002;000010075860;TECO - Technically completed;2026-07-04 00:00:00;2026-06-25 00:00:00;2026-07-11 00:00:00;3009;R260704002;28-33-0832-09;28-33-0832-09;Sewn Graft Components;M4-38mm x 100mm;B;;EVS;1;1;0;0;28-22-0254-03;28-22-0254-03;Bare Spring 38MM;VÒNG TRẦN 38MM;ZROH;2503140097;1;3009;1;0020
R260704002;000010075860;TECO - Technically completed;2026-07-04 00:00:00;2026-06-25 00:00:00;2026-07-11 00:00:00;3009;R260704002;28-33-0832-09;28-33-0832-09;Sewn Graft Components;M4-38mm x 100mm;B;;EVS;1;1;0;0;28-22-0251-03;28-22-0251-03;Proximal Spring 38MM;VÒNG ĐẦU GẦN 38MM;ZROH;0001681036;2;3009;2;0030
R260704002;000010075860;TECO - Technically completed;2026-07-04 00:00:00;2026-06-25 00:00:00;2026-07-11 00:00:00;3009;R260704002;28-33-0832-09;28-33-0832-09;Sewn Graft Components;M4-38mm x 100mm;B;;EVS;1;1;0;0;28-22-0248-03;28-22-0248-03;Middle Spring 38MM;VÒNG GIỮA 38MM;ZROH;0001683696;2;3009;2;0040
R260704002;000010075860;TECO - Technically completed;2026-07-04 00:00:00;2026-06-25 00:00:00;2026-07-11 00:00:00;3009;R260704002;28-33-0832-09;28-33-0832-09;Sewn Graft Components;M4-38mm x 100mm;B;;EVS;1;1;0;0;28-22-0258-03;28-22-0258-03;Distal Spring 38MM;VÒNG ĐẦU XA 38MM;ZROH;2602190276;1;3009;1;0050
R260704002;000010075860;TECO - Technically completed;2026-07-04 00:00:00;2026-06-25 00:00:00;2026-07-11 00:00:00;3009;R260704002;28-33-0832-09;28-33-0832-09;Sewn Graft Components;M4-38mm x 100mm;B;;EVS;1;1;0;0;28-22-0259-08;28-22-0259-08;S-Bar 38mm x 62mm (55deg);Thanh S 38MMx62MM (55 ĐỘ);ZROH;2409250286;1;3009;1;0060
R260704002;000010075860;TECO - Technically completed;2026-07-04 00:00:00;2026-06-25 00:00:00;2026-07-11 00:00:00;3009;R260704002;28-33-0832-09;28-33-0832-09;Sewn Graft Components;M4-38mm x 100mm;B;;EVS;1;1;0;0;28-22-0557;28-22-0557;Cylindrical Marker Bands;ĐIỂM ĐÁNH DẤU HÌNH TRỤ;ZROH;T00672110;4;3009;4;0070
R260704002;000010075860;TECO - Technically completed;2026-07-04 00:00:00;2026-06-25 00:00:00;2026-07-11 00:00:00;3009;R260704002;28-33-0832-09;28-33-0832-09;Sewn Graft Components;M4-38mm x 100mm;B;;EVS;1;1;0;0;28-22-0917;28-22-0917;Tube Marker Band;ỐNG ĐÁNH DẤU;ZROH;T00734504;6;3009;6;0080
R260704002;000010075860;TECO - Technically completed;2026-07-04 00:00:00;2026-06-25 00:00:00;2026-07-11 00:00:00;3009;R260704002;28-33-0832-09;28-33-0832-09;Sewn Graft Components;M4-38mm x 100mm;B;;EVS;1;1;0;0;28-22-0315;28-22-0315;5-0 Polyester Suture;CHỈ KHÂU POLYESTER 5-0;ZROH;T00067668;12;3009;12;0090
R260704002;000010075860;TECO - Technically completed;2026-07-04 00:00:00;2026-06-25 00:00:00;2026-07-11 00:00:00;3009;R260704002;28-33-0832-09;28-33-0832-09;Sewn Graft Components;M4-38mm x 100mm;B;;EVS;1;1;0;0;4SA63X1100LYN;SA63X1100LYN;Packing bag 135×390;TÚI ĐÓNG GÓI 135x390MM;ZFRT;250113B;1;3009;1;0100
R260704002;000010075860;TECO - Technically completed;2026-07-04 00:00:00;2026-06-25 00:00:00;2026-07-11 00:00:00;3009;R260704002;28-33-0832-09;28-33-0832-09;Sewn Graft Components;M4-38mm x 100mm;B;;EVS;1;1;0;0;4SA63X700LYN;SA63X700LYN;Packing bag 150×440;TÚI ĐÓNG GÓI 150x440mm;ZFRT;260306B;1;3009;1;0110
R260704003;000010075861;TECO - Technically completed;2026-07-04 00:00:00;2026-06-25 00:00:00;2026-07-11 00:00:00;3009;R260704003;28-33-0832-09;28-33-0832-09;Sewn Graft Components;M4-38mm x 100mm;B;;EVS;1;1;0;0;28-22-0922-10;28-22-0922-10;38MM X 140MM Fabric -TAA;ỐNG VẢI 38 MMX 140MM-TAA;ZROH;T00501558;1;3009;1;0010
R260704003;000010075861;TECO - Technically completed;2026-07-04 00:00:00;2026-06-25 00:00:00;2026-07-11 00:00:00;3009;R260704003;28-33-0832-09;28-33-0832-09;Sewn Graft Components;M4-38mm x 100mm;B;;EVS;1;1;0;0;28-22-0254-03;28-22-0254-03;Bare Spring 38MM;VÒNG TRẦN 38MM;ZROH;2503140097;1;3009;1;0020
R260704003;000010075861;TECO - Technically completed;2026-07-04 00:00:00;2026-06-25 00:00:00;2026-07-11 00:00:00;3009;R260704003;28-33-0832-09;28-33-0832-09;Sewn Graft Components;M4-38mm x 100mm;B;;EVS;1;1;0;0;28-22-0251-03;28-22-0251-03;Proximal Spring 38MM;VÒNG ĐẦU GẦN 38MM;ZROH;0001681036;2;3009;2;0030
R260704003;000010075861;TECO - Technically completed;2026-07-04 00:00:00;2026-06-25 00:00:00;2026-07-11 00:00:00;3009;R260704003;28-33-0832-09;28-33-0832-09;Sewn Graft Components;M4-38mm x 100mm;B;;EVS;1;1;0;0;28-22-0248-03;28-22-0248-03;Middle Spring 38MM;VÒNG GIỮA 38MM;ZROH;0001683696;2;3009;2;0040
R260704003;000010075861;TECO - Technically completed;2026-07-04 00:00:00;2026-06-25 00:00:00;2026-07-11 00:00:00;3009;R260704003;28-33-0832-09;28-33-0832-09;Sewn Graft Components;M4-38mm x 100mm;B;;EVS;1;1;0;0;28-22-0258-03;28-22-0258-03;Distal Spring 38MM;VÒNG ĐẦU XA 38MM;ZROH;2602190276;1;3009;1;0050
R260704003;000010075861;TECO - Technically completed;2026-07-04 00:00:00;2026-06-25 00:00:00;2026-07-11 00:00:00;3009;R260704003;28-33-0832-09;28-33-0832-09;Sewn Graft Components;M4-38mm x 100mm;B;;EVS;1;1;0;0;28-22-0259-08;28-22-0259-08;S-Bar 38mm x 62mm (55deg);Thanh S 38MMx62MM (55 ĐỘ);ZROH;2409250286;1;3009;1;0060
R260704003;000010075861;TECO - Technically completed;2026-07-04 00:00:00;2026-06-25 00:00:00;2026-07-11 00:00:00;3009;R260704003;28-33-0832-09;28-33-0832-09;Sewn Graft Components;M4-38mm x 100mm;B;;EVS;1;1;0;0;28-22-0557;28-22-0557;Cylindrical Marker Bands;ĐIỂM ĐÁNH DẤU HÌNH TRỤ;ZROH;T00672110;4;3009;4;0070
R260704003;000010075861;TECO - Technically completed;2026-07-04 00:00:00;2026-06-25 00:00:00;2026-07-11 00:00:00;3009;R260704003;28-33-0832-09;28-33-0832-09;Sewn Graft Components;M4-38mm x 100mm;B;;EVS;1;1;0;0;28-22-0917;28-22-0917;Tube Marker Band;ỐNG ĐÁNH DẤU;ZROH;T00734504;6;3009;6;0080
R260704003;000010075861;TECO - Technically completed;2026-07-04 00:00:00;2026-06-25 00:00:00;2026-07-11 00:00:00;3009;R260704003;28-33-0832-09;28-33-0832-09;Sewn Graft Components;M4-38mm x 100mm;B;;EVS;1;1;0;0;28-22-0315;28-22-0315;5-0 Polyester Suture;CHỈ KHÂU POLYESTER 5-0;ZROH;T00067668;12;3009;12;0090
R260704003;000010075861;TECO - Technically completed;2026-07-04 00:00:00;2026-06-25 00:00:00;2026-07-11 00:00:00;3009;R260704003;28-33-0832-09;28-33-0832-09;Sewn Graft Components;M4-38mm x 100mm;B;;EVS;1;1;0;0;4SA63X1100LYN;SA63X1100LYN;Packing bag 135×390;TÚI ĐÓNG GÓI 135x390MM;ZFRT;250113B;1;3009;1;0100
R260704003;000010075861;TECO - Technically completed;2026-07-04 00:00:00;2026-06-25 00:00:00;2026-07-11 00:00:00;3009;R260704003;28-33-0832-09;28-33-0832-09;Sewn Graft Components;M4-38mm x 100mm;B;;EVS;1;1;0;0;4SA63X700LYN;SA63X700LYN;Packing bag 150×440;TÚI ĐÓNG GÓI 150x440mm;ZFRT;260306B;1;3009;1;0110
R260704004;000010075862;TECO - Technically completed;2026-07-04 00:00:00;2026-06-25 00:00:00;2026-07-11 00:00:00;3009;R260704004;28-33-0832-09;28-33-0832-09;Sewn Graft Components;M4-38mm x 100mm;B;;EVS;1;1;0;0;28-22-0922-10;28-22-0922-10;38MM X 140MM Fabric -TAA;ỐNG VẢI 38 MMX 140MM-TAA;ZROH;T00501558;1;3009;1;0010
R260704004;000010075862;TECO - Technically completed;2026-07-04 00:00:00;2026-06-25 00:00:00;2026-07-11 00:00:00;3009;R260704004;28-33-0832-09;28-33-0832-09;Sewn Graft Components;M4-38mm x 100mm;B;;EVS;1;1;0;0;28-22-0254-03;28-22-0254-03;Bare Spring 38MM;VÒNG TRẦN 38MM;ZROH;2503140097;1;3009;1;0020
R260704004;000010075862;TECO - Technically completed;2026-07-04 00:00:00;2026-06-25 00:00:00;2026-07-11 00:00:00;3009;R260704004;28-33-0832-09;28-33-0832-09;Sewn Graft Components;M4-38mm x 100mm;B;;EVS;1;1;0;0;28-22-0251-03;28-22-0251-03;Proximal Spring 38MM;VÒNG ĐẦU GẦN 38MM;ZROH;0001681036;2;3009;2;0030
R260704004;000010075862;TECO - Technically completed;2026-07-04 00:00:00;2026-06-25 00:00:00;2026-07-11 00:00:00;3009;R260704004;28-33-0832-09;28-33-0832-09;Sewn Graft Components;M4-38mm x 100mm;B;;EVS;1;1;0;0;28-22-0248-03;28-22-0248-03;Middle Spring 38MM;VÒNG GIỮA 38MM;ZROH;0001683696;2;3009;2;0040
R260704004;000010075862;TECO - Technically completed;2026-07-04 00:00:00;2026-06-25 00:00:00;2026-07-11 00:00:00;3009;R260704004;28-33-0832-09;28-33-0832-09;Sewn Graft Components;M4-38mm x 100mm;B;;EVS;1;1;0;0;28-22-0258-03;28-22-0258-03;Distal Spring 38MM;VÒNG ĐẦU XA 38MM;ZROH;2602190276;1;3009;1;0050
R260704004;000010075862;TECO - Technically completed;2026-07-04 00:00:00;2026-06-25 00:00:00;2026-07-11 00:00:00;3009;R260704004;28-33-0832-09;28-33-0832-09;Sewn Graft Components;M4-38mm x 100mm;B;;EVS;1;1;0;0;28-22-0259-08;28-22-0259-08;S-Bar 38mm x 62mm (55deg);Thanh S 38MMx62MM (55 ĐỘ);ZROH;2409250286;1;3009;1;0060
R260704004;000010075862;TECO - Technically completed;2026-07-04 00:00:00;2026-06-25 00:00:00;2026-07-11 00:00:00;3009;R260704004;28-33-0832-09;28-33-0832-09;Sewn Graft Components;M4-38mm x 100mm;B;;EVS;1;1;0;0;28-22-0557;28-22-0557;Cylindrical Marker Bands;ĐIỂM ĐÁNH DẤU HÌNH TRỤ;ZROH;T00672110;4;3009;4;0070
R260704004;000010075862;TECO - Technically completed;2026-07-04 00:00:00;2026-06-25 00:00:00;2026-07-11 00:00:00;3009;R260704004;28-33-0832-09;28-33-0832-09;Sewn Graft Components;M4-38mm x 100mm;B;;EVS;1;1;0;0;28-22-0917;28-22-0917;Tube Marker Band;ỐNG ĐÁNH DẤU;ZROH;T00734504;6;3009;6;0080
R260704004;000010075862;TECO - Technically completed;2026-07-04 00:00:00;2026-06-25 00:00:00;2026-07-11 00:00:00;3009;R260704004;28-33-0832-09;28-33-0832-09;Sewn Graft Components;M4-38mm x 100mm;B;;EVS;1;1;0;0;28-22-0315;28-22-0315;5-0 Polyester Suture;CHỈ KHÂU POLYESTER 5-0;ZROH;T00067668;12;3009;12;0090
R260704004;000010075862;TECO - Technically completed;2026-07-04 00:00:00;2026-06-25 00:00:00;2026-07-11 00:00:00;3009;R260704004;28-33-0832-09;28-33-0832-09;Sewn Graft Components;M4-38mm x 100mm;B;;EVS;1;1;0;0;4SA63X1100LYN;SA63X1100LYN;Packing bag 135×390;TÚI ĐÓNG GÓI 135x390MM;ZFRT;250113B;1;3009;1;0100
R260704004;000010075862;TECO - Technically completed;2026-07-04 00:00:00;2026-06-25 00:00:00;2026-07-11 00:00:00;3009;R260704004;28-33-0832-09;28-33-0832-09;Sewn Graft Components;M4-38mm x 100mm;B;;EVS;1;1;0;0;4SA63X700LYN;SA63X700LYN;Packing bag 150×440;TÚI ĐÓNG GÓI 150x440mm;ZFRT;260306B;1;3009;1;0110
R260704005;000010075863;TECO - Technically completed;2026-07-04 00:00:00;2026-06-25 00:00:00;2026-07-11 00:00:00;3009;R260704005;28-33-0832-09;28-33-0832-09;Sewn Graft Components;M4-38mm x 100mm;B;;EVS;1;1;0;0;28-22-0922-10;28-22-0922-10;38MM X 140MM Fabric -TAA;ỐNG VẢI 38 MMX 140MM-TAA;ZROH;T00501558;1;3009;1;0010
R260704005;000010075863;TECO - Technically completed;2026-07-04 00:00:00;2026-06-25 00:00:00;2026-07-11 00:00:00;3009;R260704005;28-33-0832-09;28-33-0832-09;Sewn Graft Components;M4-38mm x 100mm;B;;EVS;1;1;0;0;28-22-0254-03;28-22-0254-03;Bare Spring 38MM;VÒNG TRẦN 38MM;ZROH;2503140097;1;3009;1;0020
R260704005;000010075863;TECO - Technically completed;2026-07-04 00:00:00;2026-06-25 00:00:00;2026-07-11 00:00:00;3009;R260704005;28-33-0832-09;28-33-0832-09;Sewn Graft Components;M4-38mm x 100mm;B;;EVS;1;1;0;0;28-22-0251-03;28-22-0251-03;Proximal Spring 38MM;VÒNG ĐẦU GẦN 38MM;ZROH;0001681036;2;3009;2;0030
R260704005;000010075863;TECO - Technically completed;2026-07-04 00:00:00;2026-06-25 00:00:00;2026-07-11 00:00:00;3009;R260704005;28-33-0832-09;28-33-0832-09;Sewn Graft Components;M4-38mm x 100mm;B;;EVS;1;1;0;0;28-22-0248-03;28-22-0248-03;Middle Spring 38MM;VÒNG GIỮA 38MM;ZROH;0001683696;2;3009;2;0040
R260704005;000010075863;TECO - Technically completed;2026-07-04 00:00:00;2026-06-25 00:00:00;2026-07-11 00:00:00;3009;R260704005;28-33-0832-09;28-33-0832-09;Sewn Graft Components;M4-38mm x 100mm;B;;EVS;1;1;0;0;28-22-0258-03;28-22-0258-03;Distal Spring 38MM;VÒNG ĐẦU XA 38MM;ZROH;2602190276;1;3009;1;0050
R260704005;000010075863;TECO - Technically completed;2026-07-04 00:00:00;2026-06-25 00:00:00;2026-07-11 00:00:00;3009;R260704005;28-33-0832-09;28-33-0832-09;Sewn Graft Components;M4-38mm x 100mm;B;;EVS;1;1;0;0;28-22-0259-08;28-22-0259-08;S-Bar 38mm x 62mm (55deg);Thanh S 38MMx62MM (55 ĐỘ);ZROH;2409250286;1;3009;1;0060
R260704005;000010075863;TECO - Technically completed;2026-07-04 00:00:00;2026-06-25 00:00:00;2026-07-11 00:00:00;3009;R260704005;28-33-0832-09;28-33-0832-09;Sewn Graft Components;M4-38mm x 100mm;B;;EVS;1;1;0;0;28-22-0557;28-22-0557;Cylindrical Marker Bands;ĐIỂM ĐÁNH DẤU HÌNH TRỤ;ZROH;T00672110;4;3009;4;0070
R260704005;000010075863;TECO - Technically completed;2026-07-04 00:00:00;2026-06-25 00:00:00;2026-07-11 00:00:00;3009;R260704005;28-33-0832-09;28-33-0832-09;Sewn Graft Components;M4-38mm x 100mm;B;;EVS;1;1;0;0;28-22-0917;28-22-0917;Tube Marker Band;ỐNG ĐÁNH DẤU;ZROH;T00734504;6;3009;6;0080
R260704005;000010075863;TECO - Technically completed;2026-07-04 00:00:00;2026-06-25 00:00:00;2026-07-11 00:00:00;3009;R260704005;28-33-0832-09;28-33-0832-09;Sewn Graft Components;M4-38mm x 100mm;B;;EVS;1;1;0;0;28-22-0315;28-22-0315;5-0 Polyester Suture;CHỈ KHÂU POLYESTER 5-0;ZROH;T00067668;12;3009;12;0090
R260704005;000010075863;TECO - Technically completed;2026-07-04 00:00:00;2026-06-25 00:00:00;2026-07-11 00:00:00;3009;R260704005;28-33-0832-09;28-33-0832-09;Sewn Graft Components;M4-38mm x 100mm;B;;EVS;1;1;0;0;4SA63X1100LYN;SA63X1100LYN;Packing bag 135×390;TÚI ĐÓNG GÓI 135x390MM;ZFRT;250113B;1;3009;1;0100
R260704005;000010075863;TECO - Technically completed;2026-07-04 00:00:00;2026-06-25 00:00:00;2026-07-11 00:00:00;3009;R260704005;28-33-0832-09;28-33-0832-09;Sewn Graft Components;M4-38mm x 100mm;B;;EVS;1;1;0;0;4SA63X700LYN;SA63X700LYN;Packing bag 150×440;TÚI ĐÓNG GÓI 150x440mm;ZFRT;260306B;1;3009;1;0110
R260704006;000010075864;TECO - Technically completed;2026-07-04 00:00:00;2026-06-25 00:00:00;2026-07-11 00:00:00;3009;R260704006;28-33-0832-09;28-33-0832-09;Sewn Graft Components;M4-38mm x 100mm;B;;EVS;1;1;0;0;28-22-0922-10;28-22-0922-10;38MM X 140MM Fabric -TAA;ỐNG VẢI 38 MMX 140MM-TAA;ZROH;T00501558;1;3009;1;0010
R260704006;000010075864;TECO - Technically completed;2026-07-04 00:00:00;2026-06-25 00:00:00;2026-07-11 00:00:00;3009;R260704006;28-33-0832-09;28-33-0832-09;Sewn Graft Components;M4-38mm x 100mm;B;;EVS;1;1;0;0;28-22-0254-03;28-22-0254-03;Bare Spring 38MM;VÒNG TRẦN 38MM;ZROH;2503140097;1;3009;1;0020
R260704006;000010075864;TECO - Technically completed;2026-07-04 00:00:00;2026-06-25 00:00:00;2026-07-11 00:00:00;3009;R260704006;28-33-0832-09;28-33-0832-09;Sewn Graft Components;M4-38mm x 100mm;B;;EVS;1;1;0;0;28-22-0251-03;28-22-0251-03;Proximal Spring 38MM;VÒNG ĐẦU GẦN 38MM;ZROH;0001681036;2;3009;2;0030
R260704006;000010075864;TECO - Technically completed;2026-07-04 00:00:00;2026-06-25 00:00:00;2026-07-11 00:00:00;3009;R260704006;28-33-0832-09;28-33-0832-09;Sewn Graft Components;M4-38mm x 100mm;B;;EVS;1;1;0;0;28-22-0248-03;28-22-0248-03;Middle Spring 38MM;VÒNG GIỮA 38MM;ZROH;0001683696;2;3009;2;0040
R260704006;000010075864;TECO - Technically completed;2026-07-04 00:00:00;2026-06-25 00:00:00;2026-07-11 00:00:00;3009;R260704006;28-33-0832-09;28-33-0832-09;Sewn Graft Components;M4-38mm x 100mm;B;;EVS;1;1;0;0;28-22-0258-03;28-22-0258-03;Distal Spring 38MM;VÒNG ĐẦU XA 38MM;ZROH;2602190276;1;3009;1;0050
R260704006;000010075864;TECO - Technically completed;2026-07-04 00:00:00;2026-06-25 00:00:00;2026-07-11 00:00:00;3009;R260704006;28-33-0832-09;28-33-0832-09;Sewn Graft Components;M4-38mm x 100mm;B;;EVS;1;1;0;0;28-22-0259-08;28-22-0259-08;S-Bar 38mm x 62mm (55deg);Thanh S 38MMx62MM (55 ĐỘ);ZROH;2409250294;1;3009;1;0060
R260704006;000010075864;TECO - Technically completed;2026-07-04 00:00:00;2026-06-25 00:00:00;2026-07-11 00:00:00;3009;R260704006;28-33-0832-09;28-33-0832-09;Sewn Graft Components;M4-38mm x 100mm;B;;EVS;1;1;0;0;28-22-0557;28-22-0557;Cylindrical Marker Bands;ĐIỂM ĐÁNH DẤU HÌNH TRỤ;ZROH;T00672110;4;3009;4;0070
R260704006;000010075864;TECO - Technically completed;2026-07-04 00:00:00;2026-06-25 00:00:00;2026-07-11 00:00:00;3009;R260704006;28-33-0832-09;28-33-0832-09;Sewn Graft Components;M4-38mm x 100mm;B;;EVS;1;1;0;0;28-22-0917;28-22-0917;Tube Marker Band;ỐNG ĐÁNH DẤU;ZROH;T00734504;6;3009;6;0080
R260704006;000010075864;TECO - Technically completed;2026-07-04 00:00:00;2026-06-25 00:00:00;2026-07-11 00:00:00;3009;R260704006;28-33-0832-09;28-33-0832-09;Sewn Graft Components;M4-38mm x 100mm;B;;EVS;1;1;0;0;28-22-0315;28-22-0315;5-0 Polyester Suture;CHỈ KHÂU POLYESTER 5-0;ZROH;T00067668;12;3009;12;0090
R260704006;000010075864;TECO - Technically completed;2026-07-04 00:00:00;2026-06-25 00:00:00;2026-07-11 00:00:00;3009;R260704006;28-33-0832-09;28-33-0832-09;Sewn Graft Components;M4-38mm x 100mm;B;;EVS;1;1;0;0;4SA63X1100LYN;SA63X1100LYN;Packing bag 135×390;TÚI ĐÓNG GÓI 135x390MM;ZFRT;250113B;1;3009;1;0100
R260704006;000010075864;TECO - Technically completed;2026-07-04 00:00:00;2026-06-25 00:00:00;2026-07-11 00:00:00;3009;R260704006;28-33-0832-09;28-33-0832-09;Sewn Graft Components;M4-38mm x 100mm;B;;EVS;1;1;0;0;4SA63X700LYN;SA63X700LYN;Packing bag 150×440;TÚI ĐÓNG GÓI 150x440mm;ZFRT;260306B;1;3009;1;0110
R260704007;000010075865;TECO - Technically completed;2026-07-04 00:00:00;2026-07-02 00:00:00;2026-07-11 00:00:00;3009;R260704007;28-33-0832-09;28-33-0832-09;Sewn Graft Components;M4-38mm x 100mm;B;;EVS;1;1;0;0;28-22-0922-10;28-22-0922-10;38MM X 140MM Fabric -TAA;ỐNG VẢI 38 MMX 140MM-TAA;ZROH;T00501558;1;3009;1;0010
R260704007;000010075865;TECO - Technically completed;2026-07-04 00:00:00;2026-07-02 00:00:00;2026-07-11 00:00:00;3009;R260704007;28-33-0832-09;28-33-0832-09;Sewn Graft Components;M4-38mm x 100mm;B;;EVS;1;1;0;0;28-22-0254-03;28-22-0254-03;Bare Spring 38MM;VÒNG TRẦN 38MM;ZROH;2502260036;1;3009;1;0020
R260704007;000010075865;TECO - Technically completed;2026-07-04 00:00:00;2026-07-02 00:00:00;2026-07-11 00:00:00;3009;R260704007;28-33-0832-09;28-33-0832-09;Sewn Graft Components;M4-38mm x 100mm;B;;EVS;1;1;0;0;28-22-0251-03;28-22-0251-03;Proximal Spring 38MM;VÒNG ĐẦU GẦN 38MM;ZROH;0001681036;2;3009;2;0030
R260704007;000010075865;TECO - Technically completed;2026-07-04 00:00:00;2026-07-02 00:00:00;2026-07-11 00:00:00;3009;R260704007;28-33-0832-09;28-33-0832-09;Sewn Graft Components;M4-38mm x 100mm;B;;EVS;1;1;0;0;28-22-0248-03;28-22-0248-03;Middle Spring 38MM;VÒNG GIỮA 38MM;ZROH;0001684712;2;3009;2;0040
R260704007;000010075865;TECO - Technically completed;2026-07-04 00:00:00;2026-07-02 00:00:00;2026-07-11 00:00:00;3009;R260704007;28-33-0832-09;28-33-0832-09;Sewn Graft Components;M4-38mm x 100mm;B;;EVS;1;1;0;0;28-22-0258-03;28-22-0258-03;Distal Spring 38MM;VÒNG ĐẦU XA 38MM;ZROH;0001670837;1;3009;1;0050
R260704007;000010075865;TECO - Technically completed;2026-07-04 00:00:00;2026-07-02 00:00:00;2026-07-11 00:00:00;3009;R260704007;28-33-0832-09;28-33-0832-09;Sewn Graft Components;M4-38mm x 100mm;B;;EVS;1;1;0;0;28-22-0259-08;28-22-0259-08;S-Bar 38mm x 62mm (55deg);Thanh S 38MMx62MM (55 ĐỘ);ZROH;2409250294;1;3009;1;0060
R260704007;000010075865;TECO - Technically completed;2026-07-04 00:00:00;2026-07-02 00:00:00;2026-07-11 00:00:00;3009;R260704007;28-33-0832-09;28-33-0832-09;Sewn Graft Components;M4-38mm x 100mm;B;;EVS;1;1;0;0;28-22-0557;28-22-0557;Cylindrical Marker Bands;ĐIỂM ĐÁNH DẤU HÌNH TRỤ;ZROH;T00672110;4;3009;4;0070
R260704007;000010075865;TECO - Technically completed;2026-07-04 00:00:00;2026-07-02 00:00:00;2026-07-11 00:00:00;3009;R260704007;28-33-0832-09;28-33-0832-09;Sewn Graft Components;M4-38mm x 100mm;B;;EVS;1;1;0;0;28-22-0917;28-22-0917;Tube Marker Band;ỐNG ĐÁNH DẤU;ZROH;T00734504;6;3009;6;0080
R260704007;000010075865;TECO - Technically completed;2026-07-04 00:00:00;2026-07-02 00:00:00;2026-07-11 00:00:00;3009;R260704007;28-33-0832-09;28-33-0832-09;Sewn Graft Components;M4-38mm x 100mm;B;;EVS;1;1;0;0;28-22-0315;28-22-0315;5-0 Polyester Suture;CHỈ KHÂU POLYESTER 5-0;ZROH;T00067668;12;3009;12;0090
R260704007;000010075865;TECO - Technically completed;2026-07-04 00:00:00;2026-07-02 00:00:00;2026-07-11 00:00:00;3009;R260704007;28-33-0832-09;28-33-0832-09;Sewn Graft Components;M4-38mm x 100mm;B;;EVS;1;1;0;0;4SA63X1100LYN;SA63X1100LYN;Packing bag 135×390;TÚI ĐÓNG GÓI 135x390MM;ZFRT;250113B;1;3009;1;0100
R260704007;000010075865;TECO - Technically completed;2026-07-04 00:00:00;2026-07-02 00:00:00;2026-07-11 00:00:00;3009;R260704007;28-33-0832-09;28-33-0832-09;Sewn Graft Components;M4-38mm x 100mm;B;;EVS;1;1;0;0;4SA63X700LYN;SA63X700LYN;Packing bag 150×440;TÚI ĐÓNG GÓI 150x440mm;ZFRT;260306B;1;3009;1;0110
R260704008;000010075866;TECO - Technically completed;2026-07-04 00:00:00;2026-07-02 00:00:00;2026-07-11 00:00:00;3009;R260704008;28-33-0832-09;28-33-0832-09;Sewn Graft Components;M4-38mm x 100mm;B;;EVS;1;1;0;0;28-22-0922-10;28-22-0922-10;38MM X 140MM Fabric -TAA;ỐNG VẢI 38 MMX 140MM-TAA;ZROH;T00501558;1;3009;1;0010
R260704008;000010075866;TECO - Technically completed;2026-07-04 00:00:00;2026-07-02 00:00:00;2026-07-11 00:00:00;3009;R260704008;28-33-0832-09;28-33-0832-09;Sewn Graft Components;M4-38mm x 100mm;B;;EVS;1;1;0;0;28-22-0254-03;28-22-0254-03;Bare Spring 38MM;VÒNG TRẦN 38MM;ZROH;2502260036;1;3009;1;0020
R260704008;000010075866;TECO - Technically completed;2026-07-04 00:00:00;2026-07-02 00:00:00;2026-07-11 00:00:00;3009;R260704008;28-33-0832-09;28-33-0832-09;Sewn Graft Components;M4-38mm x 100mm;B;;EVS;1;1;0;0;28-22-0251-03;28-22-0251-03;Proximal Spring 38MM;VÒNG ĐẦU GẦN 38MM;ZROH;0001681036;2;3009;2;0030
R260704008;000010075866;TECO - Technically completed;2026-07-04 00:00:00;2026-07-02 00:00:00;2026-07-11 00:00:00;3009;R260704008;28-33-0832-09;28-33-0832-09;Sewn Graft Components;M4-38mm x 100mm;B;;EVS;1;1;0;0;28-22-0248-03;28-22-0248-03;Middle Spring 38MM;VÒNG GIỮA 38MM;ZROH;0001684712;2;3009;2;0040
R260704008;000010075866;TECO - Technically completed;2026-07-04 00:00:00;2026-07-02 00:00:00;2026-07-11 00:00:00;3009;R260704008;28-33-0832-09;28-33-0832-09;Sewn Graft Components;M4-38mm x 100mm;B;;EVS;1;1;0;0;28-22-0258-03;28-22-0258-03;Distal Spring 38MM;VÒNG ĐẦU XA 38MM;ZROH;0001670837;1;3009;1;0050
R260704008;000010075866;TECO - Technically completed;2026-07-04 00:00:00;2026-07-02 00:00:00;2026-07-11 00:00:00;3009;R260704008;28-33-0832-09;28-33-0832-09;Sewn Graft Components;M4-38mm x 100mm;B;;EVS;1;1;0;0;28-22-0259-08;28-22-0259-08;S-Bar 38mm x 62mm (55deg);Thanh S 38MMx62MM (55 ĐỘ);ZROH;2409250294;1;3009;1;0060
R260704008;000010075866;TECO - Technically completed;2026-07-04 00:00:00;2026-07-02 00:00:00;2026-07-11 00:00:00;3009;R260704008;28-33-0832-09;28-33-0832-09;Sewn Graft Components;M4-38mm x 100mm;B;;EVS;1;1;0;0;28-22-0557;28-22-0557;Cylindrical Marker Bands;ĐIỂM ĐÁNH DẤU HÌNH TRỤ;ZROH;T00672110;4;3009;4;0070
R260704008;000010075866;TECO - Technically completed;2026-07-04 00:00:00;2026-07-02 00:00:00;2026-07-11 00:00:00;3009;R260704008;28-33-0832-09;28-33-0832-09;Sewn Graft Components;M4-38mm x 100mm;B;;EVS;1;1;0;0;28-22-0917;28-22-0917;Tube Marker Band;ỐNG ĐÁNH DẤU;ZROH;T00734504;6;3009;6;0080
R260704008;000010075866;TECO - Technically completed;2026-07-04 00:00:00;2026-07-02 00:00:00;2026-07-11 00:00:00;3009;R260704008;28-33-0832-09;28-33-0832-09;Sewn Graft Components;M4-38mm x 100mm;B;;EVS;1;1;0;0;28-22-0315;28-22-0315;5-0 Polyester Suture;CHỈ KHÂU POLYESTER 5-0;ZROH;T00067668;12;3009;12;0090
R260704008;000010075866;TECO - Technically completed;2026-07-04 00:00:00;2026-07-02 00:00:00;2026-07-11 00:00:00;3009;R260704008;28-33-0832-09;28-33-0832-09;Sewn Graft Components;M4-38mm x 100mm;B;;EVS;1;1;0;0;4SA63X1100LYN;SA63X1100LYN;Packing bag 135×390;TÚI ĐÓNG GÓI 135x390MM;ZFRT;250113B;1;3009;1;0100
R260704008;000010075866;TECO - Technically completed;2026-07-04 00:00:00;2026-07-02 00:00:00;2026-07-11 00:00:00;3009;R260704008;28-33-0832-09;28-33-0832-09;Sewn Graft Components;M4-38mm x 100mm;B;;EVS;1;1;0;0;4SA63X700LYN;SA63X700LYN;Packing bag 150×440;TÚI ĐÓNG GÓI 150x440mm;ZFRT;260306B;1;3009;1;0110
R260704009;000010075867;TECO - Technically completed;2026-07-04 00:00:00;2026-07-02 00:00:00;2026-07-11 00:00:00;3009;R260704009;28-33-0832-09;28-33-0832-09;Sewn Graft Components;M4-38mm x 100mm;B;;EVS;1;1;0;0;28-22-0922-10;28-22-0922-10;38MM X 140MM Fabric -TAA;ỐNG VẢI 38 MMX 140MM-TAA;ZROH;T00501558;1;3009;1;0010
R260704009;000010075867;TECO - Technically completed;2026-07-04 00:00:00;2026-07-02 00:00:00;2026-07-11 00:00:00;3009;R260704009;28-33-0832-09;28-33-0832-09;Sewn Graft Components;M4-38mm x 100mm;B;;EVS;1;1;0;0;28-22-0254-03;28-22-0254-03;Bare Spring 38MM;VÒNG TRẦN 38MM;ZROH;2502260036;1;3009;1;0020
R260704009;000010075867;TECO - Technically completed;2026-07-04 00:00:00;2026-07-02 00:00:00;2026-07-11 00:00:00;3009;R260704009;28-33-0832-09;28-33-0832-09;Sewn Graft Components;M4-38mm x 100mm;B;;EVS;1;1;0;0;28-22-0251-03;28-22-0251-03;Proximal Spring 38MM;VÒNG ĐẦU GẦN 38MM;ZROH;0001681036;2;3009;2;0030
R260704009;000010075867;TECO - Technically completed;2026-07-04 00:00:00;2026-07-02 00:00:00;2026-07-11 00:00:00;3009;R260704009;28-33-0832-09;28-33-0832-09;Sewn Graft Components;M4-38mm x 100mm;B;;EVS;1;1;0;0;28-22-0248-03;28-22-0248-03;Middle Spring 38MM;VÒNG GIỮA 38MM;ZROH;0001684712;2;3009;2;0040
R260704009;000010075867;TECO - Technically completed;2026-07-04 00:00:00;2026-07-02 00:00:00;2026-07-11 00:00:00;3009;R260704009;28-33-0832-09;28-33-0832-09;Sewn Graft Components;M4-38mm x 100mm;B;;EVS;1;1;0;0;28-22-0258-03;28-22-0258-03;Distal Spring 38MM;VÒNG ĐẦU XA 38MM;ZROH;0001670837;1;3009;1;0050
R260704009;000010075867;TECO - Technically completed;2026-07-04 00:00:00;2026-07-02 00:00:00;2026-07-11 00:00:00;3009;R260704009;28-33-0832-09;28-33-0832-09;Sewn Graft Components;M4-38mm x 100mm;B;;EVS;1;1;0;0;28-22-0259-08;28-22-0259-08;S-Bar 38mm x 62mm (55deg);Thanh S 38MMx62MM (55 ĐỘ);ZROH;2409250294;1;3009;1;0060
R260704009;000010075867;TECO - Technically completed;2026-07-04 00:00:00;2026-07-02 00:00:00;2026-07-11 00:00:00;3009;R260704009;28-33-0832-09;28-33-0832-09;Sewn Graft Components;M4-38mm x 100mm;B;;EVS;1;1;0;0;28-22-0557;28-22-0557;Cylindrical Marker Bands;ĐIỂM ĐÁNH DẤU HÌNH TRỤ;ZROH;T00672110;4;3009;4;0070
R260704009;000010075867;TECO - Technically completed;2026-07-04 00:00:00;2026-07-02 00:00:00;2026-07-11 00:00:00;3009;R260704009;28-33-0832-09;28-33-0832-09;Sewn Graft Components;M4-38mm x 100mm;B;;EVS;1;1;0;0;28-22-0917;28-22-0917;Tube Marker Band;ỐNG ĐÁNH DẤU;ZROH;T00734504;6;3009;6;0080
R260704009;000010075867;TECO - Technically completed;2026-07-04 00:00:00;2026-07-02 00:00:00;2026-07-11 00:00:00;3009;R260704009;28-33-0832-09;28-33-0832-09;Sewn Graft Components;M4-38mm x 100mm;B;;EVS;1;1;0;0;28-22-0315;28-22-0315;5-0 Polyester Suture;CHỈ KHÂU POLYESTER 5-0;ZROH;T00067668;12;3009;12;0090
R260704009;000010075867;TECO - Technically completed;2026-07-04 00:00:00;2026-07-02 00:00:00;2026-07-11 00:00:00;3009;R260704009;28-33-0832-09;28-33-0832-09;Sewn Graft Components;M4-38mm x 100mm;B;;EVS;1;1;0;0;4SA63X1100LYN;SA63X1100LYN;Packing bag 135×390;TÚI ĐÓNG GÓI 135x390MM;ZFRT;250113B;1;3009;1;0100
R260704009;000010075867;TECO - Technically completed;2026-07-04 00:00:00;2026-07-02 00:00:00;2026-07-11 00:00:00;3009;R260704009;28-33-0832-09;28-33-0832-09;Sewn Graft Components;M4-38mm x 100mm;B;;EVS;1;1;0;0;4SA63X700LYN;SA63X700LYN;Packing bag 150×440;TÚI ĐÓNG GÓI 150x440mm;ZFRT;260306B;1;3009;1;0110
260703C01;000010075988;TECO - Technically completed;2026-07-03 00:00:00;2026-06-26 00:00:00;2026-07-10 00:00:00;3007;260703C01;RG90X0405VB;RG90X0405VB;Ống bọc ngoài xanh 405;Ống bọc ngoài xanh 405;;;MD;180000;180000;0;0;PL02X219V;PL02X219V;PE BE-9105 BLUE;HẠT NHỰA PE BE-9105 XANH;ZROH;25Z0207;270.126;3007;273.95;0010
260703C01;000010075989;TECO - Technically completed;2026-07-03 00:00:00;2026-06-26 00:00:00;2026-07-10 00:00:00;3007;260703C01;RS90X000V;RS90X000V;Ống Arm;Ống Arm;;;MD;75600;75600;0;0;PL02X506V;PL02X506V;RB810 TVC;RB810 TVC;ZROH;50501H;12.096;3007;13.366;0010
260703C01;000010075989;TECO - Technically completed;2026-07-03 00:00:00;2026-06-26 00:00:00;2026-07-10 00:00:00;3007;260703C01;RS90X000V;RS90X000V;Ống Arm;Ống Arm;;;MD;75600;75600;0;0;SR00X20V;SR00X20V;RB820 TVC;RB820 TVC;ZROH;50516H;48.384;3007;53.464;0020
260704C01;000010075990;TECO - Technically completed;2026-07-04 00:00:00;2026-06-26 00:00:00;2026-07-11 00:00:00;3007;260704C01;RG90X0405VB;RG90X0405VB;Ống bọc ngoài xanh 405;Ống bọc ngoài xanh 405;;;MD;180000;180000;0;0;PL02X219V;PL02X219V;PE BE-9105 BLUE;HẠT NHỰA PE BE-9105 XANH;ZROH;25Z0207;270.126;3007;274.15;0010
260704G01;000010075998;REL - Released;2026-07-04 00:00:00;2026-06-26 00:00:00;2026-07-11 00:00:00;32055;260704G01;RS26Q6010S;RS26Q6010S;RSM2 Sheath Slender 0.12 6FR10CM;RSM2 Sheath Slender 0.12 6FR10CM;;;IK;6438;6187;0;0;CRS26Q6010S;CRS26Q6010S;RSM2 Slender sau cắt 6FR 10CM;RSM2 Slender sau cắt 6FR 10CM;ZHAL;260704G01;6438;3001;6438;0010
260704G01;000010075998;REL - Released;2026-07-04 00:00:00;2026-06-26 00:00:00;2026-07-11 00:00:00;32055;260704G01;RS26Q6010S;RS26Q6010S;RSM2 Sheath Slender 0.12 6FR10CM;RSM2 Sheath Slender 0.12 6FR10CM;;;IK;6438;6187;0;0;RS27X006V;RS27X006V;SHEATH LOCK PIN RS 6FR;Chốt sheath RS 6Fr;ZROH;260108=;6438;3001;5830;0020
260704G01;000010075998;REL - Released;2026-07-04 00:00:00;2026-06-26 00:00:00;2026-07-11 00:00:00;32055;260704G01;RS26Q6010S;RS26Q6010S;RSM2 Sheath Slender 0.12 6FR10CM;RSM2 Sheath Slender 0.12 6FR10CM;;;IK;6438;6187;0;0;RS27X006V;RS27X006V;SHEATH LOCK PIN RS 6FR;Chốt sheath RS 6Fr;ZROH;260109=;0;3001;552;0020
260704G01;000010075999;REL - Released;2026-07-04 00:00:00;2026-06-26 00:00:00;2026-07-11 00:00:00;32055;260704G01;RS26Q6016S;RS26Q6016S;RSM2 Sheath Slender 0.12 6FR16CM;RSM2 Sheath Slender 0.12 6FR16CM;;;IK;3208;3074;0;0;CRS26Q6016S;CRS26Q6016S;RSM2 Slender sau cắt 6FR 16CM;RSM2 Slender sau cắt 6FR 16CM;ZHAL;260704G01;3208;3001;3208;0010
260704G01;000010075999;REL - Released;2026-07-04 00:00:00;2026-06-26 00:00:00;2026-07-11 00:00:00;32055;260704G01;RS26Q6016S;RS26Q6016S;RSM2 Sheath Slender 0.12 6FR16CM;RSM2 Sheath Slender 0.12 6FR16CM;;;IK;3208;3074;0;0;RS27X006V;RS27X006V;SHEATH LOCK PIN RS 6FR;Chốt sheath RS 6Fr;ZROH;260109=;3208;3001;3181;0020
260704G01;000010076000;REL - Released;2026-07-04 00:00:00;2026-06-26 00:00:00;2026-07-11 00:00:00;32070;260704G01;RS60E06010S;RS60E06010S;RS*M2 Slender lắp ráp 6FR 10CM;RS*M2 Slender lắp ráp 6FR 10CM;;;IK;6438;6099;0;0;RS26Q6010S;RS26Q6010S;RSM2 Sheath Slender 0.12 6FR10CM;RSM2 Sheath Slender 0.12 6FR10CM;ZHAL;260702G01;6438;3001;6222;0010
260704G01;000010076000;REL - Released;2026-07-04 00:00:00;2026-06-26 00:00:00;2026-07-11 00:00:00;32070;260704G01;RS60E06010S;RS60E06010S;RS*M2 Slender lắp ráp 6FR 10CM;RS*M2 Slender lắp ráp 6FR 10CM;;;IK;6438;6099;0;0;RS00X261EV1;RS00X261EV1;SHEATH HOUSING 6FR;SHEATH HOUSING 6FR;ZROH;260201YW;6438;3001;2905;0020
260704G01;000010076000;REL - Released;2026-07-04 00:00:00;2026-06-26 00:00:00;2026-07-11 00:00:00;32070;260704G01;RS60E06010S;RS60E06010S;RS*M2 Slender lắp ráp 6FR 10CM;RS*M2 Slender lắp ráp 6FR 10CM;;;IK;6438;6099;0;0;RS00X261EV1;RS00X261EV1;SHEATH HOUSING 6FR;SHEATH HOUSING 6FR;ZROH;260202YW;0;3001;3323;0020
260704G01;000010076000;REL - Released;2026-07-04 00:00:00;2026-06-26 00:00:00;2026-07-11 00:00:00;32070;260704G01;RS60E06010S;RS60E06010S;RS*M2 Slender lắp ráp 6FR 10CM;RS*M2 Slender lắp ráp 6FR 10CM;;;IK;6438;6099;0;0;RS00X222KV;RS00X222KV;SHEATH CAP RS A TVC NEW TYPE;Nắp sheath RS A TVC Loại mới;ZROH;260301-P3;6438;3001;508;0030
260704G01;000010076000;REL - Released;2026-07-04 00:00:00;2026-06-26 00:00:00;2026-07-11 00:00:00;32070;260704G01;RS60E06010S;RS60E06010S;RS*M2 Slender lắp ráp 6FR 10CM;RS*M2 Slender lắp ráp 6FR 10CM;;;IK;6438;6099;0;0;RS00X222KV;RS00X222KV;SHEATH CAP RS A TVC NEW TYPE;Nắp sheath RS A TVC Loại mới;ZROH;260301-P4;0;3001;4053;0030
260704G01;000010076000;REL - Released;2026-07-04 00:00:00;2026-06-26 00:00:00;2026-07-11 00:00:00;32070;260704G01;RS60E06010S;RS60E06010S;RS*M2 Slender lắp ráp 6FR 10CM;RS*M2 Slender lắp ráp 6FR 10CM;;;IK;6438;6099;0;0;RS00X222KV;RS00X222KV;SHEATH CAP RS A TVC NEW TYPE;Nắp sheath RS A TVC Loại mới;ZROH;260302-P2;0;3001;1598;0030
260704G01;000010076000;REL - Released;2026-07-04 00:00:00;2026-06-26 00:00:00;2026-07-11 00:00:00;32070;260704G01;RS60E06010S;RS60E06010S;RS*M2 Slender lắp ráp 6FR 10CM;RS*M2 Slender lắp ráp 6FR 10CM;;;IK;6438;6099;0;0;RS23X000V;RS23X000V;VALVE RFS TVC;Van RFS TVC;ZROH;250619KA;0;3001;2750;0040
260704G01;000010076000;REL - Released;2026-07-04 00:00:00;2026-06-26 00:00:00;2026-07-11 00:00:00;32070;260704G01;RS60E06010S;RS60E06010S;RS*M2 Slender lắp ráp 6FR 10CM;RS*M2 Slender lắp ráp 6FR 10CM;;;IK;6438;6099;0;0;RS23X000V;RS23X000V;VALVE RFS TVC;Van RFS TVC;ZROH;250618M;0;3001;2743;0040
260704G01;000010076000;REL - Released;2026-07-04 00:00:00;2026-06-26 00:00:00;2026-07-11 00:00:00;32070;260704G01;RS60E06010S;RS60E06010S;RS*M2 Slender lắp ráp 6FR 10CM;RS*M2 Slender lắp ráp 6FR 10CM;;;IK;6438;6099;0;0;RS23X000V;RS23X000V;VALVE RFS TVC;Van RFS TVC;ZROH;250617M;6438;3001;669;0040
260704G01;000010076000;REL - Released;2026-07-04 00:00:00;2026-06-26 00:00:00;2026-07-11 00:00:00;32070;260704G01;RS60E06010S;RS60E06010S;RS*M2 Slender lắp ráp 6FR 10CM;RS*M2 Slender lắp ráp 6FR 10CM;;;IK;6438;6099;0;0;SLMP0002;SLMP0002;GSS SHEATH SUPPORT S6FR;GSS THÂN ĐỠ SHEATH S6FR;ZROH;251011;6438;3001;6118;0050
260704G01;000010076000;REL - Released;2026-07-04 00:00:00;2026-06-26 00:00:00;2026-07-11 00:00:00;32070;260704G01;RS60E06010S;RS60E06010S;RS*M2 Slender lắp ráp 6FR 10CM;RS*M2 Slender lắp ráp 6FR 10CM;;;IK;6438;6099;0;0;TS40X511RSVA;TS40X511RSVA;NON STERILE PART 3WAY COCK;VAN TAM THÔNG;ZROH;251025E;6438;3001;6189;0060
260704G01;000010076000;REL - Released;2026-07-04 00:00:00;2026-06-26 00:00:00;2026-07-11 00:00:00;32070;260704G01;RS60E06010S;RS60E06010S;RS*M2 Slender lắp ráp 6FR 10CM;RS*M2 Slender lắp ráp 6FR 10CM;;;IK;6438;6099;0;0;RS90X000V;RS90X000V;Ống Arm;Ống Arm;ZHAL;260610C01;6438;3001;2836;0070
260704G01;000010076000;REL - Released;2026-07-04 00:00:00;2026-06-26 00:00:00;2026-07-11 00:00:00;32070;260704G01;RS60E06010S;RS60E06010S;RS*M2 Slender lắp ráp 6FR 10CM;RS*M2 Slender lắp ráp 6FR 10CM;;;IK;6438;6099;0;0;RS90X000V;RS90X000V;Ống Arm;Ống Arm;ZHAL;260611C01;0;3001;3354;0070
260704G01;000010076001;REL - Released;2026-07-04 00:00:00;2026-06-26 00:00:00;2026-07-11 00:00:00;32085;260704G01;MMRS6C10PQ;MMRS6C10PQ;Bộ dây dẫn mini;Bộ dây dẫn mini;;;IK;6120;6120;0;0;RG90X0405VB;RG90X0405VB;Ống bọc ngoài xanh 405;Ống bọc ngoài xanh 405;ZHAL;260601C01;6120;3001;6120;0010
260704G01;000010076001;REL - Released;2026-07-04 00:00:00;2026-06-26 00:00:00;2026-07-11 00:00:00;32085;260704G01;MMRS6C10PQ;MMRS6C10PQ;Bộ dây dẫn mini;Bộ dây dẫn mini;;;IK;6120;6120;0;0;RS05X551AIV;RS05X551AIV;SPRING MINI GW 0.018;DÂY DẪN MINI SPRING 0.018;ZROH;260220V;6120;3001;805;0020
260704G01;000010076001;REL - Released;2026-07-04 00:00:00;2026-06-26 00:00:00;2026-07-11 00:00:00;32085;260704G01;MMRS6C10PQ;MMRS6C10PQ;Bộ dây dẫn mini;Bộ dây dẫn mini;;;IK;6120;6120;0;0;RS05X551AIV;RS05X551AIV;SPRING MINI GW 0.018;DÂY DẪN MINI SPRING 0.018;ZROH;260221V;0;3001;5316;0020
260704G01;000010076004;REL - Released;2026-07-04 00:00:00;2026-06-26 00:00:00;2026-07-11 00:00:00;32065;260704G01;RS25C60G07W;RS25C60G07W;RS que nong C60G07;RS que nong C60G07;;;IK;13437;13294;0;0;CRS25C60G07W;CRS25C60G07W;Ống q/nong sau cắt  60G07CM;Ống q/nong sau cắt 60G07CM;ZHAL;260704G01;13437;3001;13333;0010
260704G01;000010076004;REL - Released;2026-07-04 00:00:00;2026-06-26 00:00:00;2026-07-11 00:00:00;32065;260704G01;RS25C60G07W;RS25C60G07W;RS que nong C60G07;RS que nong C60G07;;;IK;13437;13294;0;0;RS27X100V;RS27X100V;DILATOR LOCK PIN A TVC;RS CHỐT QUE NONG LOẠI A TVC;ZROH;251212A;13437;3001;13369;0020
260704G01;000010076004;REL - Released;2026-07-04 00:00:00;2026-06-26 00:00:00;2026-07-11 00:00:00;32065;260704G01;RS25C60G07W;RS25C60G07W;RS que nong C60G07;RS que nong C60G07;;;IK;13437;13294;0;0;RS00X660EV1;RS00X660EV1;DILATOR HUB 6FR;CHUÔI QUE NONG 6FR;ZROH;260321NSA;13437;3001;28;0030
260704G01;000010076004;REL - Released;2026-07-04 00:00:00;2026-06-26 00:00:00;2026-07-11 00:00:00;32065;260704G01;RS25C60G07W;RS25C60G07W;RS que nong C60G07;RS que nong C60G07;;;IK;13437;13294;0;0;RS00X660EV1;RS00X660EV1;DILATOR HUB 6FR;CHUÔI QUE NONG 6FR;ZROH;260324NS;0;3001;12464;0030
260704G01;000010076004;REL - Released;2026-07-04 00:00:00;2026-06-26 00:00:00;2026-07-11 00:00:00;32065;260704G01;RS25C60G07W;RS25C60G07W;RS que nong C60G07;RS que nong C60G07;;;IK;13437;13294;0;0;RS00X660EV1;RS00X660EV1;DILATOR HUB 6FR;CHUÔI QUE NONG 6FR;ZROH;260325NS;0;3001;833;0030
260704G01;000010076005;REL - Released;2026-07-04 00:00:00;2026-06-26 00:00:00;2026-07-11 00:00:00;32065;260704G01;RS25C60N10W;RS25C60N10W;RS que nong C60N10;RS que nong C60N10;;;IK;14259;13908;0;0;CRS25C60N10W;CRS25C60N10W;Ống q/nong sau cắt  60N10CM;Ống q/nong sau cắt 60N10CM;ZHAL;260704G01;14259;3001;14130;0010
260704G01;000010076005;REL - Released;2026-07-04 00:00:00;2026-06-26 00:00:00;2026-07-11 00:00:00;32065;260704G01;RS25C60N10W;RS25C60N10W;RS que nong C60N10;RS que nong C60N10;;;IK;14259;13908;0;0;RS27X100V;RS27X100V;DILATOR LOCK PIN A TVC;RS CHỐT QUE NONG LOẠI A TVC;ZROH;251212A;0;3001;13586;0020
260704G01;000010076005;REL - Released;2026-07-04 00:00:00;2026-06-26 00:00:00;2026-07-11 00:00:00;32065;260704G01;RS25C60N10W;RS25C60N10W;RS que nong C60N10;RS que nong C60N10;;;IK;14259;13908;0;0;RS27X100V;RS27X100V;DILATOR LOCK PIN A TVC;RS CHỐT QUE NONG LOẠI A TVC;ZROH;251210B;14259;3001;624;0020
260704G01;000010076005;REL - Released;2026-07-04 00:00:00;2026-06-26 00:00:00;2026-07-11 00:00:00;32065;260704G01;RS25C60N10W;RS25C60N10W;RS que nong C60N10;RS que nong C60N10;;;IK;14259;13908;0;0;RS00X660EV1;RS00X660EV1;DILATOR HUB 6FR;CHUÔI QUE NONG 6FR;ZROH;260324NS;0;3001;7814;0030
260704G01;000010076005;REL - Released;2026-07-04 00:00:00;2026-06-26 00:00:00;2026-07-11 00:00:00;32065;260704G01;RS25C60N10W;RS25C60N10W;RS que nong C60N10;RS que nong C60N10;;;IK;14259;13908;0;0;RS00X660EV1;RS00X660EV1;DILATOR HUB 6FR;CHUÔI QUE NONG 6FR;ZROH;260323NS;0;3001;5343;0030
260704G01;000010076005;REL - Released;2026-07-04 00:00:00;2026-06-26 00:00:00;2026-07-11 00:00:00;32065;260704G01;RS25C60N10W;RS25C60N10W;RS que nong C60N10;RS que nong C60N10;;;IK;14259;13908;0;0;RS00X660EV1;RS00X660EV1;DILATOR HUB 6FR;CHUÔI QUE NONG 6FR;ZROH;260321NSA;14259;3001;974;0030
260704G01;000010076010;REL - Released;2026-07-04 00:00:00;2026-06-26 00:00:00;2026-07-11 00:00:00;32070;260704G01;RS60E06007;RS60E06007;RS*lắp ráp 6FR 7CM;RS*lắp ráp 6FR 7CM;;;IK;13185;13130;0;0;RS26Q6007;RS26Q6007;RS Sheath 0.20 60X07;RS Sheath 0.20 60X07;ZHAL;260704G01;13185;3001;13160;0010
260704G01;000010076010;REL - Released;2026-07-04 00:00:00;2026-06-26 00:00:00;2026-07-11 00:00:00;32070;260704G01;RS60E06007;RS60E06007;RS*lắp ráp 6FR 7CM;RS*lắp ráp 6FR 7CM;;;IK;13185;13130;0;0;RS00X261EV1;RS00X261EV1;SHEATH HOUSING 6FR;SHEATH HOUSING 6FR;ZROH;260130YW;13185;3001;786;0020
260704G01;000010076010;REL - Released;2026-07-04 00:00:00;2026-06-26 00:00:00;2026-07-11 00:00:00;32070;260704G01;RS60E06007;RS60E06007;RS*lắp ráp 6FR 7CM;RS*lắp ráp 6FR 7CM;;;IK;13185;13130;0;0;RS00X261EV1;RS00X261EV1;SHEATH HOUSING 6FR;SHEATH HOUSING 6FR;ZROH;260201YW;0;3001;8790;0020
260704G01;000010076010;REL - Released;2026-07-04 00:00:00;2026-06-26 00:00:00;2026-07-11 00:00:00;32070;260704G01;RS60E06007;RS60E06007;RS*lắp ráp 6FR 7CM;RS*lắp ráp 6FR 7CM;;;IK;13185;13130;0;0;RS00X261EV1;RS00X261EV1;SHEATH HOUSING 6FR;SHEATH HOUSING 6FR;ZROH;260202YW;0;3001;3597;0020
260704G01;000010076010;REL - Released;2026-07-04 00:00:00;2026-06-26 00:00:00;2026-07-11 00:00:00;32070;260704G01;RS60E06007;RS60E06007;RS*lắp ráp 6FR 7CM;RS*lắp ráp 6FR 7CM;;;IK;13185;13130;0;0;RS00X222KV;RS00X222KV;SHEATH CAP RS A TVC NEW TYPE;Nắp sheath RS A TVC Loại mới;ZROH;260301-P3;13185;3001;5300;0030
260704G01;000010076010;REL - Released;2026-07-04 00:00:00;2026-06-26 00:00:00;2026-07-11 00:00:00;32070;260704G01;RS60E06007;RS60E06007;RS*lắp ráp 6FR 7CM;RS*lắp ráp 6FR 7CM;;;IK;13185;13130;0;0;RS00X222KV;RS00X222KV;SHEATH CAP RS A TVC NEW TYPE;Nắp sheath RS A TVC Loại mới;ZROH;260301-P4;0;3001;7341;0030
260704G01;000010076010;REL - Released;2026-07-04 00:00:00;2026-06-26 00:00:00;2026-07-11 00:00:00;32070;260704G01;RS60E06007;RS60E06007;RS*lắp ráp 6FR 7CM;RS*lắp ráp 6FR 7CM;;;IK;13185;13130;0;0;RS00X222KV;RS00X222KV;SHEATH CAP RS A TVC NEW TYPE;Nắp sheath RS A TVC Loại mới;ZROH;260302-P2;0;3001;611;0030
260704G01;000010076010;REL - Released;2026-07-04 00:00:00;2026-06-26 00:00:00;2026-07-11 00:00:00;32070;260704G01;RS60E06007;RS60E06007;RS*lắp ráp 6FR 7CM;RS*lắp ráp 6FR 7CM;;;IK;13185;13130;0;0;RS23X000V;RS23X000V;VALVE RFS TVC;Van RFS TVC;ZROH;250617KB;13185;3001;1208;0040
260704G01;000010076010;REL - Released;2026-07-04 00:00:00;2026-06-26 00:00:00;2026-07-11 00:00:00;32070;260704G01;RS60E06007;RS60E06007;RS*lắp ráp 6FR 7CM;RS*lắp ráp 6FR 7CM;;;IK;13185;13130;0;0;RS23X000V;RS23X000V;VALVE RFS TVC;Van RFS TVC;ZROH;250617M;0;3001;4210;0040
260704G01;000010076010;REL - Released;2026-07-04 00:00:00;2026-06-26 00:00:00;2026-07-11 00:00:00;32070;260704G01;RS60E06007;RS60E06007;RS*lắp ráp 6FR 7CM;RS*lắp ráp 6FR 7CM;;;IK;13185;13130;0;0;RS23X000V;RS23X000V;VALVE RFS TVC;Van RFS TVC;ZROH;250618M;0;3001;5401;0040
260704G01;000010076010;REL - Released;2026-07-04 00:00:00;2026-06-26 00:00:00;2026-07-11 00:00:00;32070;260704G01;RS60E06007;RS60E06007;RS*lắp ráp 6FR 7CM;RS*lắp ráp 6FR 7CM;;;IK;13185;13130;0;0;RS23X000V;RS23X000V;VALVE RFS TVC;Van RFS TVC;ZROH;250619KA;0;3001;2448;0040
260704G01;000010076010;REL - Released;2026-07-04 00:00:00;2026-06-26 00:00:00;2026-07-11 00:00:00;32070;260704G01;RS60E06007;RS60E06007;RS*lắp ráp 6FR 7CM;RS*lắp ráp 6FR 7CM;;;IK;13185;13130;0;0;RS00E460EV1;RS00E460EV1;SHEATH SUPPORT 6FR;THÂN ĐỠ SHEATH 6FR;ZROH;260110YW;13185;3001;13157;0050
260704G01;000010076010;REL - Released;2026-07-04 00:00:00;2026-06-26 00:00:00;2026-07-11 00:00:00;32070;260704G01;RS60E06007;RS60E06007;RS*lắp ráp 6FR 7CM;RS*lắp ráp 6FR 7CM;;;IK;13185;13130;0;0;TS40X511RSVA;TS40X511RSVA;NON STERILE PART 3WAY COCK;VAN TAM THÔNG;ZROH;251025E;13185;3001;13283;0060
260704G01;000010076010;REL - Released;2026-07-04 00:00:00;2026-06-26 00:00:00;2026-07-11 00:00:00;32070;260704G01;RS60E06007;RS60E06007;RS*lắp ráp 6FR 7CM;RS*lắp ráp 6FR 7CM;;;IK;13185;13130;0;0;RS90X000V;RS90X000V;Ống Arm;Ống Arm;ZHAL;260610C01;13185;3001;9037;0070
260704G01;000010076010;REL - Released;2026-07-04 00:00:00;2026-06-26 00:00:00;2026-07-11 00:00:00;32070;260704G01;RS60E06007;RS60E06007;RS*lắp ráp 6FR 7CM;RS*lắp ráp 6FR 7CM;;;IK;13185;13130;0;0;RS90X000V;RS90X000V;Ống Arm;Ống Arm;ZHAL;260611C01;0;3001;4244;0070
260704G01;000010076011;REL - Released;2026-07-04 00:00:00;2026-06-26 00:00:00;2026-07-11 00:00:00;32070;260704G01;RS60E06010;RS60E06010;RS*lắp ráp 6FR 10CM;RS*lắp ráp 6FR 10CM;;;IK;13986;13945;0;0;RS26Q6010;RS26Q6010;RS Sheath 0.20 60X10;RS Sheath 0.20 60X10;ZHAL;260704G01;13986;3001;13973;0010
260704G01;000010076011;REL - Released;2026-07-04 00:00:00;2026-06-26 00:00:00;2026-07-11 00:00:00;32070;260704G01;RS60E06010;RS60E06010;RS*lắp ráp 6FR 10CM;RS*lắp ráp 6FR 10CM;;;IK;13986;13945;0;0;RS00X261EV1;RS00X261EV1;SHEATH HOUSING 6FR;SHEATH HOUSING 6FR;ZROH;260202YW;0;3001;7393;0020
260704G01;000010076011;REL - Released;2026-07-04 00:00:00;2026-06-26 00:00:00;2026-07-11 00:00:00;32070;260704G01;RS60E06010;RS60E06010;RS*lắp ráp 6FR 10CM;RS*lắp ráp 6FR 10CM;;;IK;13986;13945;0;0;RS00X261EV1;RS00X261EV1;SHEATH HOUSING 6FR;SHEATH HOUSING 6FR;ZROH;260201YW;13986;3001;6588;0020
260704G01;000010076011;REL - Released;2026-07-04 00:00:00;2026-06-26 00:00:00;2026-07-11 00:00:00;32070;260704G01;RS60E06010;RS60E06010;RS*lắp ráp 6FR 10CM;RS*lắp ráp 6FR 10CM;;;IK;13986;13945;0;0;RS00X222KV;RS00X222KV;SHEATH CAP RS A TVC NEW TYPE;Nắp sheath RS A TVC Loại mới;ZROH;260301-P3;13986;3001;5393;0030
260704G01;000010076011;REL - Released;2026-07-04 00:00:00;2026-06-26 00:00:00;2026-07-11 00:00:00;32070;260704G01;RS60E06010;RS60E06010;RS*lắp ráp 6FR 10CM;RS*lắp ráp 6FR 10CM;;;IK;13986;13945;0;0;RS00X222KV;RS00X222KV;SHEATH CAP RS A TVC NEW TYPE;Nắp sheath RS A TVC Loại mới;ZROH;260301-P4;0;3001;6008;0030
260704G01;000010076011;REL - Released;2026-07-04 00:00:00;2026-06-26 00:00:00;2026-07-11 00:00:00;32070;260704G01;RS60E06010;RS60E06010;RS*lắp ráp 6FR 10CM;RS*lắp ráp 6FR 10CM;;;IK;13986;13945;0;0;RS00X222KV;RS00X222KV;SHEATH CAP RS A TVC NEW TYPE;Nắp sheath RS A TVC Loại mới;ZROH;260302-P2;0;3001;2628;0030
260704G01;000010076011;REL - Released;2026-07-04 00:00:00;2026-06-26 00:00:00;2026-07-11 00:00:00;32070;260704G01;RS60E06010;RS60E06010;RS*lắp ráp 6FR 10CM;RS*lắp ráp 6FR 10CM;;;IK;13986;13945;0;0;RS23X000V;RS23X000V;VALVE RFS TVC;Van RFS TVC;ZROH;250617KB;13986;3001;8816;0040
260704G01;000010076011;REL - Released;2026-07-04 00:00:00;2026-06-26 00:00:00;2026-07-11 00:00:00;32070;260704G01;RS60E06010;RS60E06010;RS*lắp ráp 6FR 10CM;RS*lắp ráp 6FR 10CM;;;IK;13986;13945;0;0;RS23X000V;RS23X000V;VALVE RFS TVC;Van RFS TVC;ZROH;250617M;0;3001;3584;0040
260704G01;000010076011;REL - Released;2026-07-04 00:00:00;2026-06-26 00:00:00;2026-07-11 00:00:00;32070;260704G01;RS60E06010;RS60E06010;RS*lắp ráp 6FR 10CM;RS*lắp ráp 6FR 10CM;;;IK;13986;13945;0;0;RS23X000V;RS23X000V;VALVE RFS TVC;Van RFS TVC;ZROH;250618M;0;3001;1893;0040
260704G01;000010076011;REL - Released;2026-07-04 00:00:00;2026-06-26 00:00:00;2026-07-11 00:00:00;32070;260704G01;RS60E06010;RS60E06010;RS*lắp ráp 6FR 10CM;RS*lắp ráp 6FR 10CM;;;IK;13986;13945;0;0;RS23X000V;RS23X000V;VALVE RFS TVC;Van RFS TVC;ZROH;250619KA;0;3001;593;0040
260704G01;000010076011;REL - Released;2026-07-04 00:00:00;2026-06-26 00:00:00;2026-07-11 00:00:00;32070;260704G01;RS60E06010;RS60E06010;RS*lắp ráp 6FR 10CM;RS*lắp ráp 6FR 10CM;;;IK;13986;13945;0;0;RS00E460EV1;RS00E460EV1;SHEATH SUPPORT 6FR;THÂN ĐỠ SHEATH 6FR;ZROH;260111YW;0;3001;218;0050
260704G01;000010076011;REL - Released;2026-07-04 00:00:00;2026-06-26 00:00:00;2026-07-11 00:00:00;32070;260704G01;RS60E06010;RS60E06010;RS*lắp ráp 6FR 10CM;RS*lắp ráp 6FR 10CM;;;IK;13986;13945;0;0;RS00E460EV1;RS00E460EV1;SHEATH SUPPORT 6FR;THÂN ĐỠ SHEATH 6FR;ZROH;260110YW;0;3001;13154;0050
260704G01;000010076011;REL - Released;2026-07-04 00:00:00;2026-06-26 00:00:00;2026-07-11 00:00:00;32070;260704G01;RS60E06010;RS60E06010;RS*lắp ráp 6FR 10CM;RS*lắp ráp 6FR 10CM;;;IK;13986;13945;0;0;RS00E460EV1;RS00E460EV1;SHEATH SUPPORT 6FR;THÂN ĐỠ SHEATH 6FR;ZROH;260109YW;13986;3001;600;0050
260704G01;000010076011;REL - Released;2026-07-04 00:00:00;2026-06-26 00:00:00;2026-07-11 00:00:00;32070;260704G01;RS60E06010;RS60E06010;RS*lắp ráp 6FR 10CM;RS*lắp ráp 6FR 10CM;;;IK;13986;13945;0;0;TS40X511RSVA;TS40X511RSVA;NON STERILE PART 3WAY COCK;VAN TAM THÔNG;ZROH;251025E;13986;3001;14302;0060
260704G01;000010076011;REL - Released;2026-07-04 00:00:00;2026-06-26 00:00:00;2026-07-11 00:00:00;32070;260704G01;RS60E06010;RS60E06010;RS*lắp ráp 6FR 10CM;RS*lắp ráp 6FR 10CM;;;IK;13986;13945;0;0;RS90X000V;RS90X000V;Ống Arm;Ống Arm;ZHAL;260611C01;0;3001;5068;0070
260704G01;000010076011;REL - Released;2026-07-04 00:00:00;2026-06-26 00:00:00;2026-07-11 00:00:00;32070;260704G01;RS60E06010;RS60E06010;RS*lắp ráp 6FR 10CM;RS*lắp ráp 6FR 10CM;;;IK;13986;13945;0;0;RS90X000V;RS90X000V;Ống Arm;Ống Arm;ZHAL;260610C01;13986;3001;9081;0070
260704G01;000010076013;REL - Released;2026-07-04 00:00:00;2026-06-26 00:00:00;2026-07-11 00:00:00;32085;260704G01;MSA60G07SQY;MSA60G07SQY;Bộ dây dẫn mini;Bộ dây dẫn mini;;;IK;13119;13119;0;0;RG90X0405V;RG90X0405V;IK ống bọc ngoài 405mm;IK ống bọc ngoài 405mm;ZHAL;260615C01;13119;3001;13119;0010
260704G01;000010076013;REL - Released;2026-07-04 00:00:00;2026-06-26 00:00:00;2026-07-11 00:00:00;32085;260704G01;MSA60G07SQY;MSA60G07SQY;Bộ dây dẫn mini;Bộ dây dẫn mini;;;IK;13119;13119;0;0;RF50MS2545Y;RF50MS2545Y;Dây dẫn mini đã g/c S0.025X45CM;Dây dẫn mini đã g/c S0.025X45CM;ZHAL;260704G01;13119;3001;2992;0020
260704G01;000010076013;REL - Released;2026-07-04 00:00:00;2026-06-26 00:00:00;2026-07-11 00:00:00;32085;260704G01;MSA60G07SQY;MSA60G07SQY;Bộ dây dẫn mini;Bộ dây dẫn mini;;;IK;13119;13119;0;0;RF50MS2545Y;RF50MS2545Y;Dây dẫn mini đã g/c S0.025X45CM;Dây dẫn mini đã g/c S0.025X45CM;ZHAL;260704G02;0;3001;10127;0020
260704G02;000010076019;REL - Released;2026-07-04 00:00:00;2026-06-26 00:00:00;2026-07-11 00:00:00;32065;260704G02;RS25C60G16W;RS25C60G16W;RS que nong C60G16;RS que nong C60G16;;;IK;13255;11873;0;0;CRS25C60G16W;CRS25C60G16W;Ống q/nong sau cắt  60G16CM;Ống q/nong sau cắt 60G16CM;ZHAL;260704G02;13255;3001;11893;0010
260704G02;000010076019;REL - Released;2026-07-04 00:00:00;2026-06-26 00:00:00;2026-07-11 00:00:00;32065;260704G02;RS25C60G16W;RS25C60G16W;RS que nong C60G16;RS que nong C60G16;;;IK;13255;11873;0;0;RS27X100V;RS27X100V;DILATOR LOCK PIN A TVC;RS CHỐT QUE NONG LOẠI A TVC;ZROH;251212A;13255;3001;11901;0020
260704G02;000010076019;REL - Released;2026-07-04 00:00:00;2026-06-26 00:00:00;2026-07-11 00:00:00;32065;260704G02;RS25C60G16W;RS25C60G16W;RS que nong C60G16;RS que nong C60G16;;;IK;13255;11873;0;0;RS00X660EV1;RS00X660EV1;DILATOR HUB 6FR;CHUÔI QUE NONG 6FR;ZROH;260324NS;13255;3001;11910;0030
260704G01;000010076026;REL - Released;2026-07-04 00:00:00;2026-06-26 00:00:00;2026-07-11 00:00:00;32070;260704G01;RS60E05016;RS60E05016;RS*lắp ráp 5FR 16CM;RS*lắp ráp 5FR 16CM;;;IK;6064;6044;0;0;RS26Q5016;RS26Q5016;RS Sheath 0.20 50X16;RS Sheath 0.20 50X16;ZHAL;260704G01;6064;3001;6055;0010
260704G01;000010076026;REL - Released;2026-07-04 00:00:00;2026-06-26 00:00:00;2026-07-11 00:00:00;32070;260704G01;RS60E05016;RS60E05016;RS*lắp ráp 5FR 16CM;RS*lắp ráp 5FR 16CM;;;IK;6064;6044;0;0;RS00E251EV;RS00E251EV;SHEATH HOUSING 5FR;SHEATH HOUSING 5FR;ZROH;250508-5;6064;3001;6067;0020
260704G01;000010076026;REL - Released;2026-07-04 00:00:00;2026-06-26 00:00:00;2026-07-11 00:00:00;32070;260704G01;RS60E05016;RS60E05016;RS*lắp ráp 5FR 16CM;RS*lắp ráp 5FR 16CM;;;IK;6064;6044;0;0;RS00X222KV;RS00X222KV;SHEATH CAP RS A TVC NEW TYPE;Nắp sheath RS A TVC Loại mới;ZROH;260302-P2;0;3001;664;0030
260704G01;000010076026;REL - Released;2026-07-04 00:00:00;2026-06-26 00:00:00;2026-07-11 00:00:00;32070;260704G01;RS60E05016;RS60E05016;RS*lắp ráp 5FR 16CM;RS*lắp ráp 5FR 16CM;;;IK;6064;6044;0;0;RS00X222KV;RS00X222KV;SHEATH CAP RS A TVC NEW TYPE;Nắp sheath RS A TVC Loại mới;ZROH;260301-P4;0;3001;4215;0030
260704G01;000010076026;REL - Released;2026-07-04 00:00:00;2026-06-26 00:00:00;2026-07-11 00:00:00;32070;260704G01;RS60E05016;RS60E05016;RS*lắp ráp 5FR 16CM;RS*lắp ráp 5FR 16CM;;;IK;6064;6044;0;0;RS00X222KV;RS00X222KV;SHEATH CAP RS A TVC NEW TYPE;Nắp sheath RS A TVC Loại mới;ZROH;260301-P3;6064;3001;1200;0030
260704G01;000010076026;REL - Released;2026-07-04 00:00:00;2026-06-26 00:00:00;2026-07-11 00:00:00;32070;260704G01;RS60E05016;RS60E05016;RS*lắp ráp 5FR 16CM;RS*lắp ráp 5FR 16CM;;;IK;6064;6044;0;0;RS23X000V;RS23X000V;VALVE RFS TVC;Van RFS TVC;ZROH;250617M;6064;3001;1200;0040
260704G01;000010076026;REL - Released;2026-07-04 00:00:00;2026-06-26 00:00:00;2026-07-11 00:00:00;32070;260704G01;RS60E05016;RS60E05016;RS*lắp ráp 5FR 16CM;RS*lắp ráp 5FR 16CM;;;IK;6064;6044;0;0;RS23X000V;RS23X000V;VALVE RFS TVC;Van RFS TVC;ZROH;250618M;0;3001;2430;0040
260704G01;000010076026;REL - Released;2026-07-04 00:00:00;2026-06-26 00:00:00;2026-07-11 00:00:00;32070;260704G01;RS60E05016;RS60E05016;RS*lắp ráp 5FR 16CM;RS*lắp ráp 5FR 16CM;;;IK;6064;6044;0;0;RS23X000V;RS23X000V;VALVE RFS TVC;Van RFS TVC;ZROH;250619KA;0;3001;2494;0040
260704G01;000010076026;REL - Released;2026-07-04 00:00:00;2026-06-26 00:00:00;2026-07-11 00:00:00;32070;260704G01;RS60E05016;RS60E05016;RS*lắp ráp 5FR 16CM;RS*lắp ráp 5FR 16CM;;;IK;6064;6044;0;0;RS00E450EV;RS00E450EV;SHEATH SUPPORT 5FR;THÂN ĐỠ SHEATH 5FR;ZROH;250916;6064;3001;6054;0050
260704G01;000010076026;REL - Released;2026-07-04 00:00:00;2026-06-26 00:00:00;2026-07-11 00:00:00;32070;260704G01;RS60E05016;RS60E05016;RS*lắp ráp 5FR 16CM;RS*lắp ráp 5FR 16CM;;;IK;6064;6044;0;0;TS40X511RSVA;TS40X511RSVA;NON STERILE PART 3WAY COCK;VAN TAM THÔNG;ZROH;251025E;6064;3001;6149;0060
260704G01;000010076026;REL - Released;2026-07-04 00:00:00;2026-06-26 00:00:00;2026-07-11 00:00:00;32070;260704G01;RS60E05016;RS60E05016;RS*lắp ráp 5FR 16CM;RS*lắp ráp 5FR 16CM;;;IK;6064;6044;0;0;RS90X000V;RS90X000V;Ống Arm;Ống Arm;ZHAL;260610C01;6064;3001;3247;0070
260704G01;000010076026;REL - Released;2026-07-04 00:00:00;2026-06-26 00:00:00;2026-07-11 00:00:00;32070;260704G01;RS60E05016;RS60E05016;RS*lắp ráp 5FR 16CM;RS*lắp ráp 5FR 16CM;;;IK;6064;6044;0;0;RS90X000V;RS90X000V;Ống Arm;Ống Arm;ZHAL;260611C01;0;3001;2901;0070
260704G01;000010076027;REL - Released;2026-07-04 00:00:00;2026-06-26 00:00:00;2026-07-11 00:00:00;32070;260704G01;RS60E06016;RS60E06016;RS*lắp ráp 6FR 16CM;RS*lắp ráp 6FR 16CM;;;IK;8688;8643;0;0;RS26Q6016;RS26Q6016;RS Sheath 0.20 60X16;RS Sheath 0.20 60X16;ZHAL;260704G01;8688;3001;8676;0010
260704G01;000010076027;REL - Released;2026-07-04 00:00:00;2026-06-26 00:00:00;2026-07-11 00:00:00;32070;260704G01;RS60E06016;RS60E06016;RS*lắp ráp 6FR 16CM;RS*lắp ráp 6FR 16CM;;;IK;8688;8643;0;0;RS00X261EV1;RS00X261EV1;SHEATH HOUSING 6FR;SHEATH HOUSING 6FR;ZROH;260202YW;0;3001;5083;0020
260704G01;000010076027;REL - Released;2026-07-04 00:00:00;2026-06-26 00:00:00;2026-07-11 00:00:00;32070;260704G01;RS60E06016;RS60E06016;RS*lắp ráp 6FR 16CM;RS*lắp ráp 6FR 16CM;;;IK;8688;8643;0;0;RS00X261EV1;RS00X261EV1;SHEATH HOUSING 6FR;SHEATH HOUSING 6FR;ZROH;260201YW;8688;3001;3605;0020
260704G01;000010076027;REL - Released;2026-07-04 00:00:00;2026-06-26 00:00:00;2026-07-11 00:00:00;32070;260704G01;RS60E06016;RS60E06016;RS*lắp ráp 6FR 16CM;RS*lắp ráp 6FR 16CM;;;IK;8688;8643;0;0;RS00X222KV;RS00X222KV;SHEATH CAP RS A TVC NEW TYPE;Nắp sheath RS A TVC Loại mới;ZROH;260302-P2;0;3001;757;0030
260704G01;000010076027;REL - Released;2026-07-04 00:00:00;2026-06-26 00:00:00;2026-07-11 00:00:00;32070;260704G01;RS60E06016;RS60E06016;RS*lắp ráp 6FR 16CM;RS*lắp ráp 6FR 16CM;;;IK;8688;8643;0;0;RS00X222KV;RS00X222KV;SHEATH CAP RS A TVC NEW TYPE;Nắp sheath RS A TVC Loại mới;ZROH;260301-P4;8688;3001;7930;0030
260704G01;000010076027;REL - Released;2026-07-04 00:00:00;2026-06-26 00:00:00;2026-07-11 00:00:00;32070;260704G01;RS60E06016;RS60E06016;RS*lắp ráp 6FR 16CM;RS*lắp ráp 6FR 16CM;;;IK;8688;8643;0;0;RS23X000V;RS23X000V;VALVE RFS TVC;Van RFS TVC;ZROH;250617M;8688;3001;1208;0040
260704G01;000010076027;REL - Released;2026-07-04 00:00:00;2026-06-26 00:00:00;2026-07-11 00:00:00;32070;260704G01;RS60E06016;RS60E06016;RS*lắp ráp 6FR 16CM;RS*lắp ráp 6FR 16CM;;;IK;8688;8643;0;0;RS23X000V;RS23X000V;VALVE RFS TVC;Van RFS TVC;ZROH;250618M;0;3001;4515;0040
260704G01;000010076027;REL - Released;2026-07-04 00:00:00;2026-06-26 00:00:00;2026-07-11 00:00:00;32070;260704G01;RS60E06016;RS60E06016;RS*lắp ráp 6FR 16CM;RS*lắp ráp 6FR 16CM;;;IK;8688;8643;0;0;RS23X000V;RS23X000V;VALVE RFS TVC;Van RFS TVC;ZROH;250619KA;0;3001;3052;0040
260704G01;000010076027;REL - Released;2026-07-04 00:00:00;2026-06-26 00:00:00;2026-07-11 00:00:00;32070;260704G01;RS60E06016;RS60E06016;RS*lắp ráp 6FR 16CM;RS*lắp ráp 6FR 16CM;;;IK;8688;8643;0;0;RS00E460EV1;RS00E460EV1;SHEATH SUPPORT 6FR;THÂN ĐỠ SHEATH 6FR;ZROH;260110YW;8688;3001;8661;0050
260704G01;000010076027;REL - Released;2026-07-04 00:00:00;2026-06-26 00:00:00;2026-07-11 00:00:00;32070;260704G01;RS60E06016;RS60E06016;RS*lắp ráp 6FR 16CM;RS*lắp ráp 6FR 16CM;;;IK;8688;8643;0;0;TS40X511RSVA;TS40X511RSVA;NON STERILE PART 3WAY COCK;VAN TAM THÔNG;ZROH;251025E;8688;3001;8785;0060
260704G01;000010076027;REL - Released;2026-07-04 00:00:00;2026-06-26 00:00:00;2026-07-11 00:00:00;32070;260704G01;RS60E06016;RS60E06016;RS*lắp ráp 6FR 16CM;RS*lắp ráp 6FR 16CM;;;IK;8688;8643;0;0;RS90X000V;RS90X000V;Ống Arm;Ống Arm;ZHAL;260610C01;8688;3001;4245;0070
260704G01;000010076027;REL - Released;2026-07-04 00:00:00;2026-06-26 00:00:00;2026-07-11 00:00:00;32070;260704G01;RS60E06016;RS60E06016;RS*lắp ráp 6FR 16CM;RS*lắp ráp 6FR 16CM;;;IK;8688;8643;0;0;RS90X000V;RS90X000V;Ống Arm;Ống Arm;ZHAL;260611C01;0;3001;4538;0070
260704G02;000010076028;REL - Released;2026-07-04 00:00:00;2026-06-26 00:00:00;2026-07-11 00:00:00;32070;260704G02;RS60E06016;RS60E06016;RS*lắp ráp 6FR 16CM;RS*lắp ráp 6FR 16CM;;;IK;13040;7755;0;0;RS26Q6016;RS26Q6016;RS Sheath 0.20 60X16;RS Sheath 0.20 60X16;ZHAL;260704G02;13040;3001;7772;0010
260704G02;000010076028;REL - Released;2026-07-04 00:00:00;2026-06-26 00:00:00;2026-07-11 00:00:00;32070;260704G02;RS60E06016;RS60E06016;RS*lắp ráp 6FR 16CM;RS*lắp ráp 6FR 16CM;;;IK;13040;7755;0;0;RS00X261EV1;RS00X261EV1;SHEATH HOUSING 6FR;SHEATH HOUSING 6FR;ZROH;260202YW;0;3001;4960;0020
260704G02;000010076028;REL - Released;2026-07-04 00:00:00;2026-06-26 00:00:00;2026-07-11 00:00:00;32070;260704G02;RS60E06016;RS60E06016;RS*lắp ráp 6FR 16CM;RS*lắp ráp 6FR 16CM;;;IK;13040;7755;0;0;RS00X261EV1;RS00X261EV1;SHEATH HOUSING 6FR;SHEATH HOUSING 6FR;ZROH;260201YW;13040;3001;2827;0020
260704G02;000010076028;REL - Released;2026-07-04 00:00:00;2026-06-26 00:00:00;2026-07-11 00:00:00;32070;260704G02;RS60E06016;RS60E06016;RS*lắp ráp 6FR 16CM;RS*lắp ráp 6FR 16CM;;;IK;13040;7755;0;0;RS00X222KV;RS00X222KV;SHEATH CAP RS A TVC NEW TYPE;Nắp sheath RS A TVC Loại mới;ZROH;260302-P2;0;3001;2449;0030
260704G02;000010076028;REL - Released;2026-07-04 00:00:00;2026-06-26 00:00:00;2026-07-11 00:00:00;32070;260704G02;RS60E06016;RS60E06016;RS*lắp ráp 6FR 16CM;RS*lắp ráp 6FR 16CM;;;IK;13040;7755;0;0;RS00X222KV;RS00X222KV;SHEATH CAP RS A TVC NEW TYPE;Nắp sheath RS A TVC Loại mới;ZROH;260301-P4;13040;3001;5419;0030
260704G02;000010076028;REL - Released;2026-07-04 00:00:00;2026-06-26 00:00:00;2026-07-11 00:00:00;32070;260704G02;RS60E06016;RS60E06016;RS*lắp ráp 6FR 16CM;RS*lắp ráp 6FR 16CM;;;IK;13040;7755;0;0;RS23X000V;RS23X000V;VALVE RFS TVC;Van RFS TVC;ZROH;250617M;13040;3001;603;0040
260704G02;000010076028;REL - Released;2026-07-04 00:00:00;2026-06-26 00:00:00;2026-07-11 00:00:00;32070;260704G02;RS60E06016;RS60E06016;RS*lắp ráp 6FR 16CM;RS*lắp ráp 6FR 16CM;;;IK;13040;7755;0;0;RS23X000V;RS23X000V;VALVE RFS TVC;Van RFS TVC;ZROH;250618M;0;3001;3011;0040
260704G02;000010076028;REL - Released;2026-07-04 00:00:00;2026-06-26 00:00:00;2026-07-11 00:00:00;32070;260704G02;RS60E06016;RS60E06016;RS*lắp ráp 6FR 16CM;RS*lắp ráp 6FR 16CM;;;IK;13040;7755;0;0;RS23X000V;RS23X000V;VALVE RFS TVC;Van RFS TVC;ZROH;250619KA;0;3001;4261;0040
260704G02;000010076028;REL - Released;2026-07-04 00:00:00;2026-06-26 00:00:00;2026-07-11 00:00:00;32070;260704G02;RS60E06016;RS60E06016;RS*lắp ráp 6FR 16CM;RS*lắp ráp 6FR 16CM;;;IK;13040;7755;0;0;RS00E460EV1;RS00E460EV1;SHEATH SUPPORT 6FR;THÂN ĐỠ SHEATH 6FR;ZROH;260111YW;0;3001;600;0050
260704G02;000010076028;REL - Released;2026-07-04 00:00:00;2026-06-26 00:00:00;2026-07-11 00:00:00;32070;260704G02;RS60E06016;RS60E06016;RS*lắp ráp 6FR 16CM;RS*lắp ráp 6FR 16CM;;;IK;13040;7755;0;0;RS00E460EV1;RS00E460EV1;SHEATH SUPPORT 6FR;THÂN ĐỠ SHEATH 6FR;ZROH;260110YW;13040;3001;7167;0050
260704G02;000010076028;REL - Released;2026-07-04 00:00:00;2026-06-26 00:00:00;2026-07-11 00:00:00;32070;260704G02;RS60E06016;RS60E06016;RS*lắp ráp 6FR 16CM;RS*lắp ráp 6FR 16CM;;;IK;13040;7755;0;0;TS40X511RSVA;TS40X511RSVA;NON STERILE PART 3WAY COCK;VAN TAM THÔNG;ZROH;251025E;13040;3001;7983;0060
260704G02;000010076028;REL - Released;2026-07-04 00:00:00;2026-06-26 00:00:00;2026-07-11 00:00:00;32070;260704G02;RS60E06016;RS60E06016;RS*lắp ráp 6FR 16CM;RS*lắp ráp 6FR 16CM;;;IK;13040;7755;0;0;RS90X000V;RS90X000V;Ống Arm;Ống Arm;ZHAL;260610C01;13040;3001;3605;0070
260704G02;000010076028;REL - Released;2026-07-04 00:00:00;2026-06-26 00:00:00;2026-07-11 00:00:00;32070;260704G02;RS60E06016;RS60E06016;RS*lắp ráp 6FR 16CM;RS*lắp ráp 6FR 16CM;;;IK;13040;7755;0;0;RS90X000V;RS90X000V;Ống Arm;Ống Arm;ZHAL;260611C01;0;3001;4237;0070
260704G02;000010076029;REL - Released;2026-07-04 00:00:00;2026-06-26 00:00:00;2026-07-11 00:00:00;32075;260704G02;RF50MS2545Y;RF50MS2545Y;Dây dẫn mini đã g/c S0.025X45CM;Dây dẫn mini đã g/c S0.025X45CM;;;IK;13835;13829;0;0;RF42MS2545YV;RF42MS2545YV;MINI GUIDE WIRE S2545;DÂY DẪN MINI S2545;ZROH;Y2512073;0;3001;2084;0010
260704G02;000010076029;REL - Released;2026-07-04 00:00:00;2026-06-26 00:00:00;2026-07-11 00:00:00;32075;260704G02;RF50MS2545Y;RF50MS2545Y;Dây dẫn mini đã g/c S0.025X45CM;Dây dẫn mini đã g/c S0.025X45CM;;;IK;13835;13829;0;0;RF42MS2545YV;RF42MS2545YV;MINI GUIDE WIRE S2545;DÂY DẪN MINI S2545;ZROH;Y2512072;0;3001;9593;0010
260704G02;000010076029;REL - Released;2026-07-04 00:00:00;2026-06-26 00:00:00;2026-07-11 00:00:00;32075;260704G02;RF50MS2545Y;RF50MS2545Y;Dây dẫn mini đã g/c S0.025X45CM;Dây dẫn mini đã g/c S0.025X45CM;;;IK;13835;13829;0;0;RF42MS2545YV;RF42MS2545YV;MINI GUIDE WIRE S2545;DÂY DẪN MINI S2545;ZROH;Y2512071;13835;3001;2158;0010
260704G03;000010076030;REL - Released;2026-07-04 00:00:00;2026-06-26 00:00:00;2026-07-11 00:00:00;32075;260704G03;RF50MS2545Y;RF50MS2545Y;Dây dẫn mini đã g/c S0.025X45CM;Dây dẫn mini đã g/c S0.025X45CM;;;IK;13835;13828;0;0;RF42MS2545YV;RF42MS2545YV;MINI GUIDE WIRE S2545;DÂY DẪN MINI S2545;ZROH;Y2512073;13835;3001;7509;0010
260704G03;000010076030;REL - Released;2026-07-04 00:00:00;2026-06-26 00:00:00;2026-07-11 00:00:00;32075;260704G03;RF50MS2545Y;RF50MS2545Y;Dây dẫn mini đã g/c S0.025X45CM;Dây dẫn mini đã g/c S0.025X45CM;;;IK;13835;13828;0;0;RF42MS2545YV;RF42MS2545YV;MINI GUIDE WIRE S2545;DÂY DẪN MINI S2545;ZROH;Y2512078;0;3001;6326;0010
260704G03;000010076033;REL - Released;2026-07-04 00:00:00;2026-06-26 00:00:00;2026-07-11 00:00:00;32080;260704G03;RS23X422;RS23X422;Ống bọc ngoài đã gia công 420mm;Ống bọc ngoài đã gia công 420mm;;;IK;10000;9997;0;0;RG90X0420V;RG90X0420V;IK ống bọc ngoài 420mm;IK ống bọc ngoài 420mm;ZHAL;260606C01;10000;3001;10000;0010
260704G02;000010076037;REL - Released;2026-07-04 00:00:00;2026-06-26 00:00:00;2026-07-11 00:00:00;32085;260704G02;MSA60G16SQZY;MSA60G16SQZY;Bộ dây dẫn mini;Bộ dây dẫn mini;;;IK;4319;4319;0;0;RS23X422;RS23X422;Ống bọc ngoài đã gia công 420mm;Ống bọc ngoài đã gia công 420mm;ZHAL;260704G01;4319;3001;3486;0010
260704G02;000010076037;REL - Released;2026-07-04 00:00:00;2026-06-26 00:00:00;2026-07-11 00:00:00;32085;260704G02;MSA60G16SQZY;MSA60G16SQZY;Bộ dây dẫn mini;Bộ dây dẫn mini;;;IK;4319;4319;0;0;RS23X422;RS23X422;Ống bọc ngoài đã gia công 420mm;Ống bọc ngoài đã gia công 420mm;ZHAL;260704G02;0;3001;833;0010
260704G02;000010076037;REL - Released;2026-07-04 00:00:00;2026-06-26 00:00:00;2026-07-11 00:00:00;32085;260704G02;MSA60G16SQZY;MSA60G16SQZY;Bộ dây dẫn mini;Bộ dây dẫn mini;;;IK;4319;4319;0;0;RF50MS2545Y;RF50MS2545Y;Dây dẫn mini đã g/c S0.025X45CM;Dây dẫn mini đã g/c S0.025X45CM;ZHAL;260704G02;4319;3001;3702;0020
260704G02;000010076037;REL - Released;2026-07-04 00:00:00;2026-06-26 00:00:00;2026-07-11 00:00:00;32085;260704G02;MSA60G16SQZY;MSA60G16SQZY;Bộ dây dẫn mini;Bộ dây dẫn mini;;;IK;4319;4319;0;0;RF50MS2545Y;RF50MS2545Y;Dây dẫn mini đã g/c S0.025X45CM;Dây dẫn mini đã g/c S0.025X45CM;ZHAL;260704G03;0;3001;617;0020
260704G03;000010076038;REL - Released;2026-07-04 00:00:00;2026-06-26 00:00:00;2026-07-11 00:00:00;32085;260704G03;MSA60G16SQZY;MSA60G16SQZY;Bộ dây dẫn mini;Bộ dây dẫn mini;;;IK;4319;4319;0;0;RS23X422;RS23X422;Ống bọc ngoài đã gia công 420mm;Ống bọc ngoài đã gia công 420mm;ZHAL;260704G02;4319;3001;4319;0010
260704G03;000010076038;REL - Released;2026-07-04 00:00:00;2026-06-26 00:00:00;2026-07-11 00:00:00;32085;260704G03;MSA60G16SQZY;MSA60G16SQZY;Bộ dây dẫn mini;Bộ dây dẫn mini;;;IK;4319;4319;0;0;RF50MS2545Y;RF50MS2545Y;Dây dẫn mini đã g/c S0.025X45CM;Dây dẫn mini đã g/c S0.025X45CM;ZHAL;260704G03;4319;3001;4319;0020
260704G04;000010076039;REL - Released;2026-07-04 00:00:00;2026-06-26 00:00:00;2026-07-11 00:00:00;32085;260704G04;MSA60G16SQZY;MSA60G16SQZY;Bộ dây dẫn mini;Bộ dây dẫn mini;;;IK;4319;4319;0;0;RS23X422;RS23X422;Ống bọc ngoài đã gia công 420mm;Ống bọc ngoài đã gia công 420mm;ZHAL;260704G02;4319;3001;4319;0010
260704G04;000010076039;REL - Released;2026-07-04 00:00:00;2026-06-26 00:00:00;2026-07-11 00:00:00;32085;260704G04;MSA60G16SQZY;MSA60G16SQZY;Bộ dây dẫn mini;Bộ dây dẫn mini;;;IK;4319;4319;0;0;RF50MS2545Y;RF50MS2545Y;Dây dẫn mini đã g/c S0.025X45CM;Dây dẫn mini đã g/c S0.025X45CM;ZHAL;260704G03;4319;3001;4319;0020
260704VA;000010076041;REL - Released;2026-07-04 00:00:00;2026-06-26 00:00:00;2026-07-11 00:00:00;32091;260704VA;RM/RS6F10PQ_S;RM*RS6F10PQ;Dc mđường vào đmạch quay;Dc mđường vào đmạch quay;;;IK;6120;6120;0;0;RS34G6001V-3;RS34G6001V-3;PEEL LABEL 6Fr M27 GSS;Nhãn túi đóng gói 6Fr M27 GSS;ZROH;260416VJ;6120;3001;6157;0010
260704VA;000010076041;REL - Released;2026-07-04 00:00:00;2026-06-26 00:00:00;2026-07-11 00:00:00;32091;260704VA;RM/RS6F10PQ_S;RM*RS6F10PQ;Dc mđường vào đmạch quay;Dc mđường vào đmạch quay;;;IK;6120;6120;0;0;RS34G6005V-3;RS34G6005V-3;UNIT BOX LABEL 6Fr M27 GSS;Nhãn hộp đơn vị 6Fr M27 GSS;ZROH;260424VJ;1224;3001;1231;0020
260704VA;000010076041;REL - Released;2026-07-04 00:00:00;2026-06-26 00:00:00;2026-07-11 00:00:00;32091;260704VA;RM/RS6F10PQ_S;RM*RS6F10PQ;Dc mđường vào đmạch quay;Dc mđường vào đmạch quay;;;IK;6120;6120;0;0;RS34G20V-03;RS34G20V-03;SHIPPING BOX LABEL M27 GSS;Nhãn thùng xuất xưởng M27 GSS;ZROH;260424VJ;612;3001;622;0030
260704VA;000010076041;REL - Released;2026-07-04 00:00:00;2026-06-26 00:00:00;2026-07-11 00:00:00;32091;260704VA;RM/RS6F10PQ_S;RM*RS6F10PQ;Dc mđường vào đmạch quay;Dc mđường vào đmạch quay;;;IK;6120;6120;0;0;RS30XGTS1V-1;RS30XGTS1V-1;TYVEK PEELPACK M26 (TRAY S);Túi đóng gói Tyvek (có khay S);ZROH;260105=;6120;3001;6140;0040
260704VA;000010076041;REL - Released;2026-07-04 00:00:00;2026-06-26 00:00:00;2026-07-11 00:00:00;32091;260704VA;RM/RS6F10PQ_S;RM*RS6F10PQ;Dc mđường vào đmạch quay;Dc mđường vào đmạch quay;;;IK;6120;6120;0;0;RS36M805SV-2;RS36M805SV-2;UNIT BOX M27 TRAY S;Hộp đơn vị M27 khay S;ZROH;260407K;1224;3001;1224;0050
260704VA;000010076041;REL - Released;2026-07-04 00:00:00;2026-06-26 00:00:00;2026-07-11 00:00:00;32091;260704VA;RM/RS6F10PQ_S;RM*RS6F10PQ;Dc mđường vào đmạch quay;Dc mđường vào đmạch quay;;;IK;6120;6120;0;0;RS37E002V-2;RS37E002V-2;SHIPPING BOX TRAY S;Thùng xuất xưởng có khay S;ZROH;260601VK;306;3001;306;0060
260704VA;000010076041;REL - Released;2026-07-04 00:00:00;2026-06-26 00:00:00;2026-07-11 00:00:00;32091;260704VA;RM/RS6F10PQ_S;RM*RS6F10PQ;Dc mđường vào đmạch quay;Dc mđường vào đmạch quay;;;IK;6120;6120;0;0;RS33G011V-1;RS33G011V-1;IFU RS Slender M27 Multi TVC;HDSD RS Slender M27 Multi TVC;ZROH;20260217;1224;3001;1222;0070
260704VA;000010076041;REL - Released;2026-07-04 00:00:00;2026-06-26 00:00:00;2026-07-11 00:00:00;32091;260704VA;RM/RS6F10PQ_S;RM*RS6F10PQ;Dc mđường vào đmạch quay;Dc mđường vào đmạch quay;;;IK;6120;6120;0;0;MMRS6F10PQ;MMRS6F10PQ;Bộ dây dẫn mini;Bộ dây dẫn mini;ZHAL;260703G01;6120;3001;6120;0080
260704VA;000010076041;REL - Released;2026-07-04 00:00:00;2026-06-26 00:00:00;2026-07-11 00:00:00;32091;260704VA;RM/RS6F10PQ_S;RM*RS6F10PQ;Dc mđường vào đmạch quay;Dc mđường vào đmạch quay;;;IK;6120;6120;0;0;RS60E06010S;RS60E06010S;RS*M2 Slender lắp ráp 6FR 10CM;RS*M2 Slender lắp ráp 6FR 10CM;ZHAL;260702G01;6120;3001;303;0090
260704VA;000010076041;REL - Released;2026-07-04 00:00:00;2026-06-26 00:00:00;2026-07-11 00:00:00;32091;260704VA;RM/RS6F10PQ_S;RM*RS6F10PQ;Dc mđường vào đmạch quay;Dc mđường vào đmạch quay;;;IK;6120;6120;0;0;RS60E06010S;RS60E06010S;RS*M2 Slender lắp ráp 6FR 10CM;RS*M2 Slender lắp ráp 6FR 10CM;ZHAL;260703G01;0;3001;5818;0090
260704VA;000010076041;REL - Released;2026-07-04 00:00:00;2026-06-26 00:00:00;2026-07-11 00:00:00;32091;260704VA;RM/RS6F10PQ_S;RM*RS6F10PQ;Dc mđường vào đmạch quay;Dc mđường vào đmạch quay;;;IK;6120;6120;0;0;RS25C60D10W;RS25C60D10W;RS que nong C60D10;RS que nong C60D10;ZHAL;260703G01;0;3001;5153;0100
260704VA;000010076041;REL - Released;2026-07-04 00:00:00;2026-06-26 00:00:00;2026-07-11 00:00:00;32091;260704VA;RM/RS6F10PQ_S;RM*RS6F10PQ;Dc mđường vào đmạch quay;Dc mđường vào đmạch quay;;;IK;6120;6120;0;0;RS25C60D10W;RS25C60D10W;RS que nong C60D10;RS que nong C60D10;ZHAL;260701G01;6120;3001;967;0100
260704VA;000010076041;REL - Released;2026-07-04 00:00:00;2026-06-26 00:00:00;2026-07-11 00:00:00;32091;260704VA;RM/RS6F10PQ_S;RM*RS6F10PQ;Dc mđường vào đmạch quay;Dc mđường vào đmạch quay;;;IK;6120;6120;0;0;RS08X2135PVA;RS08X2135PVA;IK METAL NEEDLE 21G TVC;IK Kim luồn kim loại 21G TVC;ZROH;250926B;6120;3001;6120;0110
260704VA;000010076041;REL - Released;2026-07-04 00:00:00;2026-06-26 00:00:00;2026-07-11 00:00:00;32091;260704VA;RM/RS6F10PQ_S;RM*RS6F10PQ;Dc mđường vào đmạch quay;Dc mđường vào đmạch quay;;;IK;6120;6120;0;0;RS32X110V;RS32X110V;STANDARD TRAY S;KHAY ĐỠ LOẠI S;ZROH;260526S;6120;3001;6120;0120
260704VA;000010076042;REL - Released;2026-07-04 00:00:00;2026-06-26 00:00:00;2026-07-11 00:00:00;32091;260704VA;RM/RS6F16PQ_S;RM*RS6F16PQ;Dc mđường vào đmạch quay;Dc mđường vào đmạch quay;;;IK;3020;3020;0;0;RS34G6001V-3;RS34G6001V-3;PEEL LABEL 6Fr M27 GSS;Nhãn túi đóng gói 6Fr M27 GSS;ZROH;260416VJ;3020;3001;3046;0010
260704VA;000010076042;REL - Released;2026-07-04 00:00:00;2026-06-26 00:00:00;2026-07-11 00:00:00;32091;260704VA;RM/RS6F16PQ_S;RM*RS6F16PQ;Dc mđường vào đmạch quay;Dc mđường vào đmạch quay;;;IK;3020;3020;0;0;RS34G6005V-3;RS34G6005V-3;UNIT BOX LABEL 6Fr M27 GSS;Nhãn hộp đơn vị 6Fr M27 GSS;ZROH;260424VJ;604;3001;610;0020
260704VA;000010076042;REL - Released;2026-07-04 00:00:00;2026-06-26 00:00:00;2026-07-11 00:00:00;32091;260704VA;RM/RS6F16PQ_S;RM*RS6F16PQ;Dc mđường vào đmạch quay;Dc mđường vào đmạch quay;;;IK;3020;3020;0;0;RS34G20V-03;RS34G20V-03;SHIPPING BOX LABEL M27 GSS;Nhãn thùng xuất xưởng M27 GSS;ZROH;260424VJ;302;3001;307;0030
260704VA;000010076042;REL - Released;2026-07-04 00:00:00;2026-06-26 00:00:00;2026-07-11 00:00:00;32091;260704VA;RM/RS6F16PQ_S;RM*RS6F16PQ;Dc mđường vào đmạch quay;Dc mđường vào đmạch quay;;;IK;3020;3020;0;0;RS30XGTL1V-1;RS30XGTL1V-1;TYVEK PEELPACK M26 (TRAY L);Túi đóng gói Tyvek (có khay L);ZROH;251201=;3020;3001;3031;0040
260704VA;000010076042;REL - Released;2026-07-04 00:00:00;2026-06-26 00:00:00;2026-07-11 00:00:00;32091;260704VA;RM/RS6F16PQ_S;RM*RS6F16PQ;Dc mđường vào đmạch quay;Dc mđường vào đmạch quay;;;IK;3020;3020;0;0;RS36M805LV-2;RS36M805LV-2;UNIT BOX M27 TRAY L;Hộp đơn vị M27 khay L;ZROH;260424K;604;3001;604;0050
260704VA;000010076042;REL - Released;2026-07-04 00:00:00;2026-06-26 00:00:00;2026-07-11 00:00:00;32091;260704VA;RM/RS6F16PQ_S;RM*RS6F16PQ;Dc mđường vào đmạch quay;Dc mđường vào đmạch quay;;;IK;3020;3020;0;0;RS37E003V-2;RS37E003V-2;SHIPPING BOX TRAY L;Thùng xuất xưởng có khay L;ZROH;260504VK;151;3001;151;0060
260704VA;000010076042;REL - Released;2026-07-04 00:00:00;2026-06-26 00:00:00;2026-07-11 00:00:00;32091;260704VA;RM/RS6F16PQ_S;RM*RS6F16PQ;Dc mđường vào đmạch quay;Dc mđường vào đmạch quay;;;IK;3020;3020;0;0;RS33G011V-1;RS33G011V-1;IFU RS Slender M27 Multi TVC;HDSD RS Slender M27 Multi TVC;ZROH;20260217;604;3001;602;0070
260704VA;000010076042;REL - Released;2026-07-04 00:00:00;2026-06-26 00:00:00;2026-07-11 00:00:00;32091;260704VA;RM/RS6F16PQ_S;RM*RS6F16PQ;Dc mđường vào đmạch quay;Dc mđường vào đmạch quay;;;IK;3020;3020;0;0;MMRS6F16PQ;MMRS6F16PQ;Bộ dây dẫn mini;Bộ dây dẫn mini;ZHAL;260703G01;3020;3001;3020;0080
260704VA;000010076042;REL - Released;2026-07-04 00:00:00;2026-06-26 00:00:00;2026-07-11 00:00:00;32091;260704VA;RM/RS6F16PQ_S;RM*RS6F16PQ;Dc mđường vào đmạch quay;Dc mđường vào đmạch quay;;;IK;3020;3020;0;0;RS60E06016S;RS60E06016S;RS*M2 Slender lắp ráp 6FR 16CM;RS*M2 Slender lắp ráp 6FR 16CM;ZHAL;260703G01;0;3001;2969;0090
260704VA;000010076042;REL - Released;2026-07-04 00:00:00;2026-06-26 00:00:00;2026-07-11 00:00:00;32091;260704VA;RM/RS6F16PQ_S;RM*RS6F16PQ;Dc mđường vào đmạch quay;Dc mđường vào đmạch quay;;;IK;3020;3020;0;0;RS60E06016S;RS60E06016S;RS*M2 Slender lắp ráp 6FR 16CM;RS*M2 Slender lắp ráp 6FR 16CM;ZHAL;260629G01;3020;3001;52;0090
260704VA;000010076042;REL - Released;2026-07-04 00:00:00;2026-06-26 00:00:00;2026-07-11 00:00:00;32091;260704VA;RM/RS6F16PQ_S;RM*RS6F16PQ;Dc mđường vào đmạch quay;Dc mđường vào đmạch quay;;;IK;3020;3020;0;0;RS25C60D16W;RS25C60D16W;RS que nong C60D16;RS que nong C60D16;ZHAL;260703G01;0;3001;2933;0100
260704VA;000010076042;REL - Released;2026-07-04 00:00:00;2026-06-26 00:00:00;2026-07-11 00:00:00;32091;260704VA;RM/RS6F16PQ_S;RM*RS6F16PQ;Dc mđường vào đmạch quay;Dc mđường vào đmạch quay;;;IK;3020;3020;0;0;RS25C60D16W;RS25C60D16W;RS que nong C60D16;RS que nong C60D16;ZHAL;260603G01;3020;3001;87;0100
260704VA;000010076042;REL - Released;2026-07-04 00:00:00;2026-06-26 00:00:00;2026-07-11 00:00:00;32091;260704VA;RM/RS6F16PQ_S;RM*RS6F16PQ;Dc mđường vào đmạch quay;Dc mđường vào đmạch quay;;;IK;3020;3020;0;0;RS08X2135PVA;RS08X2135PVA;IK METAL NEEDLE 21G TVC;IK Kim luồn kim loại 21G TVC;ZROH;250926B;3020;3001;3020;0110
260704VA;000010076042;REL - Released;2026-07-04 00:00:00;2026-06-26 00:00:00;2026-07-11 00:00:00;32091;260704VA;RM/RS6F16PQ_S;RM*RS6F16PQ;Dc mđường vào đmạch quay;Dc mđường vào đmạch quay;;;IK;3020;3020;0;0;RS32X111V;RS32X111V;STANDARD TRAY L;KHAY ĐỠ LOẠI L;ZROH;260511S;3020;3001;3020;0120
260704VA;000010076043;REL - Released;2026-07-04 00:00:00;2026-06-26 00:00:00;2026-07-11 00:00:00;32091;260704VA;RS/A60G07SQ_S;RS*A60G07SQ;Introducer II H;Introducer II H;;;IK;13119;13119;0;0;RS34M6001V-1;RS34M6001V-1;LABEL RS 6FR M26 1SET TVC;NHÃN RS 6Fr M26 Dùng cho 1 set TVC;ZROH;260520VJ;0;3001;7602;0010
260704VA;000010076043;REL - Released;2026-07-04 00:00:00;2026-06-26 00:00:00;2026-07-11 00:00:00;32091;260704VA;RS/A60G07SQ_S;RS*A60G07SQ;Introducer II H;Introducer II H;;;IK;13119;13119;0;0;RS34M6001V-1;RS34M6001V-1;LABEL RS 6FR M26 1SET TVC;NHÃN RS 6Fr M26 Dùng cho 1 set TVC;ZROH;260511VJ;13119;3001;5595;0010
260704VA;000010076043;REL - Released;2026-07-04 00:00:00;2026-06-26 00:00:00;2026-07-11 00:00:00;32091;260704VA;RS/A60G07SQ_S;RS*A60G07SQ;Introducer II H;Introducer II H;;;IK;13119;13119;0;0;RS34M6005V-1;RS34M6005V-1;RS LABEL MULTI 6FR 5 SET TVC;RS nhãn đa ngôn ngữ 6Fr 5 Set TVC;ZROH;260511VJ;2624;3001;2643;0020
260704VA;000010076043;REL - Released;2026-07-04 00:00:00;2026-06-26 00:00:00;2026-07-11 00:00:00;32091;260704VA;RS/A60G07SQ_S;RS*A60G07SQ;Introducer II H;Introducer II H;;;IK;13119;13119;0;0;RS34M20V-01;RS34M20V-01;SHIPPING BOX LABEL M26;Nhãn thùng xuất xưởng M26;ZROH;260519VJ;1312;3001;1351;0030
260704VA;000010076043;REL - Released;2026-07-04 00:00:00;2026-06-26 00:00:00;2026-07-11 00:00:00;32091;260704VA;RS/A60G07SQ_S;RS*A60G07SQ;Introducer II H;Introducer II H;;;IK;13119;13119;0;0;RS30XGTS1V-1;RS30XGTS1V-1;TYVEK PEELPACK M26 (TRAY S);Túi đóng gói Tyvek (có khay S);ZROH;260105=;13119;3001;13131;0040
260704VA;000010076043;REL - Released;2026-07-04 00:00:00;2026-06-26 00:00:00;2026-07-11 00:00:00;32091;260704VA;RS/A60G07SQ_S;RS*A60G07SQ;Introducer II H;Introducer II H;;;IK;13119;13119;0;0;RS36M805SV-1;RS36M805SV-1;RS 5 SET M26 TRAY S TVC;RS 5set M26 khay S TVC;ZROH;260424K;2624;3001;2624;0050
260704VA;000010076043;REL - Released;2026-07-04 00:00:00;2026-06-26 00:00:00;2026-07-11 00:00:00;32091;260704VA;RS/A60G07SQ_S;RS*A60G07SQ;Introducer II H;Introducer II H;;;IK;13119;13119;0;0;RS37E002V;RS37E002V;RS MULTI 20 SET TRAY S TVC;RS đa ngôn ngữ 20 set khay S TVC;ZROH;260602VK;656;3001;657;0060
260704VA;000010076043;REL - Released;2026-07-04 00:00:00;2026-06-26 00:00:00;2026-07-11 00:00:00;32091;260704VA;RS/A60G07SQ_S;RS*A60G07SQ;Introducer II H;Introducer II H;;;IK;13119;13119;0;0;RS33M021V-02;RS33M021V-02;IFU RS M26 TRAY/POUCH TVC;HDSD RS M26 có khay, không khay TVC;ZROH;20260120;2624;3001;2622;0070
260704VA;000010076043;REL - Released;2026-07-04 00:00:00;2026-06-26 00:00:00;2026-07-11 00:00:00;32091;260704VA;RS/A60G07SQ_S;RS*A60G07SQ;Introducer II H;Introducer II H;;;IK;13119;13119;0;0;MSA60G07SQY;MSA60G07SQY;Bộ dây dẫn mini;Bộ dây dẫn mini;ZHAL;260703G01;13119;3001;13119;0080
260704VA;000010076043;REL - Released;2026-07-04 00:00:00;2026-06-26 00:00:00;2026-07-11 00:00:00;32091;260704VA;RS/A60G07SQ_S;RS*A60G07SQ;Introducer II H;Introducer II H;;;IK;13119;13119;0;0;RS60E06007;RS60E06007;RS*lắp ráp 6FR 7CM;RS*lắp ráp 6FR 7CM;ZHAL;260701G01;13119;3001;135;0090
260704VA;000010076043;REL - Released;2026-07-04 00:00:00;2026-06-26 00:00:00;2026-07-11 00:00:00;32091;260704VA;RS/A60G07SQ_S;RS*A60G07SQ;Introducer II H;Introducer II H;;;IK;13119;13119;0;0;RS60E06007;RS60E06007;RS*lắp ráp 6FR 7CM;RS*lắp ráp 6FR 7CM;ZHAL;260702G01;0;3001;29;0090
260704VA;000010076043;REL - Released;2026-07-04 00:00:00;2026-06-26 00:00:00;2026-07-11 00:00:00;32091;260704VA;RS/A60G07SQ_S;RS*A60G07SQ;Introducer II H;Introducer II H;;;IK;13119;13119;0;0;RS60E06007;RS60E06007;RS*lắp ráp 6FR 7CM;RS*lắp ráp 6FR 7CM;ZHAL;260703G01;0;3001;12955;0090
260704VA;000010076043;REL - Released;2026-07-04 00:00:00;2026-06-26 00:00:00;2026-07-11 00:00:00;32091;260704VA;RS/A60G07SQ_S;RS*A60G07SQ;Introducer II H;Introducer II H;;;IK;13119;13119;0;0;RS25C60G07W;RS25C60G07W;RS que nong C60G07;RS que nong C60G07;ZHAL;260703G01;0;3001;12226;0100
260704VA;000010076043;REL - Released;2026-07-04 00:00:00;2026-06-26 00:00:00;2026-07-11 00:00:00;32091;260704VA;RS/A60G07SQ_S;RS*A60G07SQ;Introducer II H;Introducer II H;;;IK;13119;13119;0;0;RS25C60G07W;RS25C60G07W;RS que nong C60G07;RS que nong C60G07;ZHAL;260702G01;0;3001;287;0100
260704VA;000010076043;REL - Released;2026-07-04 00:00:00;2026-06-26 00:00:00;2026-07-11 00:00:00;32091;260704VA;RS/A60G07SQ_S;RS*A60G07SQ;Introducer II H;Introducer II H;;;IK;13119;13119;0;0;RS25C60G07W;RS25C60G07W;RS que nong C60G07;RS que nong C60G07;ZHAL;260701G01;13119;3001;606;0100
260704VA;000010076043;REL - Released;2026-07-04 00:00:00;2026-06-26 00:00:00;2026-07-11 00:00:00;32091;260704VA;RS/A60G07SQ_S;RS*A60G07SQ;Introducer II H;Introducer II H;;;IK;13119;13119;0;0;SS50X050ZV;SS50X050ZV;CYLINDER SS-02SZ;XI LANH SS-02SZ;ZROH;260115L;13119;3001;13119;0110
260704VA;000010076043;REL - Released;2026-07-04 00:00:00;2026-06-26 00:00:00;2026-07-11 00:00:00;32091;260704VA;RS/A60G07SQ_S;RS*A60G07SQ;Introducer II H;Introducer II H;;;IK;13119;13119;0;0;SC55S2051BV;SC55S2051BV;NON STERILE PARTS FS2051;KIM LUỒN FS2051;ZROH;251017J;13119;3001;13119;0120
260704VA;000010076043;REL - Released;2026-07-04 00:00:00;2026-06-26 00:00:00;2026-07-11 00:00:00;32091;260704VA;RS/A60G07SQ_S;RS*A60G07SQ;Introducer II H;Introducer II H;;;IK;13119;13119;0;0;RS32X110V;RS32X110V;STANDARD TRAY S;KHAY ĐỠ LOẠI S;ZROH;260526S;13119;3001;3056;0130
260704VA;000010076043;REL - Released;2026-07-04 00:00:00;2026-06-26 00:00:00;2026-07-11 00:00:00;32091;260704VA;RS/A60G07SQ_S;RS*A60G07SQ;Introducer II H;Introducer II H;;;IK;13119;13119;0;0;RS32X110V;RS32X110V;STANDARD TRAY S;KHAY ĐỠ LOẠI S;ZROH;260527S;0;3001;10065;0130
260704A;000010076044;REL - Released;2026-07-04 00:00:00;2026-06-26 00:00:00;2026-07-11 00:00:00;32091;260704A;RS+B60N10MQ_S;RS+B60N10MQ;Introducer II H;Introducer II H;;;IK;13119;13119;0;0;RS34M6001V-1;RS34M6001V-1;LABEL RS 6FR M26 1SET TVC;NHÃN RS 6Fr M26 Dùng cho 1 set TVC;ZROH;260520VJ;13119;3001;13193;0010
260704A;000010076044;REL - Released;2026-07-04 00:00:00;2026-06-26 00:00:00;2026-07-11 00:00:00;32091;260704A;RS+B60N10MQ_S;RS+B60N10MQ;Introducer II H;Introducer II H;;;IK;13119;13119;0;0;RS34M6005V-1;RS34M6005V-1;RS LABEL MULTI 6FR 5 SET TVC;RS nhãn đa ngôn ngữ 6Fr 5 Set TVC;ZROH;260511VJ;2624;3001;2643;0020
260704A;000010076044;REL - Released;2026-07-04 00:00:00;2026-06-26 00:00:00;2026-07-11 00:00:00;32091;260704A;RS+B60N10MQ_S;RS+B60N10MQ;Introducer II H;Introducer II H;;;IK;13119;13119;0;0;RS34M20V-01;RS34M20V-01;SHIPPING BOX LABEL M26;Nhãn thùng xuất xưởng M26;ZROH;260519VJ;1312;3001;1357;0030
260704A;000010076044;REL - Released;2026-07-04 00:00:00;2026-06-26 00:00:00;2026-07-11 00:00:00;32091;260704A;RS+B60N10MQ_S;RS+B60N10MQ;Introducer II H;Introducer II H;;;IK;13119;13119;0;0;RS30XGTS1V-1;RS30XGTS1V-1;TYVEK PEELPACK M26 (TRAY S);Túi đóng gói Tyvek (có khay S);ZROH;260105=;13119;3001;13124;0040
260704A;000010076044;REL - Released;2026-07-04 00:00:00;2026-06-26 00:00:00;2026-07-11 00:00:00;32091;260704A;RS+B60N10MQ_S;RS+B60N10MQ;Introducer II H;Introducer II H;;;IK;13119;13119;0;0;RS36M805SV-1;RS36M805SV-1;RS 5 SET M26 TRAY S TVC;RS 5set M26 khay S TVC;ZROH;260424K;2624;3001;2624;0050
260704A;000010076044;REL - Released;2026-07-04 00:00:00;2026-06-26 00:00:00;2026-07-11 00:00:00;32091;260704A;RS+B60N10MQ_S;RS+B60N10MQ;Introducer II H;Introducer II H;;;IK;13119;13119;0;0;RS37E002V;RS37E002V;RS MULTI 20 SET TRAY S TVC;RS đa ngôn ngữ 20 set khay S TVC;ZROH;260602VK;656;3001;656;0060
260704A;000010076044;REL - Released;2026-07-04 00:00:00;2026-06-26 00:00:00;2026-07-11 00:00:00;32091;260704A;RS+B60N10MQ_S;RS+B60N10MQ;Introducer II H;Introducer II H;;;IK;13119;13119;0;0;RS33M021V-02;RS33M021V-02;IFU RS M26 TRAY/POUCH TVC;HDSD RS M26 có khay, không khay TVC;ZROH;20260120;2624;3001;2622;0070
260704A;000010076044;REL - Released;2026-07-04 00:00:00;2026-06-26 00:00:00;2026-07-11 00:00:00;32091;260704A;RS+B60N10MQ_S;RS+B60N10MQ;Introducer II H;Introducer II H;;;IK;13119;13119;0;0;MSB60N10MQ;MSB60N10MQ;Bộ dây dẫn mini;Bộ dây dẫn mini;ZHAL;260703G01;13119;3001;13119;0080
260704A;000010076044;REL - Released;2026-07-04 00:00:00;2026-06-26 00:00:00;2026-07-11 00:00:00;32091;260704A;RS+B60N10MQ_S;RS+B60N10MQ;Introducer II H;Introducer II H;;;IK;13119;13119;0;0;RS60E06010;RS60E06010;RS*lắp ráp 6FR 10CM;RS*lắp ráp 6FR 10CM;ZHAL;260703G01;0;3001;12939;0090
260704A;000010076044;REL - Released;2026-07-04 00:00:00;2026-06-26 00:00:00;2026-07-11 00:00:00;32091;260704A;RS+B60N10MQ_S;RS+B60N10MQ;Introducer II H;Introducer II H;;;IK;13119;13119;0;0;RS60E06010;RS60E06010;RS*lắp ráp 6FR 10CM;RS*lắp ráp 6FR 10CM;ZHAL;260702G01;13119;3001;180;0090
260704A;000010076044;REL - Released;2026-07-04 00:00:00;2026-06-26 00:00:00;2026-07-11 00:00:00;32091;260704A;RS+B60N10MQ_S;RS+B60N10MQ;Introducer II H;Introducer II H;;;IK;13119;13119;0;0;RS25C60N10W;RS25C60N10W;RS que nong C60N10;RS que nong C60N10;ZHAL;260703G01;0;3001;12696;0100
260704A;000010076044;REL - Released;2026-07-04 00:00:00;2026-06-26 00:00:00;2026-07-11 00:00:00;32091;260704A;RS+B60N10MQ_S;RS+B60N10MQ;Introducer II H;Introducer II H;;;IK;13119;13119;0;0;RS25C60N10W;RS25C60N10W;RS que nong C60N10;RS que nong C60N10;ZHAL;260702G01;13119;3001;423;0100
260704A;000010076044;REL - Released;2026-07-04 00:00:00;2026-06-26 00:00:00;2026-07-11 00:00:00;32091;260704A;RS+B60N10MQ_S;RS+B60N10MQ;Introducer II H;Introducer II H;;;IK;13119;13119;0;0;RS32X110V;RS32X110V;STANDARD TRAY S;KHAY ĐỠ LOẠI S;ZROH;260527S;13119;3001;13123;0110
260704TA;000010076045;REL - Released;2026-07-04 00:00:00;2026-06-26 00:00:00;2026-07-11 00:00:00;32097;260704TA;RS/A50K10SQ_S;RS*A50K10SQ;Introducer II H;Introducer II H;;;IK;13119;13119;0;0;RS34M5001-N2;RS34M5001-N2;PEEL LABEL 5Fr M26 non CE;Nhãn túi đóng gói 5Fr M26 không CE;ZROH;260508VJN;13119;3001;13215;0010
260704TA;000010076045;REL - Released;2026-07-04 00:00:00;2026-06-26 00:00:00;2026-07-11 00:00:00;32097;260704TA;RS/A50K10SQ_S;RS*A50K10SQ;Introducer II H;Introducer II H;;;IK;13119;13119;0;0;RS34M5005-N2;RS34M5005-N2;UNIT BOX LABEL 5Fr M26 non CE;Nhãn hộp đơn vị 5Fr M26 không CE;ZROH;260422VJN;0;3001;2577;0020
260704TA;000010076045;REL - Released;2026-07-04 00:00:00;2026-06-26 00:00:00;2026-07-11 00:00:00;32097;260704TA;RS/A50K10SQ_S;RS*A50K10SQ;Introducer II H;Introducer II H;;;IK;13119;13119;0;0;RS34M5005-N2;RS34M5005-N2;UNIT BOX LABEL 5Fr M26 non CE;Nhãn hộp đơn vị 5Fr M26 không CE;ZROH;260420VJN;2624;3001;104;0020
260704TA;000010076045;REL - Released;2026-07-04 00:00:00;2026-06-26 00:00:00;2026-07-11 00:00:00;32097;260704TA;RS/A50K10SQ_S;RS*A50K10SQ;Introducer II H;Introducer II H;;;IK;13119;13119;0;0;RS34M20-N2;RS34M20-N2;SHIPPING BOX LABEL M26 non CE;Nhãn thùng xuất xưởng M26 không CE;ZROH;260416VJN;1312;3001;1334;0030
260704TA;000010076045;REL - Released;2026-07-04 00:00:00;2026-06-26 00:00:00;2026-07-11 00:00:00;32097;260704TA;RS/A50K10SQ_S;RS*A50K10SQ;Introducer II H;Introducer II H;;;IK;13119;13119;0;0;RS30XGTS1V-1;RS30XGTS1V-1;TYVEK PEELPACK M26 (TRAY S);Túi đóng gói Tyvek (có khay S);ZROH;260105=;13119;3001;13128;0040
260704TA;000010076045;REL - Released;2026-07-04 00:00:00;2026-06-26 00:00:00;2026-07-11 00:00:00;32097;260704TA;RS/A50K10SQ_S;RS*A50K10SQ;Introducer II H;Introducer II H;;;IK;13119;13119;0;0;RS36M805SV-1;RS36M805SV-1;RS 5 SET M26 TRAY S TVC;RS 5set M26 khay S TVC;ZROH;260424K;2624;3001;2624;0050
260704TA;000010076045;REL - Released;2026-07-04 00:00:00;2026-06-26 00:00:00;2026-07-11 00:00:00;32097;260704TA;RS/A50K10SQ_S;RS*A50K10SQ;Introducer II H;Introducer II H;;;IK;13119;13119;0;0;RS37E002V;RS37E002V;RS MULTI 20 SET TRAY S TVC;RS đa ngôn ngữ 20 set khay S TVC;ZROH;260602VK;656;3001;656;0060
260704TA;000010076045;REL - Released;2026-07-04 00:00:00;2026-06-26 00:00:00;2026-07-11 00:00:00;32097;260704TA;RS/A50K10SQ_S;RS*A50K10SQ;Introducer II H;Introducer II H;;;IK;13119;13119;0;0;RS33M021NV-1;RS33M021NV-1;IFU M26 TRAY/POUCH Non CE;HDSD M26 có khay/không khay (không CE);ZROH;20260416;2624;3001;2622;0070
260704TA;000010076045;REL - Released;2026-07-04 00:00:00;2026-06-26 00:00:00;2026-07-11 00:00:00;32097;260704TA;RS/A50K10SQ_S;RS*A50K10SQ;Introducer II H;Introducer II H;;;IK;13119;13119;0;0;MSA50K10SQY;MSA50K10SQY;Bộ dây dẫn mini;Bộ dây dẫn mini;ZHAL;260703G01;13119;3001;13119;0080
260704TA;000010076045;REL - Released;2026-07-04 00:00:00;2026-06-26 00:00:00;2026-07-11 00:00:00;32097;260704TA;RS/A50K10SQ_S;RS*A50K10SQ;Introducer II H;Introducer II H;;;IK;13119;13119;0;0;RS60E05010;RS60E05010;RS*lắp ráp 5FR 10CM;RS*lắp ráp 5FR 10CM;ZHAL;260702G01;13119;3001;109;0090
260704TA;000010076045;REL - Released;2026-07-04 00:00:00;2026-06-26 00:00:00;2026-07-11 00:00:00;32097;260704TA;RS/A50K10SQ_S;RS*A50K10SQ;Introducer II H;Introducer II H;;;IK;13119;13119;0;0;RS60E05010;RS60E05010;RS*lắp ráp 5FR 10CM;RS*lắp ráp 5FR 10CM;ZHAL;260703G01;0;3001;13011;0090
260704TA;000010076045;REL - Released;2026-07-04 00:00:00;2026-06-26 00:00:00;2026-07-11 00:00:00;32097;260704TA;RS/A50K10SQ_S;RS*A50K10SQ;Introducer II H;Introducer II H;;;IK;13119;13119;0;0;RS25E50K10W;RS25E50K10W;RS que nong E50K10;RS que nong E50K10;ZHAL;260702G01;13119;3001;1091;0100
260704TA;000010076045;REL - Released;2026-07-04 00:00:00;2026-06-26 00:00:00;2026-07-11 00:00:00;32097;260704TA;RS/A50K10SQ_S;RS*A50K10SQ;Introducer II H;Introducer II H;;;IK;13119;13119;0;0;RS25E50K10W;RS25E50K10W;RS que nong E50K10;RS que nong E50K10;ZHAL;260703G01;0;3001;12028;0100
260704TA;000010076045;REL - Released;2026-07-04 00:00:00;2026-06-26 00:00:00;2026-07-11 00:00:00;32097;260704TA;RS/A50K10SQ_S;RS*A50K10SQ;Introducer II H;Introducer II H;;;IK;13119;13119;0;0;SS50X050ZV;SS50X050ZV;CYLINDER SS-02SZ;XI LANH SS-02SZ;ZROH;260211L;0;3001;4946;0110
260704TA;000010076045;REL - Released;2026-07-04 00:00:00;2026-06-26 00:00:00;2026-07-11 00:00:00;32097;260704TA;RS/A50K10SQ_S;RS*A50K10SQ;Introducer II H;Introducer II H;;;IK;13119;13119;0;0;SS50X050ZV;SS50X050ZV;CYLINDER SS-02SZ;XI LANH SS-02SZ;ZROH;260115L;13119;3001;8173;0110
260704TA;000010076045;REL - Released;2026-07-04 00:00:00;2026-06-26 00:00:00;2026-07-11 00:00:00;32097;260704TA;RS/A50K10SQ_S;RS*A50K10SQ;Introducer II H;Introducer II H;;;IK;13119;13119;0;0;SC55S1864BV;SC55S1864BV;NON STERILE PARTS FS1864;KIM LUỒN FS1864;ZROH;250620L;0;3001;12561;0120
260704TA;000010076045;REL - Released;2026-07-04 00:00:00;2026-06-26 00:00:00;2026-07-11 00:00:00;32097;260704TA;RS/A50K10SQ_S;RS*A50K10SQ;Introducer II H;Introducer II H;;;IK;13119;13119;0;0;SC55S1864BV;SC55S1864BV;NON STERILE PARTS FS1864;KIM LUỒN FS1864;ZROH;250618L;13119;3001;558;0120
260704TA;000010076045;REL - Released;2026-07-04 00:00:00;2026-06-26 00:00:00;2026-07-11 00:00:00;32097;260704TA;RS/A50K10SQ_S;RS*A50K10SQ;Introducer II H;Introducer II H;;;IK;13119;13119;0;0;RS32X110V;RS32X110V;STANDARD TRAY S;KHAY ĐỠ LOẠI S;ZROH;260527S;13119;3001;13121;0130
260704TB;000010076047;REL - Released;2026-07-04 00:00:00;2026-06-26 00:00:00;2026-07-11 00:00:00;32097;260704TB;RS/A60G16SQZ_S;RS*A60G16SQZ;Introducer II H;Introducer II H;;;IK;4319;4319;0;0;RS34M6001-N2;RS34M6001-N2;PEEL LABEL 6Fr M26 non CE;Nhãn túi đóng gói 6Fr M26 không CE;ZROH;260417VJN;4319;3001;4345;0010
260704TB;000010076047;REL - Released;2026-07-04 00:00:00;2026-06-26 00:00:00;2026-07-11 00:00:00;32097;260704TB;RS/A60G16SQZ_S;RS*A60G16SQZ;Introducer II H;Introducer II H;;;IK;4319;4319;0;0;RS34M6005-N2;RS34M6005-N2;UNIT BOX LABEL 6Fr M26 non CE;Nhãn hộp đơn vị 6Fr M26 không CE;ZROH;260422VJN;864;3001;872;0020
260704TB;000010076047;REL - Released;2026-07-04 00:00:00;2026-06-26 00:00:00;2026-07-11 00:00:00;32097;260704TB;RS/A60G16SQZ_S;RS*A60G16SQZ;Introducer II H;Introducer II H;;;IK;4319;4319;0;0;RS34M20-N2;RS34M20-N2;SHIPPING BOX LABEL M26 non CE;Nhãn thùng xuất xưởng M26 không CE;ZROH;260416VJN;432;3001;441;0030
260704TB;000010076047;REL - Released;2026-07-04 00:00:00;2026-06-26 00:00:00;2026-07-11 00:00:00;32097;260704TB;RS/A60G16SQZ_S;RS*A60G16SQZ;Introducer II H;Introducer II H;;;IK;4319;4319;0;0;RS30XGTL1V-1;RS30XGTL1V-1;TYVEK PEELPACK M26 (TRAY L);Túi đóng gói Tyvek (có khay L);ZROH;251201=;4319;3001;4323;0040
260704TB;000010076047;REL - Released;2026-07-04 00:00:00;2026-06-26 00:00:00;2026-07-11 00:00:00;32097;260704TB;RS/A60G16SQZ_S;RS*A60G16SQZ;Introducer II H;Introducer II H;;;IK;4319;4319;0;0;RS36M805LV-1;RS36M805LV-1;RS 5 SET M26 TRAY L TVC;RS 5set M26 khay L TVC;ZROH;260409K;864;3001;864;0050
260704TB;000010076047;REL - Released;2026-07-04 00:00:00;2026-06-26 00:00:00;2026-07-11 00:00:00;32097;260704TB;RS/A60G16SQZ_S;RS*A60G16SQZ;Introducer II H;Introducer II H;;;IK;4319;4319;0;0;RS37E003V;RS37E003V;RS MULTI 20 SET TRAY L TVC;RS đa ngôn ngữ 20 set khay L TVC;ZROH;260525VK;216;3001;216;0060
260704TB;000010076047;REL - Released;2026-07-04 00:00:00;2026-06-26 00:00:00;2026-07-11 00:00:00;32097;260704TB;RS/A60G16SQZ_S;RS*A60G16SQZ;Introducer II H;Introducer II H;;;IK;4319;4319;0;0;RS33M021NV-1;RS33M021NV-1;IFU M26 TRAY/POUCH Non CE;HDSD M26 có khay/không khay (không CE);ZROH;20260416;864;3001;862;0070
260704TB;000010076047;REL - Released;2026-07-04 00:00:00;2026-06-26 00:00:00;2026-07-11 00:00:00;32097;260704TB;RS/A60G16SQZ_S;RS*A60G16SQZ;Introducer II H;Introducer II H;;;IK;4319;4319;0;0;MSA60G16SQZY;MSA60G16SQZY;Bộ dây dẫn mini;Bộ dây dẫn mini;ZHAL;260703G02;4319;3001;4319;0080
260704TB;000010076047;REL - Released;2026-07-04 00:00:00;2026-06-26 00:00:00;2026-07-11 00:00:00;32097;260704TB;RS/A60G16SQZ_S;RS*A60G16SQZ;Introducer II H;Introducer II H;;;IK;4319;4319;0;0;RS60E06016;RS60E06016;RS*lắp ráp 6FR 16CM;RS*lắp ráp 6FR 16CM;ZHAL;260703G01;4319;3001;4319;0090
260704TB;000010076047;REL - Released;2026-07-04 00:00:00;2026-06-26 00:00:00;2026-07-11 00:00:00;32097;260704TB;RS/A60G16SQZ_S;RS*A60G16SQZ;Introducer II H;Introducer II H;;;IK;4319;4319;0;0;RS25C60G16W;RS25C60G16W;RS que nong C60G16;RS que nong C60G16;ZHAL;260703G01;4319;3001;4319;0100
260704TB;000010076047;REL - Released;2026-07-04 00:00:00;2026-06-26 00:00:00;2026-07-11 00:00:00;32097;260704TB;RS/A60G16SQZ_S;RS*A60G16SQZ;Introducer II H;Introducer II H;;;IK;4319;4319;0;0;SS50X050ZV;SS50X050ZV;CYLINDER SS-02SZ;XI LANH SS-02SZ;ZROH;260115L;4319;3001;4319;0110
260704TB;000010076047;REL - Released;2026-07-04 00:00:00;2026-06-26 00:00:00;2026-07-11 00:00:00;32097;260704TB;RS/A60G16SQZ_S;RS*A60G16SQZ;Introducer II H;Introducer II H;;;IK;4319;4319;0;0;SC55S2032BV;SC55S2032BV;NON STERILE PARTS FS2032;KIM LUỒN FS2032;ZROH;250622E;4319;3001;4319;0120
260704TB;000010076047;REL - Released;2026-07-04 00:00:00;2026-06-26 00:00:00;2026-07-11 00:00:00;32097;260704TB;RS/A60G16SQZ_S;RS*A60G16SQZ;Introducer II H;Introducer II H;;;IK;4319;4319;0;0;RS06X003V;RS06X003V;TVC KAI SURGICAL KNIFE;Dao rạch KAI TVC;ZROH;251005;4319;3001;4319;0130
260704TB;000010076047;REL - Released;2026-07-04 00:00:00;2026-06-26 00:00:00;2026-07-11 00:00:00;32097;260704TB;RS/A60G16SQZ_S;RS*A60G16SQZ;Introducer II H;Introducer II H;;;IK;4319;4319;0;0;RS32X111V;RS32X111V;STANDARD TRAY L;KHAY ĐỠ LOẠI L;ZROH;260511S;4319;3001;4319;0140
260706G01;000010076050;REL - Released;2026-07-06 00:00:00;2026-06-29 00:00:00;2026-07-13 00:00:00;32065;260706G01;RS25E70D10S;RS25E70D10S;RS que nong S 70D10;RS que nong S 70D10;;;IK;6363;5388;0;0;CRS25E70D10S;CRS25E70D10S;Ống QN S sau cắt 70D10;Ống QN S sau cắt 70D10;ZHAL;260706G01;6363;3001;5401;0010
260706G01;000010076050;REL - Released;2026-07-06 00:00:00;2026-06-29 00:00:00;2026-07-13 00:00:00;32065;260706G01;RS25E70D10S;RS25E70D10S;RS que nong S 70D10;RS que nong S 70D10;;;IK;6363;5388;0;0;RS27X100V;RS27X100V;DILATOR LOCK PIN A TVC;RS CHỐT QUE NONG LOẠI A TVC;ZROH;251212A;6363;3001;5401;0020
260706G01;000010076050;REL - Released;2026-07-06 00:00:00;2026-06-29 00:00:00;2026-07-13 00:00:00;32065;260706G01;RS25E70D10S;RS25E70D10S;RS que nong S 70D10;RS que nong S 70D10;;;IK;6363;5388;0;0;RS00X670EV2;RS00X670EV2;DILATOR HUB 7FR;CHUÔI QUE NONG 7FR;ZROH;260405NS;6363;3001;5400;0030
260706G01;000010076052;REL - Released;2026-07-06 00:00:00;2026-06-29 00:00:00;2026-07-13 00:00:00;32055;260706G01;RS26Q6010S;RS26Q6010S;RSM2 Sheath Slender 0.12 6FR10CM;RSM2 Sheath Slender 0.12 6FR10CM;;;IK;6438;567;0;0;CRS26Q6010S;CRS26Q6010S;RSM2 Slender sau cắt 6FR 10CM;RSM2 Slender sau cắt 6FR 10CM;ZHAL;260706G01;6438;3001;600;0010
260706G01;000010076052;REL - Released;2026-07-06 00:00:00;2026-06-29 00:00:00;2026-07-13 00:00:00;32055;260706G01;RS26Q6010S;RS26Q6010S;RSM2 Sheath Slender 0.12 6FR10CM;RSM2 Sheath Slender 0.12 6FR10CM;;;IK;6438;567;0;0;RS27X006V;RS27X006V;SHEATH LOCK PIN RS 6FR;Chốt sheath RS 6Fr;ZROH;260109=;6438;3001;595;0020
260706G01;000010076054;REL - Released;2026-07-06 00:00:00;2026-06-29 00:00:00;2026-07-13 00:00:00;32085;260706G01;MMRS7F10PQ;MMRS7F10PQ;Bộ dây dẫn mini;Bộ dây dẫn mini;;;IK;6130;6130;0;0;RG90X0405VB;RG90X0405VB;Ống bọc ngoài xanh 405;Ống bọc ngoài xanh 405;ZHAL;260601C01;6130;3001;6130;0010
260706G01;000010076054;REL - Released;2026-07-06 00:00:00;2026-06-29 00:00:00;2026-07-13 00:00:00;32085;260706G01;MMRS7F10PQ;MMRS7F10PQ;Bộ dây dẫn mini;Bộ dây dẫn mini;;;IK;6130;6130;0;0;RS05X541AIV;RS05X541AIV;SPRING MINI GW 2145;DÂY DẪN MINI SPRING 2145;ZROH;2601C5P;6130;3001;2404;0020
260706G01;000010076054;REL - Released;2026-07-06 00:00:00;2026-06-29 00:00:00;2026-07-13 00:00:00;32085;260706G01;MMRS7F10PQ;MMRS7F10PQ;Bộ dây dẫn mini;Bộ dây dẫn mini;;;IK;6130;6130;0;0;RS05X541AIV;RS05X541AIV;SPRING MINI GW 2145;DÂY DẪN MINI SPRING 2145;ZROH;260217P;0;3001;3726;0020
260706G01;000010076055;REL - Released;2026-07-06 00:00:00;2026-06-29 00:00:00;2026-07-13 00:00:00;32060;260706G01;CRS25C60G07W;CRS25C60G07W;Ống q/nong sau cắt  60G07CM;Ống q/nong sau cắt 60G07CM;;;IK;13437;12505;0;0;RS92S060A;RS92S060A;BEFORE-CHECK A DILATOR TUBE S6FR;Que nong S6Fr trước kiểm tra A;ZROH;251120B;1493;3001;1400;0010
260706G01;000010076056;REL - Released;2026-07-06 00:00:00;2026-06-29 00:00:00;2026-07-13 00:00:00;32060;260706G01;CRS25C60N10W;CRS25C60N10W;Ống q/nong sau cắt  60N10CM;Ống q/nong sau cắt 60N10CM;;;IK;13433;10836;0;0;RS92S060A;RS92S060A;BEFORE-CHECK A DILATOR TUBE S6FR;Que nong S6Fr trước kiểm tra A;ZROH;251120B;1919;3001;1560;0010
260706G01;000010076057;REL - Released;2026-07-06 00:00:00;2026-06-29 00:00:00;2026-07-13 00:00:00;32065;260706G01;RS25C60G07W;RS25C60G07W;RS que nong C60G07;RS que nong C60G07;;;IK;13437;1775;0;0;CRS25C60G07W;CRS25C60G07W;Ống q/nong sau cắt  60G07CM;Ống q/nong sau cắt 60G07CM;ZHAL;260706G01;13437;3001;1777;0010
260706G01;000010076057;REL - Released;2026-07-06 00:00:00;2026-06-29 00:00:00;2026-07-13 00:00:00;32065;260706G01;RS25C60G07W;RS25C60G07W;RS que nong C60G07;RS que nong C60G07;;;IK;13437;1775;0;0;RS27X100V;RS27X100V;DILATOR LOCK PIN A TVC;RS CHỐT QUE NONG LOẠI A TVC;ZROH;251212A;13437;3001;1795;0020
260706G01;000010076057;REL - Released;2026-07-06 00:00:00;2026-06-29 00:00:00;2026-07-13 00:00:00;32065;260706G01;RS25C60G07W;RS25C60G07W;RS que nong C60G07;RS que nong C60G07;;;IK;13437;1775;0;0;RS00X660EV1;RS00X660EV1;DILATOR HUB 6FR;CHUÔI QUE NONG 6FR;ZROH;260324NS;13437;3001;1621;0030
260706G01;000010076057;REL - Released;2026-07-06 00:00:00;2026-06-29 00:00:00;2026-07-13 00:00:00;32065;260706G01;RS25C60G07W;RS25C60G07W;RS que nong C60G07;RS que nong C60G07;;;IK;13437;1775;0;0;RS00X660EV1;RS00X660EV1;DILATOR HUB 6FR;CHUÔI QUE NONG 6FR;ZROH;260325NS;0;3001;155;0030
260706G01;000010076058;REL - Released;2026-07-06 00:00:00;2026-06-29 00:00:00;2026-07-13 00:00:00;32065;260706G01;RS25C60N10W;RS25C60N10W;RS que nong C60N10;RS que nong C60N10;;;IK;13433;3598;0;0;CRS25C60N10W;CRS25C60N10W;Ống q/nong sau cắt  60N10CM;Ống q/nong sau cắt 60N10CM;ZHAL;260706G01;13433;3001;908;0010
260706G01;000010076058;REL - Released;2026-07-06 00:00:00;2026-06-29 00:00:00;2026-07-13 00:00:00;32065;260706G01;RS25C60N10W;RS25C60N10W;RS que nong C60N10;RS que nong C60N10;;;IK;13433;3598;0;0;RS27X100V;RS27X100V;DILATOR LOCK PIN A TVC;RS CHỐT QUE NONG LOẠI A TVC;ZROH;251212A;13433;3001;923;0020
260706G01;000010076058;REL - Released;2026-07-06 00:00:00;2026-06-29 00:00:00;2026-07-13 00:00:00;32065;260706G01;RS25C60N10W;RS25C60N10W;RS que nong C60N10;RS que nong C60N10;;;IK;13433;3598;0;0;RS00X660EV1;RS00X660EV1;DILATOR HUB 6FR;CHUÔI QUE NONG 6FR;ZROH;260324NS;13433;3001;908;0030
260706G01;000010076061;REL - Released;2026-07-06 00:00:00;2026-06-29 00:00:00;2026-07-13 00:00:00;32055;260706G01;RS26Q6007;RS26Q6007;RS Sheath 0.20 60X07;RS Sheath 0.20 60X07;;;IK;13185;13157;0;0;CRS26Q6007;CRS26Q6007;Ống sheath sau cắt  6FR07CM;Ống sheath sau cắt 6FR07CM;ZHAL;260706G01;13185;3001;13182;0010
260706G01;000010076061;REL - Released;2026-07-06 00:00:00;2026-06-29 00:00:00;2026-07-13 00:00:00;32055;260706G01;RS26Q6007;RS26Q6007;RS Sheath 0.20 60X07;RS Sheath 0.20 60X07;;;IK;13185;13157;0;0;RS27X006V;RS27X006V;SHEATH LOCK PIN RS 6FR;Chốt sheath RS 6Fr;ZROH;260112=;13185;3001;11983;0020
260706G01;000010076061;REL - Released;2026-07-06 00:00:00;2026-06-29 00:00:00;2026-07-13 00:00:00;32055;260706G01;RS26Q6007;RS26Q6007;RS Sheath 0.20 60X07;RS Sheath 0.20 60X07;;;IK;13185;13157;0;0;RS27X006V;RS27X006V;SHEATH LOCK PIN RS 6FR;Chốt sheath RS 6Fr;ZROH;260113=;0;3001;1221;0020
260706G01;000010076062;REL - Released;2026-07-06 00:00:00;2026-06-29 00:00:00;2026-07-13 00:00:00;32055;260706G01;RS26Q6010;RS26Q6010;RS Sheath 0.20 60X10;RS Sheath 0.20 60X10;;;IK;13181;13163;0;0;CRS26Q6010;CRS26Q6010;Ống sheath sau cắt  6FR10CM;Ống sheath sau cắt 6FR10CM;ZHAL;260706G01;13181;3001;13178;0010
260706G01;000010076062;REL - Released;2026-07-06 00:00:00;2026-06-29 00:00:00;2026-07-13 00:00:00;32055;260706G01;RS26Q6010;RS26Q6010;RS Sheath 0.20 60X10;RS Sheath 0.20 60X10;;;IK;13181;13163;0;0;RS27X006V;RS27X006V;SHEATH LOCK PIN RS 6FR;Chốt sheath RS 6Fr;ZROH;260112=;13181;3001;6993;0020
260706G01;000010076062;REL - Released;2026-07-06 00:00:00;2026-06-29 00:00:00;2026-07-13 00:00:00;32055;260706G01;RS26Q6010;RS26Q6010;RS Sheath 0.20 60X10;RS Sheath 0.20 60X10;;;IK;13181;13163;0;0;RS27X006V;RS27X006V;SHEATH LOCK PIN RS 6FR;Chốt sheath RS 6Fr;ZROH;260113=;0;3001;6200;0020
260706G01;000010076063;REL - Released;2026-07-06 00:00:00;2026-06-29 00:00:00;2026-07-13 00:00:00;32070;260706G01;RS60E06007;RS60E06007;RS*lắp ráp 6FR 7CM;RS*lắp ráp 6FR 7CM;;;IK;13185;4174;0;0;RS26Q6007;RS26Q6007;RS Sheath 0.20 60X07;RS Sheath 0.20 60X07;ZHAL;260706G01;13185;3001;4187;0010
260706G01;000010076063;REL - Released;2026-07-06 00:00:00;2026-06-29 00:00:00;2026-07-13 00:00:00;32070;260706G01;RS60E06007;RS60E06007;RS*lắp ráp 6FR 7CM;RS*lắp ráp 6FR 7CM;;;IK;13185;4174;0;0;RS00X261EV1;RS00X261EV1;SHEATH HOUSING 6FR;SHEATH HOUSING 6FR;ZROH;260202YW;13185;3001;4195;0020
260706G01;000010076063;REL - Released;2026-07-06 00:00:00;2026-06-29 00:00:00;2026-07-13 00:00:00;32070;260706G01;RS60E06007;RS60E06007;RS*lắp ráp 6FR 7CM;RS*lắp ráp 6FR 7CM;;;IK;13185;4174;0;0;RS00X222KV;RS00X222KV;SHEATH CAP RS A TVC NEW TYPE;Nắp sheath RS A TVC Loại mới;ZROH;260302-P2;13185;3001;4230;0030
260706G01;000010076063;REL - Released;2026-07-06 00:00:00;2026-06-29 00:00:00;2026-07-13 00:00:00;32070;260706G01;RS60E06007;RS60E06007;RS*lắp ráp 6FR 7CM;RS*lắp ráp 6FR 7CM;;;IK;13185;4174;0;0;RS23X000V;RS23X000V;VALVE RFS TVC;Van RFS TVC;ZROH;250619KA;13185;3001;4264;0040
260706G01;000010076063;REL - Released;2026-07-06 00:00:00;2026-06-29 00:00:00;2026-07-13 00:00:00;32070;260706G01;RS60E06007;RS60E06007;RS*lắp ráp 6FR 7CM;RS*lắp ráp 6FR 7CM;;;IK;13185;4174;0;0;RS00E460EV1;RS00E460EV1;SHEATH SUPPORT 6FR;THÂN ĐỠ SHEATH 6FR;ZROH;260110YW;13185;3001;1930;0050
260706G01;000010076063;REL - Released;2026-07-06 00:00:00;2026-06-29 00:00:00;2026-07-13 00:00:00;32070;260706G01;RS60E06007;RS60E06007;RS*lắp ráp 6FR 7CM;RS*lắp ráp 6FR 7CM;;;IK;13185;4174;0;0;RS00E460EV1;RS00E460EV1;SHEATH SUPPORT 6FR;THÂN ĐỠ SHEATH 6FR;ZROH;260111YW;0;3001;2256;0050
260706G01;000010076063;REL - Released;2026-07-06 00:00:00;2026-06-29 00:00:00;2026-07-13 00:00:00;32070;260706G01;RS60E06007;RS60E06007;RS*lắp ráp 6FR 7CM;RS*lắp ráp 6FR 7CM;;;IK;13185;4174;0;0;TS40X511RSVA;TS40X511RSVA;NON STERILE PART 3WAY COCK;VAN TAM THÔNG;ZROH;251025E;13185;3001;4251;0060
260706G01;000010076063;REL - Released;2026-07-06 00:00:00;2026-06-29 00:00:00;2026-07-13 00:00:00;32070;260706G01;RS60E06007;RS60E06007;RS*lắp ráp 6FR 7CM;RS*lắp ráp 6FR 7CM;;;IK;13185;4174;0;0;RS90X000V;RS90X000V;Ống Arm;Ống Arm;ZHAL;260611C01;13185;3001;4247;0070
260706G01;000010076064;REL - Released;2026-07-06 00:00:00;2026-06-29 00:00:00;2026-07-13 00:00:00;32070;260706G01;RS60E06010;RS60E06010;RS*lắp ráp 6FR 10CM;RS*lắp ráp 6FR 10CM;;;IK;13181;600;0;0;RS26Q6010;RS26Q6010;RS Sheath 0.20 60X10;RS Sheath 0.20 60X10;ZHAL;260706G01;13181;3001;600;0010
260706G01;000010076064;REL - Released;2026-07-06 00:00:00;2026-06-29 00:00:00;2026-07-13 00:00:00;32070;260706G01;RS60E06010;RS60E06010;RS*lắp ráp 6FR 10CM;RS*lắp ráp 6FR 10CM;;;IK;13181;600;0;0;RS00X261EV1;RS00X261EV1;SHEATH HOUSING 6FR;SHEATH HOUSING 6FR;ZROH;260202YW;13181;3001;603;0020
260706G01;000010076064;REL - Released;2026-07-06 00:00:00;2026-06-29 00:00:00;2026-07-13 00:00:00;32070;260706G01;RS60E06010;RS60E06010;RS*lắp ráp 6FR 10CM;RS*lắp ráp 6FR 10CM;;;IK;13181;600;0;0;RS00X222KV;RS00X222KV;SHEATH CAP RS A TVC NEW TYPE;Nắp sheath RS A TVC Loại mới;ZROH;260302-P2;13181;3001;603;0030
260706G01;000010076064;REL - Released;2026-07-06 00:00:00;2026-06-29 00:00:00;2026-07-13 00:00:00;32070;260706G01;RS60E06010;RS60E06010;RS*lắp ráp 6FR 10CM;RS*lắp ráp 6FR 10CM;;;IK;13181;600;0;0;RS23X000V;RS23X000V;VALVE RFS TVC;Van RFS TVC;ZROH;250619KA;13181;3001;603;0040
260706G01;000010076064;REL - Released;2026-07-06 00:00:00;2026-06-29 00:00:00;2026-07-13 00:00:00;32070;260706G01;RS60E06010;RS60E06010;RS*lắp ráp 6FR 10CM;RS*lắp ráp 6FR 10CM;;;IK;13181;600;0;0;RS00E460EV1;RS00E460EV1;SHEATH SUPPORT 6FR;THÂN ĐỠ SHEATH 6FR;ZROH;260110YW;13181;3001;600;0050
260706G01;000010076064;REL - Released;2026-07-06 00:00:00;2026-06-29 00:00:00;2026-07-13 00:00:00;32070;260706G01;RS60E06010;RS60E06010;RS*lắp ráp 6FR 10CM;RS*lắp ráp 6FR 10CM;;;IK;13181;600;0;0;TS40X511RSVA;TS40X511RSVA;NON STERILE PART 3WAY COCK;VAN TAM THÔNG;ZROH;251025E;13181;3001;608;0060
260706G01;000010076064;REL - Released;2026-07-06 00:00:00;2026-06-29 00:00:00;2026-07-13 00:00:00;32070;260706G01;RS60E06010;RS60E06010;RS*lắp ráp 6FR 10CM;RS*lắp ráp 6FR 10CM;;;IK;13181;600;0;0;RS90X000V;RS90X000V;Ống Arm;Ống Arm;ZHAL;260611C01;13181;3001;608;0070
260706G01;000010076067;REL - Released;2026-07-06 00:00:00;2026-06-29 00:00:00;2026-07-13 00:00:00;32060;260706G01;CRS25C60G16W;CRS25C60G16W;Ống q/nong sau cắt  60G16CM;Ống q/nong sau cắt 60G16CM;;;IK;13260;13140;0;0;RS92S060A;RS92S060A;BEFORE-CHECK A DILATOR TUBE S6FR;Que nong S6Fr trước kiểm tra A;ZROH;251120B;2652;3001;2652;0010
260706G01;000010076068;REL - Released;2026-07-06 00:00:00;2026-06-29 00:00:00;2026-07-13 00:00:00;32060;260706G01;CRS25C60K10W;CRS25C60K10W;Ống q/nong sau cắt  60K10CM;Ống q/nong sau cắt 60K10CM;;;IK;13433;13342;0;0;RS92S060A;RS92S060A;BEFORE-CHECK A DILATOR TUBE S6FR;Que nong S6Fr trước kiểm tra A;ZROH;251120B;1919;3001;1820;0010
260706G01;000010076070;REL - Released;2026-07-06 00:00:00;2026-06-29 00:00:00;2026-07-13 00:00:00;32065;260706G01;RS25C60K10W;RS25C60K10W;RS que nong C60K10;RS que nong C60K10;;;IK;13433;4508;0;0;CRS25C60K10W;CRS25C60K10W;Ống q/nong sau cắt  60K10CM;Ống q/nong sau cắt 60K10CM;ZHAL;260706G01;13433;3001;4521;0010
260706G01;000010076070;REL - Released;2026-07-06 00:00:00;2026-06-29 00:00:00;2026-07-13 00:00:00;32065;260706G01;RS25C60K10W;RS25C60K10W;RS que nong C60K10;RS que nong C60K10;;;IK;13433;4508;0;0;RS27X100V;RS27X100V;DILATOR LOCK PIN A TVC;RS CHỐT QUE NONG LOẠI A TVC;ZROH;251212A;13433;3001;4521;0020
260706G01;000010076070;REL - Released;2026-07-06 00:00:00;2026-06-29 00:00:00;2026-07-13 00:00:00;32065;260706G01;RS25C60K10W;RS25C60K10W;RS que nong C60K10;RS que nong C60K10;;;IK;13433;4508;0;0;RS00X660EV1;RS00X660EV1;DILATOR HUB 6FR;CHUÔI QUE NONG 6FR;ZROH;260324NS;13433;3001;2709;0030
260706G01;000010076070;REL - Released;2026-07-06 00:00:00;2026-06-29 00:00:00;2026-07-13 00:00:00;32065;260706G01;RS25C60K10W;RS25C60K10W;RS que nong C60K10;RS que nong C60K10;;;IK;13433;4508;0;0;RS00X660EV1;RS00X660EV1;DILATOR HUB 6FR;CHUÔI QUE NONG 6FR;ZROH;260325NS;0;3001;1811;0030
260706G02;000010076071;REL - Released;2026-07-06 00:00:00;2026-06-29 00:00:00;2026-07-13 00:00:00;32050;260706G02;CRS26Q6010;CRS26Q6010;Ống sheath sau cắt  6FR10CM;Ống sheath sau cắt 6FR10CM;;;IK;13181;13180;0;0;RS04X261V;RS04X261V;ETFE TUBE (SHEATH) 6FR;ỐNG ETFE (SHEATH) 6FR;ZROH;251112VS;1883;3001;171;0010
260706G02;000010076071;REL - Released;2026-07-06 00:00:00;2026-06-29 00:00:00;2026-07-13 00:00:00;32050;260706G02;CRS26Q6010;CRS26Q6010;Ống sheath sau cắt  6FR10CM;Ống sheath sau cắt 6FR10CM;;;IK;13181;13180;0;0;RS04X261V;RS04X261V;ETFE TUBE (SHEATH) 6FR;ỐNG ETFE (SHEATH) 6FR;ZROH;251113VP;0;3001;855;0010
260706G02;000010076071;REL - Released;2026-07-06 00:00:00;2026-06-29 00:00:00;2026-07-13 00:00:00;32050;260706G02;CRS26Q6010;CRS26Q6010;Ống sheath sau cắt  6FR10CM;Ống sheath sau cắt 6FR10CM;;;IK;13181;13180;0;0;RS04X261V;RS04X261V;ETFE TUBE (SHEATH) 6FR;ỐNG ETFE (SHEATH) 6FR;ZROH;251113VS;0;3001;857;0010
260706G02;000010076073;REL - Released;2026-07-06 00:00:00;2026-06-29 00:00:00;2026-07-13 00:00:00;32055;260706G02;RS26Q6010;RS26Q6010;RS Sheath 0.20 60X10;RS Sheath 0.20 60X10;;;IK;13181;13147;0;0;CRS26Q6010;CRS26Q6010;Ống sheath sau cắt  6FR10CM;Ống sheath sau cắt 6FR10CM;ZHAL;260706G02;13181;3001;13166;0010
260706G02;000010076073;REL - Released;2026-07-06 00:00:00;2026-06-29 00:00:00;2026-07-13 00:00:00;32055;260706G02;RS26Q6010;RS26Q6010;RS Sheath 0.20 60X10;RS Sheath 0.20 60X10;;;IK;13181;13147;0;0;RS27X006V;RS27X006V;SHEATH LOCK PIN RS 6FR;Chốt sheath RS 6Fr;ZROH;260112=;13181;3001;3591;0020
260706G02;000010076073;REL - Released;2026-07-06 00:00:00;2026-06-29 00:00:00;2026-07-13 00:00:00;32055;260706G02;RS26Q6010;RS26Q6010;RS Sheath 0.20 60X10;RS Sheath 0.20 60X10;;;IK;13181;13147;0;0;RS27X006V;RS27X006V;SHEATH LOCK PIN RS 6FR;Chốt sheath RS 6Fr;ZROH;260113=;0;3001;9598;0020
260706G01;000010076074;REL - Released;2026-07-06 00:00:00;2026-06-29 00:00:00;2026-07-13 00:00:00;32055;260706G01;RS26Q6016;RS26Q6016;RS Sheath 0.20 60X16;RS Sheath 0.20 60X16;;;IK;13040;13005;0;0;CRS26Q6016;CRS26Q6016;Ống sheath sau cắt  6FR16CM;Ống sheath sau cắt 6FR16CM;ZHAL;260706G01;13040;3001;13037;0010
260706G01;000010076074;REL - Released;2026-07-06 00:00:00;2026-06-29 00:00:00;2026-07-13 00:00:00;32055;260706G01;RS26Q6016;RS26Q6016;RS Sheath 0.20 60X16;RS Sheath 0.20 60X16;;;IK;13040;13005;0;0;RS27X006V;RS27X006V;SHEATH LOCK PIN RS 6FR;Chốt sheath RS 6Fr;ZROH;260113=;0;3001;3440;0020
260706G01;000010076074;REL - Released;2026-07-06 00:00:00;2026-06-29 00:00:00;2026-07-13 00:00:00;32055;260706G01;RS26Q6016;RS26Q6016;RS Sheath 0.20 60X16;RS Sheath 0.20 60X16;;;IK;13040;13005;0;0;RS27X006V;RS27X006V;SHEATH LOCK PIN RS 6FR;Chốt sheath RS 6Fr;ZROH;260112=;13040;3001;9604;0020
260706G01;000010076076;REL - Released;2026-07-06 00:00:00;2026-06-29 00:00:00;2026-07-13 00:00:00;32070;260706G01;RS60E06016;RS60E06016;RS*lắp ráp 6FR 16CM;RS*lắp ráp 6FR 16CM;;;IK;13040;2987;0;0;RS26Q6016;RS26Q6016;RS Sheath 0.20 60X16;RS Sheath 0.20 60X16;ZHAL;260706G01;13040;3001;2992;0010
260706G01;000010076076;REL - Released;2026-07-06 00:00:00;2026-06-29 00:00:00;2026-07-13 00:00:00;32070;260706G01;RS60E06016;RS60E06016;RS*lắp ráp 6FR 16CM;RS*lắp ráp 6FR 16CM;;;IK;13040;2987;0;0;RS00X261EV1;RS00X261EV1;SHEATH HOUSING 6FR;SHEATH HOUSING 6FR;ZROH;260202YW;13040;3001;3003;0020
260706G01;000010076076;REL - Released;2026-07-06 00:00:00;2026-06-29 00:00:00;2026-07-13 00:00:00;32070;260706G01;RS60E06016;RS60E06016;RS*lắp ráp 6FR 16CM;RS*lắp ráp 6FR 16CM;;;IK;13040;2987;0;0;RS00X222KV;RS00X222KV;SHEATH CAP RS A TVC NEW TYPE;Nắp sheath RS A TVC Loại mới;ZROH;260302-P2;13040;3001;2999;0030
260706G01;000010076076;REL - Released;2026-07-06 00:00:00;2026-06-29 00:00:00;2026-07-13 00:00:00;32070;260706G01;RS60E06016;RS60E06016;RS*lắp ráp 6FR 16CM;RS*lắp ráp 6FR 16CM;;;IK;13040;2987;0;0;RS23X000V;RS23X000V;VALVE RFS TVC;Van RFS TVC;ZROH;250619KA;13040;3001;2999;0040
260706G01;000010076076;REL - Released;2026-07-06 00:00:00;2026-06-29 00:00:00;2026-07-13 00:00:00;32070;260706G01;RS60E06016;RS60E06016;RS*lắp ráp 6FR 16CM;RS*lắp ráp 6FR 16CM;;;IK;13040;2987;0;0;RS00E460EV1;RS00E460EV1;SHEATH SUPPORT 6FR;THÂN ĐỠ SHEATH 6FR;ZROH;260110YW;13040;3001;1795;0050
260706G01;000010076076;REL - Released;2026-07-06 00:00:00;2026-06-29 00:00:00;2026-07-13 00:00:00;32070;260706G01;RS60E06016;RS60E06016;RS*lắp ráp 6FR 16CM;RS*lắp ráp 6FR 16CM;;;IK;13040;2987;0;0;RS00E460EV1;RS00E460EV1;SHEATH SUPPORT 6FR;THÂN ĐỠ SHEATH 6FR;ZROH;260111YW;0;3001;1197;0050
260706G01;000010076076;REL - Released;2026-07-06 00:00:00;2026-06-29 00:00:00;2026-07-13 00:00:00;32070;260706G01;RS60E06016;RS60E06016;RS*lắp ráp 6FR 16CM;RS*lắp ráp 6FR 16CM;;;IK;13040;2987;0;0;TS40X511RSVA;TS40X511RSVA;NON STERILE PART 3WAY COCK;VAN TAM THÔNG;ZROH;251025E;13040;3001;3142;0060
260706G01;000010076076;REL - Released;2026-07-06 00:00:00;2026-06-29 00:00:00;2026-07-13 00:00:00;32070;260706G01;RS60E06016;RS60E06016;RS*lắp ráp 6FR 16CM;RS*lắp ráp 6FR 16CM;;;IK;13040;2987;0;0;RS90X000V;RS90X000V;Ống Arm;Ống Arm;ZHAL;260611C01;13040;3001;3011;0070
260706G01;000010076077;REL - Released;2026-07-06 00:00:00;2026-06-29 00:00:00;2026-07-13 00:00:00;32075;260706G01;RF50MS2545Y;RF50MS2545Y;Dây dẫn mini đã g/c S0.025X45CM;Dây dẫn mini đã g/c S0.025X45CM;;;IK;12980;6462;0;0;RF42MS2545YV;RF42MS2545YV;MINI GUIDE WIRE S2545;DÂY DẪN MINI S2545;ZROH;Y2512085;0;3001;3200;0010
260706G01;000010076077;REL - Released;2026-07-06 00:00:00;2026-06-29 00:00:00;2026-07-13 00:00:00;32075;260706G01;RF50MS2545Y;RF50MS2545Y;Dây dẫn mini đã g/c S0.025X45CM;Dây dẫn mini đã g/c S0.025X45CM;;;IK;12980;6462;0;0;RF42MS2545YV;RF42MS2545YV;MINI GUIDE WIRE S2545;DÂY DẪN MINI S2545;ZROH;Y2512078;12980;3001;3267;0010
260704D01;000010076094;REL - Released;2026-07-04 00:00:00;2026-06-29 00:00:00;2026-07-11 00:00:00;01050;260704D01;RG80GA35153Y;RG80GA35153Y;TYC Bán thành phẩm gia công GA35153;TYC Bán thành phẩm gia công GA35153;;;GW;27640;24330;0;0;RG75GA35153Y;RG75GA35153Y;INSPECTED GA35153;Dây dẫn đã kiểm tra GA35153;ZROH;Y2602065;27640;3002;500;0010
260704D01;000010076094;REL - Released;2026-07-04 00:00:00;2026-06-29 00:00:00;2026-07-11 00:00:00;01050;260704D01;RG80GA35153Y;RG80GA35153Y;TYC Bán thành phẩm gia công GA35153;TYC Bán thành phẩm gia công GA35153;;;GW;27640;24330;0;0;RG75GA35153Y;RG75GA35153Y;INSPECTED GA35153;Dây dẫn đã kiểm tra GA35153;ZROH;Y2602113;0;3002;11980;0010
260704D01;000010076094;REL - Released;2026-07-04 00:00:00;2026-06-29 00:00:00;2026-07-11 00:00:00;01050;260704D01;RG80GA35153Y;RG80GA35153Y;TYC Bán thành phẩm gia công GA35153;TYC Bán thành phẩm gia công GA35153;;;GW;27640;24330;0;0;RG75GA35153Y;RG75GA35153Y;INSPECTED GA35153;Dây dẫn đã kiểm tra GA35153;ZROH;Y2602116;0;3002;11980;0010
260704D01;000010076095;REL - Released;2026-07-04 00:00:00;2026-06-29 00:00:00;2026-07-11 00:00:00;01050;260704D01;RG80GA35263Y;RG80GA35263Y;TYC Bán thành phẩm gia công GA35263;TYC Bán thành phẩm gia công GA35263;;;GW;13880;3969;0;0;RG75GA35263Y;RG75GA35263Y;INSPECTED GA35263;Dây dẫn đã kiểm tra GA35263;ZROH;Y2602045;13880;3002;3000;0010
260704D01;000010076095;REL - Released;2026-07-04 00:00:00;2026-06-29 00:00:00;2026-07-11 00:00:00;01050;260704D01;RG80GA35263Y;RG80GA35263Y;TYC Bán thành phẩm gia công GA35263;TYC Bán thành phẩm gia công GA35263;;;GW;13880;3969;0;0;RG75GA35263Y;RG75GA35263Y;INSPECTED GA35263;Dây dẫn đã kiểm tra GA35263;ZROH;Y2602050;0;3002;1000;0010
260704D01;000010076096;TECO - Technically completed;2026-07-04 00:00:00;2026-06-29 00:00:00;2026-07-11 00:00:00;01055;260704D01;RG00X3515A;RG00X3515A;Chuôi đã in 3515A;Chuôi đã in 3515A;;;GW;27541;27538;3;0;RG00X035VN;RG00X035VN;RG HOLDER HUB 035 PURPLE;RG Chuôi ống bọc ngoài 035 tím;ZROH;260406T5;27541;3002;27541;0010
260704D01;000010076097;TECO - Technically completed;2026-07-04 00:00:00;2026-06-29 00:00:00;2026-07-11 00:00:00;01055;260704D01;RG00X3526A;RG00X3526A;Chuôi đã in 3526A;Chuôi đã in 3526A;;;GW;13881;13881;0;0;RG00X035VN;RG00X035VN;RG HOLDER HUB 035 PURPLE;RG Chuôi ống bọc ngoài 035 tím;ZROH;260424T1;13881;3002;13881;0010
260704D01;000010076098;REL - Released;2026-07-04 00:00:00;2026-06-29 00:00:00;2026-07-11 00:00:00;01060;260704D01;RG85GA35153Y;RG85GA35153Y;TYC Đã luồn dây dẫn GA35153;TYC Đã luồn dây dẫn GA35153;;;GW;27541;15284;0;0;RG90X1446;RG90X1446;GW ống b/n 1446mm trắng;GW ống b/n 1446mm trắng;ZHAL;260615C01;0;3002;1698;0010
260704D01;000010076098;REL - Released;2026-07-04 00:00:00;2026-06-29 00:00:00;2026-07-11 00:00:00;01060;260704D01;RG85GA35153Y;RG85GA35153Y;TYC Đã luồn dây dẫn GA35153;TYC Đã luồn dây dẫn GA35153;;;GW;27541;15284;0;0;RG90X1446;RG90X1446;GW ống b/n 1446mm trắng;GW ống b/n 1446mm trắng;ZHAL;260612C01;27541;3002;13586;0010
260704D01;000010076098;REL - Released;2026-07-04 00:00:00;2026-06-29 00:00:00;2026-07-11 00:00:00;01060;260704D01;RG85GA35153Y;RG85GA35153Y;TYC Đã luồn dây dẫn GA35153;TYC Đã luồn dây dẫn GA35153;;;GW;27541;15284;0;0;RG00X100V;RG00X100V;RFG INSERTER WHITE;Vật dẫn màu trắng RFG;ZROH;260223;27541;3002;7861;0020
260704D01;000010076098;REL - Released;2026-07-04 00:00:00;2026-06-29 00:00:00;2026-07-11 00:00:00;01060;260704D01;RG85GA35153Y;RG85GA35153Y;TYC Đã luồn dây dẫn GA35153;TYC Đã luồn dây dẫn GA35153;;;GW;27541;15284;0;0;RG00X100V;RG00X100V;RFG INSERTER WHITE;Vật dẫn màu trắng RFG;ZROH;260224;0;3002;7423;0020
260704D01;000010076098;REL - Released;2026-07-04 00:00:00;2026-06-29 00:00:00;2026-07-11 00:00:00;01060;260704D01;RG85GA35153Y;RG85GA35153Y;TYC Đã luồn dây dẫn GA35153;TYC Đã luồn dây dẫn GA35153;;;GW;27541;15284;0;0;RG00X3515A;RG00X3515A;Chuôi đã in 3515A;Chuôi đã in 3515A;ZHAL;260704D01;0;3002;15033;0030
260704D01;000010076098;REL - Released;2026-07-04 00:00:00;2026-06-29 00:00:00;2026-07-11 00:00:00;01060;260704D01;RG85GA35153Y;RG85GA35153Y;TYC Đã luồn dây dẫn GA35153;TYC Đã luồn dây dẫn GA35153;;;GW;27541;15284;0;0;RG00X3515A;RG00X3515A;Chuôi đã in 3515A;Chuôi đã in 3515A;ZHAL;260702D01;27541;3002;252;0030
260704D01;000010076098;REL - Released;2026-07-04 00:00:00;2026-06-29 00:00:00;2026-07-11 00:00:00;01060;260704D01;RG85GA35153Y;RG85GA35153Y;TYC Đã luồn dây dẫn GA35153;TYC Đã luồn dây dẫn GA35153;;;GW;27541;15284;0;0;RG80GA35153Y;RG80GA35153Y;TYC Bán thành phẩm gia công GA35153;TYC Bán thành phẩm gia công GA35153;ZHAL;260702D01;27541;3002;388;0040
260704D01;000010076098;REL - Released;2026-07-04 00:00:00;2026-06-29 00:00:00;2026-07-11 00:00:00;01060;260704D01;RG85GA35153Y;RG85GA35153Y;TYC Đã luồn dây dẫn GA35153;TYC Đã luồn dây dẫn GA35153;;;GW;27541;15284;0;0;RG80GA35153Y;RG80GA35153Y;TYC Bán thành phẩm gia công GA35153;TYC Bán thành phẩm gia công GA35153;ZHAL;260704D01;0;3002;14896;0040
260704D01;000010076099;REL - Released;2026-07-04 00:00:00;2026-06-29 00:00:00;2026-07-11 00:00:00;01060;260704D01;RG85GA35263Y;RG85GA35263Y;TYC Đã luồn dây dẫn GA35263;TYC Đã luồn dây dẫn GA35263;;;GW;13841;492;0;0;RG90X2530;RG90X2530;GW ống b/n 2530mm trắng;GW ống b/n 2530mm trắng;ZHAL;260527C01;13841;3002;492;0010
260704D01;000010076099;REL - Released;2026-07-04 00:00:00;2026-06-29 00:00:00;2026-07-11 00:00:00;01060;260704D01;RG85GA35263Y;RG85GA35263Y;TYC Đã luồn dây dẫn GA35263;TYC Đã luồn dây dẫn GA35263;;;GW;13841;492;0;0;RG00X100V;RG00X100V;RFG INSERTER WHITE;Vật dẫn màu trắng RFG;ZROH;260224;13841;3002;492;0020
260704D01;000010076099;REL - Released;2026-07-04 00:00:00;2026-06-29 00:00:00;2026-07-11 00:00:00;01060;260704D01;RG85GA35263Y;RG85GA35263Y;TYC Đã luồn dây dẫn GA35263;TYC Đã luồn dây dẫn GA35263;;;GW;13841;492;0;0;RG00X3526A;RG00X3526A;Chuôi đã in 3526A;Chuôi đã in 3526A;ZHAL;260702D01;13841;3002;141;0030
260704D01;000010076099;REL - Released;2026-07-04 00:00:00;2026-06-29 00:00:00;2026-07-11 00:00:00;01060;260704D01;RG85GA35263Y;RG85GA35263Y;TYC Đã luồn dây dẫn GA35263;TYC Đã luồn dây dẫn GA35263;;;GW;13841;492;0;0;RG00X3526A;RG00X3526A;Chuôi đã in 3526A;Chuôi đã in 3526A;ZHAL;260704D01;0;3002;351;0030
260704D01;000010076099;REL - Released;2026-07-04 00:00:00;2026-06-29 00:00:00;2026-07-11 00:00:00;01060;260704D01;RG85GA35263Y;RG85GA35263Y;TYC Đã luồn dây dẫn GA35263;TYC Đã luồn dây dẫn GA35263;;;GW;13841;492;0;0;RG80GA35263Y;RG80GA35263Y;TYC Bán thành phẩm gia công GA35263;TYC Bán thành phẩm gia công GA35263;ZHAL;260704D01;13841;3002;492;0040
260704V;000010076100;REL - Released;2026-07-04 00:00:00;2026-06-29 00:00:00;2026-07-11 00:00:00;01065;260704V;RFGA35153M.E;RFGA35153M.E;Hộp đơn vị đã dán nhãn RF*GA35153M;Hộp đơn vị đã dán nhãn RF*GA35153M;;;GW;5509;3900;0;0;RG26M1301V;RG26M1301V;RG Peel label - 5 set;Nhãn túi đóng gói RG - 5set;ZROH;260508VJ;5509;3002;3900;0010
260704V;000010076100;REL - Released;2026-07-04 00:00:00;2026-06-29 00:00:00;2026-07-11 00:00:00;01065;260704V;RFGA35153M.E;RFGA35153M.E;Hộp đơn vị đã dán nhãn RF*GA35153M;Hộp đơn vị đã dán nhãn RF*GA35153M;;;GW;5509;3900;0;0;RG26M203V-01;RG26M203V-01;RG SIDE LABEL;Nhãn nắp RG;ZROH;260422VJ;5509;3002;3900;0020
260704V;000010076100;REL - Released;2026-07-04 00:00:00;2026-06-29 00:00:00;2026-07-11 00:00:00;01065;260704V;RFGA35153M.E;RFGA35153M.E;Hộp đơn vị đã dán nhãn RF*GA35153M;Hộp đơn vị đã dán nhãn RF*GA35153M;;;GW;5509;3900;0;0;RG36M1502V;RG36M1502V;RG M26 UNIT BOX;RG Hộp đơn vị M26;ZROH;250904;5509;3002;3900;0030
260704V;000010076101;REL - Released;2026-07-04 00:00:00;2026-06-29 00:00:00;2026-07-11 00:00:00;01065;260704V;RFGA35153M.F;RFGA35153M.F;Thùng xuất xưởng đã dán nhãn RF*GA35153M;Thùng xuất xưởng đã dán nhãn RF*GA35153M;;;GW;1102;780;0;0;RG37X001V;RG37X001V;RG 25 SET SHIPPING BOX;RG Thùng xuất xưởng 25 set;ZROH;260302;1102;3002;780;0010
260704V;000010076101;REL - Released;2026-07-04 00:00:00;2026-06-29 00:00:00;2026-07-11 00:00:00;01065;260704V;RFGA35153M.F;RFGA35153M.F;Thùng xuất xưởng đã dán nhãn RF*GA35153M;Thùng xuất xưởng đã dán nhãn RF*GA35153M;;;GW;1102;780;0;0;RG26X004V;RG26X004V;WHITE SHIPPING BOX LABEL;Nhãn trắng thùng xuất xưởng;ZROH;260402VA;1102;3002;780;0020
260704V;000010076102;REL - Released;2026-07-04 00:00:00;2026-06-29 00:00:00;2026-07-11 00:00:00;01065;260704V;RFGA35153M.G;RFGA35153M.G;Nhãn TĐG đã in RF*GA35153M;Nhãn TĐG đã in RF*GA35153M;;;GW;27541;27561;0;0;RG26M1301V;RG26M1301V;RG Peel label - 5 set;Nhãn túi đóng gói RG - 5set;ZROH;260508VJ;27541;3002;27643;0010
260704V;000010076103;REL - Released;2026-07-04 00:00:00;2026-06-29 00:00:00;2026-07-11 00:00:00;01065;260704V;RFGA35263M.E;RFGA35263M.E;Hộp đơn vị đã dán nhãn RF*GA35263M;Hộp đơn vị đã dán nhãn RF*GA35263M;;;GW;2769;905;0;0;RG26M1301V;RG26M1301V;RG Peel label - 5 set;Nhãn túi đóng gói RG - 5set;ZROH;260508VJ;2769;3002;905;0010
260704V;000010076103;REL - Released;2026-07-04 00:00:00;2026-06-29 00:00:00;2026-07-11 00:00:00;01065;260704V;RFGA35263M.E;RFGA35263M.E;Hộp đơn vị đã dán nhãn RF*GA35263M;Hộp đơn vị đã dán nhãn RF*GA35263M;;;GW;2769;905;0;0;RG26M203V-01;RG26M203V-01;RG SIDE LABEL;Nhãn nắp RG;ZROH;260422VJ;2769;3002;905;0020
260704V;000010076103;REL - Released;2026-07-04 00:00:00;2026-06-29 00:00:00;2026-07-11 00:00:00;01065;260704V;RFGA35263M.E;RFGA35263M.E;Hộp đơn vị đã dán nhãn RF*GA35263M;Hộp đơn vị đã dán nhãn RF*GA35263M;;;GW;2769;905;0;0;RG36M1503V;RG36M1503V;RG M26 LONG 25‑SET UNIT BOX;RG M26 Hộp 25 set loại dài;ZROH;260303;2769;3002;905;0030
260704V;000010076104;REL - Released;2026-07-04 00:00:00;2026-06-29 00:00:00;2026-07-11 00:00:00;01065;260704V;RFGA35263M.F;RFGA35263M.F;Thùng xuất xưởng đã dán nhãn RF*GA35263M;Thùng xuất xưởng đã dán nhãn RF*GA35263M;;;GW;554;180;0;0;RG37X003V;RG37X003V;RG LARGE SHIPPING BOX;RG Thùng xuất xưởng loại lớn;ZROH;260205IP;554;3002;184;0010
260704V;000010076104;REL - Released;2026-07-04 00:00:00;2026-06-29 00:00:00;2026-07-11 00:00:00;01065;260704V;RFGA35263M.F;RFGA35263M.F;Thùng xuất xưởng đã dán nhãn RF*GA35263M;Thùng xuất xưởng đã dán nhãn RF*GA35263M;;;GW;554;180;0;0;RG26X004V;RG26X004V;WHITE SHIPPING BOX LABEL;Nhãn trắng thùng xuất xưởng;ZROH;260402VA;554;3002;180;0020
260704V;000010076105;REL - Released;2026-07-04 00:00:00;2026-06-29 00:00:00;2026-07-11 00:00:00;01065;260704V;RFGA35263M.G;RFGA35263M.G;Nhãn TĐG đã in RF*GA35263M;Nhãn TĐG đã in RF*GA35263M;;;GW;13841;13853;0;0;RG26M1301V;RG26M1301V;RG Peel label - 5 set;Nhãn túi đóng gói RG - 5set;ZROH;;13841;3002;0;0010
260704V;000010076106;REL - Released;2026-07-04 00:00:00;2026-06-29 00:00:00;2026-07-11 00:00:00;01075;260704V;RF/GA35153M_S;RF*GA35153M;Sản phẩm đóng gói RF*GA35153M;Sản phẩm đóng gói RF*GA35153M;;;GW;27541;6200;0;0;RG00X101V;RG00X101V;RFG HOLDER CLIP WHITE;Kẹp ống bọc ngoài trắng RFG;ZROH;260227S;82623;3002;18600;0010
260704V;000010076106;REL - Released;2026-07-04 00:00:00;2026-06-29 00:00:00;2026-07-11 00:00:00;01075;260704V;RF/GA35153M_S;RF*GA35153M;Sản phẩm đóng gói RF*GA35153M;Sản phẩm đóng gói RF*GA35153M;;;GW;27541;6200;0;0;RG85GA35153Y;RG85GA35153Y;TYC Đã luồn dây dẫn GA35153;TYC Đã luồn dây dẫn GA35153;ZHAL;260704D01;27541;3002;6200;0020
260704V;000010076106;REL - Released;2026-07-04 00:00:00;2026-06-29 00:00:00;2026-07-11 00:00:00;01075;260704V;RF/GA35153M_S;RF*GA35153M;Sản phẩm đóng gói RF*GA35153M;Sản phẩm đóng gói RF*GA35153M;;;GW;27541;6200;0;0;RG30M701NV;RG30M701NV;RG M26 PEEL BAG;Túi đóng gói RG M26;ZROH;250731T;27541;3002;6200;0030
260704V;000010076106;REL - Released;2026-07-04 00:00:00;2026-06-29 00:00:00;2026-07-11 00:00:00;01075;260704V;RF/GA35153M_S;RF*GA35153M;Sản phẩm đóng gói RF*GA35153M;Sản phẩm đóng gói RF*GA35153M;;;GW;27541;6200;0;0;RFGA35153M.G;RFGA35153M.G;Nhãn TĐG đã in RF*GA35153M;Nhãn TĐG đã in RF*GA35153M;ZHAL;260704V;27541;3002;6200;0040
260704V;000010076106;REL - Released;2026-07-04 00:00:00;2026-06-29 00:00:00;2026-07-11 00:00:00;01075;260704V;RF/GA35153M_S;RF*GA35153M;Sản phẩm đóng gói RF*GA35153M;Sản phẩm đóng gói RF*GA35153M;;;GW;27541;6200;0;0;RFGA35153M.E;RFGA35153M.E;Hộp đơn vị đã dán nhãn RF*GA35153M;Hộp đơn vị đã dán nhãn RF*GA35153M;ZHAL;260704V;5509;3002;1240;0050
260704V;000010076106;REL - Released;2026-07-04 00:00:00;2026-06-29 00:00:00;2026-07-11 00:00:00;01075;260704V;RF/GA35153M_S;RF*GA35153M;Sản phẩm đóng gói RF*GA35153M;Sản phẩm đóng gói RF*GA35153M;;;GW;27541;6200;0;0;RG34M1501AV;RG34M1501AV;RG INSTRUCTION (M26);Hướng dẫn sử dụng RG (M26);ZROH;250725;5509;3002;1240;0060
260704V;000010076106;REL - Released;2026-07-04 00:00:00;2026-06-29 00:00:00;2026-07-11 00:00:00;01075;260704V;RF/GA35153M_S;RF*GA35153M;Sản phẩm đóng gói RF*GA35153M;Sản phẩm đóng gói RF*GA35153M;;;GW;27541;6200;0;0;RFGA35153M.F;RFGA35153M.F;Thùng xuất xưởng đã dán nhãn RF*GA35153M;Thùng xuất xưởng đã dán nhãn RF*GA35153M;ZHAL;260704V;1102;3002;248;0070
260706D01;000010076110;TECO - Technically completed;2026-07-06 00:00:00;2026-06-29 00:00:00;2026-07-13 00:00:00;01055;260706D01;RG00X3515A;RG00X3515A;Chuôi đã in 3515A;Chuôi đã in 3515A;;;GW;27541;27541;0;0;RG00X035VN;RG00X035VN;RG HOLDER HUB 035 PURPLE;RG Chuôi ống bọc ngoài 035 tím;ZROH;260406T5;27541;3002;632;0010
260706D01;000010076110;TECO - Technically completed;2026-07-06 00:00:00;2026-06-29 00:00:00;2026-07-13 00:00:00;01055;260706D01;RG00X3515A;RG00X3515A;Chuôi đã in 3515A;Chuôi đã in 3515A;;;GW;27541;27541;0;0;RG00X035VN;RG00X035VN;RG HOLDER HUB 035 PURPLE;RG Chuôi ống bọc ngoài 035 tím;ZROH;260424T1;0;3002;26909;0010
260706D01;000010076111;TECO - Technically completed;2026-07-06 00:00:00;2026-06-29 00:00:00;2026-07-13 00:00:00;01055;260706D01;RG00X3526A;RG00X3526A;Chuôi đã in 3526A;Chuôi đã in 3526A;;;GW;13844;13844;0;0;RG00X035VN;RG00X035VN;RG HOLDER HUB 035 PURPLE;RG Chuôi ống bọc ngoài 035 tím;ZROH;260424T1;13844;3002;13844;0010
260707D01;000010076123;REL - Released;2026-07-07 00:00:00;2026-07-01 00:00:00;2026-07-14 00:00:00;01055;260707D01;RG00X3515A;RG00X3515A;Chuôi đã in 3515A;Chuôi đã in 3515A;;;GW;27541;27541;0;0;RG00X035VN;RG00X035VN;RG HOLDER HUB 035 PURPLE;RG Chuôi ống bọc ngoài 035 tím;ZROH;260424T1;27541;3002;18275;0010
260707D01;000010076123;REL - Released;2026-07-07 00:00:00;2026-07-01 00:00:00;2026-07-14 00:00:00;01055;260707D01;RG00X3515A;RG00X3515A;Chuôi đã in 3515A;Chuôi đã in 3515A;;;GW;27541;27541;0;0;RG00X035VN;RG00X035VN;RG HOLDER HUB 035 PURPLE;RG Chuôi ống bọc ngoài 035 tím;ZROH;260427T1;0;3002;9266;0010
260707D01;000010076130;TECO - Technically completed;2026-07-07 00:00:00;2026-07-01 00:00:00;2026-07-14 00:00:00;01055;260707D01;RG00X3526A;RG00X3526A;Chuôi đã in 3526A;Chuôi đã in 3526A;;;GW;13841;13841;0;0;RG00X035VN;RG00X035VN;RG HOLDER HUB 035 PURPLE;RG Chuôi ống bọc ngoài 035 tím;ZROH;260427T1;13841;3002;13841;0010
260701C16;000010076159;TECO - Technically completed;2026-07-01 00:00:00;2026-06-26 00:00:00;2026-07-08 00:00:00;00060;260701C16;RC60OT5M;RC60OT5M;BTP đan lưới thép,cuộn lại 1OT5M;BTP đan lưới thép,cuộn lại 1OT5M;;;RFS;800;791;9;0;RC50OT5M;RC50OT5M;BTP đúc inner,kiểm tra lồi OT5M;BTP đúc inner,kiểm tra lồi OT5M;ZHAL;260629C01;800;3005;800;0010
260701C16;000010076159;TECO - Technically completed;2026-07-01 00:00:00;2026-06-26 00:00:00;2026-07-08 00:00:00;00060;260701C16;RC60OT5M;RC60OT5M;BTP đan lưới thép,cuộn lại 1OT5M;BTP đan lưới thép,cuộn lại 1OT5M;;;RFS;800;791;9;0;RC5505DOT5M;RC5505DOT5M;BTP đã chia cuộn OT5M;BTP đã chia cuộn OT5M;ZHAL;260629C04;466.064;3005;466;0020
260701C18;000010076161;TECO - Technically completed;2026-07-01 00:00:00;2026-06-26 00:00:00;2026-07-08 00:00:00;00060;260701C18;RC60OT5M;RC60OT5M;BTP đan lưới thép,cuộn lại 1OT5M;BTP đan lưới thép,cuộn lại 1OT5M;;;RFS;800;787;13;0;RC50OT5M;RC50OT5M;BTP đúc inner,kiểm tra lồi OT5M;BTP đúc inner,kiểm tra lồi OT5M;ZHAL;260629C02;800;3005;800;0010
260701C18;000010076161;TECO - Technically completed;2026-07-01 00:00:00;2026-06-26 00:00:00;2026-07-08 00:00:00;00060;260701C18;RC60OT5M;RC60OT5M;BTP đan lưới thép,cuộn lại 1OT5M;BTP đan lưới thép,cuộn lại 1OT5M;;;RFS;800;787;13;0;RC5505DOT5M;RC5505DOT5M;BTP đã chia cuộn OT5M;BTP đã chia cuộn OT5M;ZHAL;260629C04;466.064;3005;466;0020
260701C20;000010076163;TECO - Technically completed;2026-07-01 00:00:00;2026-06-26 00:00:00;2026-07-08 00:00:00;00060;260701C20;RC60OT5M;RC60OT5M;BTP đan lưới thép,cuộn lại 1OT5M;BTP đan lưới thép,cuộn lại 1OT5M;;;RFS;800;797;3;0;RC50OT5M;RC50OT5M;BTP đúc inner,kiểm tra lồi OT5M;BTP đúc inner,kiểm tra lồi OT5M;ZHAL;260629C02;800;3005;800;0010
260701C20;000010076163;TECO - Technically completed;2026-07-01 00:00:00;2026-06-26 00:00:00;2026-07-08 00:00:00;00060;260701C20;RC60OT5M;RC60OT5M;BTP đan lưới thép,cuộn lại 1OT5M;BTP đan lưới thép,cuộn lại 1OT5M;;;RFS;800;797;3;0;RC5505DOT5M;RC5505DOT5M;BTP đã chia cuộn OT5M;BTP đã chia cuộn OT5M;ZHAL;260629C04;466.064;3005;466;0020
260701C21;000010076164;TECO - Technically completed;2026-07-01 00:00:00;2026-06-26 00:00:00;2026-07-08 00:00:00;00060;260701C21;RC60OT5M;RC60OT5M;BTP đan lưới thép,cuộn lại 1OT5M;BTP đan lưới thép,cuộn lại 1OT5M;;;RFS;800;800;0;0;RC50OT5M;RC50OT5M;BTP đúc inner,kiểm tra lồi OT5M;BTP đúc inner,kiểm tra lồi OT5M;ZHAL;260629C02;800;3005;800;0010
260701C21;000010076164;TECO - Technically completed;2026-07-01 00:00:00;2026-06-26 00:00:00;2026-07-08 00:00:00;00060;260701C21;RC60OT5M;RC60OT5M;BTP đan lưới thép,cuộn lại 1OT5M;BTP đan lưới thép,cuộn lại 1OT5M;;;RFS;800;800;0;0;RC5505DOT5M;RC5505DOT5M;BTP đã chia cuộn OT5M;BTP đã chia cuộn OT5M;ZHAL;260630C01;466.064;3005;466;0020
260701C22;000010076165;TECO - Technically completed;2026-07-01 00:00:00;2026-06-26 00:00:00;2026-07-08 00:00:00;00060;260701C22;RC60OT5M;RC60OT5M;BTP đan lưới thép,cuộn lại 1OT5M;BTP đan lưới thép,cuộn lại 1OT5M;;;RFS;800;798;2;0;RC50OT5M;RC50OT5M;BTP đúc inner,kiểm tra lồi OT5M;BTP đúc inner,kiểm tra lồi OT5M;ZHAL;260629C02;800;3005;800;0010
260701C22;000010076165;TECO - Technically completed;2026-07-01 00:00:00;2026-06-26 00:00:00;2026-07-08 00:00:00;00060;260701C22;RC60OT5M;RC60OT5M;BTP đan lưới thép,cuộn lại 1OT5M;BTP đan lưới thép,cuộn lại 1OT5M;;;RFS;800;798;2;0;RC5505DOT5M;RC5505DOT5M;BTP đã chia cuộn OT5M;BTP đã chia cuộn OT5M;ZHAL;260630C01;466.064;3005;466;0020
260701C23;000010076166;TECO - Technically completed;2026-07-01 00:00:00;2026-06-26 00:00:00;2026-07-08 00:00:00;00060;260701C23;RC60OT5M;RC60OT5M;BTP đan lưới thép,cuộn lại 1OT5M;BTP đan lưới thép,cuộn lại 1OT5M;;;RFS;800;794;6;0;RC50OT5M;RC50OT5M;BTP đúc inner,kiểm tra lồi OT5M;BTP đúc inner,kiểm tra lồi OT5M;ZHAL;260629C03;800;3005;800;0010
260701C23;000010076166;TECO - Technically completed;2026-07-01 00:00:00;2026-06-26 00:00:00;2026-07-08 00:00:00;00060;260701C23;RC60OT5M;RC60OT5M;BTP đan lưới thép,cuộn lại 1OT5M;BTP đan lưới thép,cuộn lại 1OT5M;;;RFS;800;794;6;0;RC5505DOT5M;RC5505DOT5M;BTP đã chia cuộn OT5M;BTP đã chia cuộn OT5M;ZHAL;260630C01;466.064;3005;466;0020
260701C24;000010076167;TECO - Technically completed;2026-07-01 00:00:00;2026-06-26 00:00:00;2026-07-08 00:00:00;00060;260701C24;RC60OT5M;RC60OT5M;BTP đan lưới thép,cuộn lại 1OT5M;BTP đan lưới thép,cuộn lại 1OT5M;;;RFS;800;797;3;0;RC50OT5M;RC50OT5M;BTP đúc inner,kiểm tra lồi OT5M;BTP đúc inner,kiểm tra lồi OT5M;ZHAL;260629C03;800;3005;800;0010
260701C24;000010076167;TECO - Technically completed;2026-07-01 00:00:00;2026-06-26 00:00:00;2026-07-08 00:00:00;00060;260701C24;RC60OT5M;RC60OT5M;BTP đan lưới thép,cuộn lại 1OT5M;BTP đan lưới thép,cuộn lại 1OT5M;;;RFS;800;797;3;0;RC5505DOT5M;RC5505DOT5M;BTP đã chia cuộn OT5M;BTP đã chia cuộn OT5M;ZHAL;260630C01;466.064;3005;466;0020
260701C25;000010076168;TECO - Technically completed;2026-07-01 00:00:00;2026-06-26 00:00:00;2026-07-08 00:00:00;00060;260701C25;RC60OT5M;RC60OT5M;BTP đan lưới thép,cuộn lại 1OT5M;BTP đan lưới thép,cuộn lại 1OT5M;;;RFS;800;798;2;0;RC50OT5M;RC50OT5M;BTP đúc inner,kiểm tra lồi OT5M;BTP đúc inner,kiểm tra lồi OT5M;ZHAL;260629C03;800;3005;800;0010
260701C25;000010076168;TECO - Technically completed;2026-07-01 00:00:00;2026-06-26 00:00:00;2026-07-08 00:00:00;00060;260701C25;RC60OT5M;RC60OT5M;BTP đan lưới thép,cuộn lại 1OT5M;BTP đan lưới thép,cuộn lại 1OT5M;;;RFS;800;798;2;0;RC5505DOT5M;RC5505DOT5M;BTP đã chia cuộn OT5M;BTP đã chia cuộn OT5M;ZHAL;260630C01;466.064;3005;466;0020
260701C26;000010076169;TECO - Technically completed;2026-07-01 00:00:00;2026-06-26 00:00:00;2026-07-08 00:00:00;00060;260701C26;RC60OT5M;RC60OT5M;BTP đan lưới thép,cuộn lại 1OT5M;BTP đan lưới thép,cuộn lại 1OT5M;;;RFS;800;800;0;0;RC50OT5M;RC50OT5M;BTP đúc inner,kiểm tra lồi OT5M;BTP đúc inner,kiểm tra lồi OT5M;ZHAL;260629C03;800;3005;800;0010
260701C26;000010076169;TECO - Technically completed;2026-07-01 00:00:00;2026-06-26 00:00:00;2026-07-08 00:00:00;00060;260701C26;RC60OT5M;RC60OT5M;BTP đan lưới thép,cuộn lại 1OT5M;BTP đan lưới thép,cuộn lại 1OT5M;;;RFS;800;800;0;0;RC5505DOT5M;RC5505DOT5M;BTP đã chia cuộn OT5M;BTP đã chia cuộn OT5M;ZHAL;260630C01;466.064;3005;466;0020
260701C35;000010076178;TECO - Technically completed;2026-07-01 00:00:00;2026-06-26 00:00:00;2026-07-08 00:00:00;00060;260701C35;RC60OT5M;RC60OT5M;BTP đan lưới thép,cuộn lại 1OT5M;BTP đan lưới thép,cuộn lại 1OT5M;;;RFS;800;790;10;0;RC50OT5M;RC50OT5M;BTP đúc inner,kiểm tra lồi OT5M;BTP đúc inner,kiểm tra lồi OT5M;ZHAL;260629C05;800;3005;800;0010
260701C35;000010076178;TECO - Technically completed;2026-07-01 00:00:00;2026-06-26 00:00:00;2026-07-08 00:00:00;00060;260701C35;RC60OT5M;RC60OT5M;BTP đan lưới thép,cuộn lại 1OT5M;BTP đan lưới thép,cuộn lại 1OT5M;;;RFS;800;790;10;0;RC5505DOT5M;RC5505DOT5M;BTP đã chia cuộn OT5M;BTP đã chia cuộn OT5M;ZHAL;260630C02;466.064;3005;466;0020
260701C36;000010076179;TECO - Technically completed;2026-07-01 00:00:00;2026-06-26 00:00:00;2026-07-08 00:00:00;00060;260701C36;RC60OT5M;RC60OT5M;BTP đan lưới thép,cuộn lại 1OT5M;BTP đan lưới thép,cuộn lại 1OT5M;;;RFS;800;795;5;0;RC50OT5M;RC50OT5M;BTP đúc inner,kiểm tra lồi OT5M;BTP đúc inner,kiểm tra lồi OT5M;ZHAL;260629C05;800;3005;800;0010
260701C36;000010076179;TECO - Technically completed;2026-07-01 00:00:00;2026-06-26 00:00:00;2026-07-08 00:00:00;00060;260701C36;RC60OT5M;RC60OT5M;BTP đan lưới thép,cuộn lại 1OT5M;BTP đan lưới thép,cuộn lại 1OT5M;;;RFS;800;795;5;0;RC5505DOT5M;RC5505DOT5M;BTP đã chia cuộn OT5M;BTP đã chia cuộn OT5M;ZHAL;260630C02;466.064;3005;466;0020
260701C12;000010076203;TECO - Technically completed;2026-07-01 00:00:00;2026-06-26 00:00:00;2026-07-08 00:00:00;00060;260701C12;RC60OT6M;RC60OT6M;BTP đan lưới thép, cuộn lại 1 OT6M;BTP đan lưới thép, cuộn lại 1 OT6M;;;RFS;670;662;8;0;RC50OT6M;RC50OT6M;BTP đúc inner, kiểm tra lồi OT6M;BTP đúc inner, kiểm tra lồi OT6M;ZHAL;260630C02;670;3005;670;0010
260701C12;000010076203;TECO - Technically completed;2026-07-01 00:00:00;2026-06-26 00:00:00;2026-07-08 00:00:00;00060;260701C12;RC60OT6M;RC60OT6M;BTP đan lưới thép, cuộn lại 1 OT6M;BTP đan lưới thép, cuộn lại 1 OT6M;;;RFS;670;662;8;0;RC5505DOT6M;RC5505DOT6M;BTP đã chia cuộn OT6M;BTP đã chia cuộn OT6M;ZHAL;260630C01;375.2;3005;375;0020
260701C12;000010076311;TECO - Technically completed;2026-07-01 00:00:00;2026-06-26 00:00:00;2026-07-08 00:00:00;00075;260701C12;RC75OT5M;RC75OT5M;BTP đã cắt rút lõi, sấy HU OT5M;BTP đã cắt rút lõi, sấy HU OT5M;;;RFS;600;582;5;0;RC70OT5M;RC70OT5M;BTP đã đúc outer HU OT5M;BTP đã đúc outer HU OT5M;ZHAL;260701C12;799.2;;782;0010
260701C01;000010076329;TECO - Technically completed;2026-07-01 00:00:00;2026-06-26 00:00:00;2026-07-08 00:00:00;00088;260701C01;RC85OT6M;RC85OT6M;SP đã kiểm tra RFC OT6M;SP đã kiểm tra RFC OT6M;;;RFS;5627;5278;0;0;RC80OT6MSU;RC80OT6MSU;Đã kiểm tra chuyền HU OT6MSUS304;Đã kiểm tra chuyền HU OT6MSUS304;ZHAL;260701C01;5627;3006;5278;0010
260702C04;000010076335;TECO - Technically completed;2026-07-02 00:00:00;2026-06-26 00:00:00;2026-07-09 00:00:00;00050;260702C04;RC50OT5M;RC50OT5M;BTP đúc inner,kiểm tra lồi OT5M;BTP đúc inner,kiểm tra lồi OT5M;;;RFS;4800;4800;45;0;PL02X073V;PL02X073V;HEART 1 RESIN;Nhựa Heart 1;ZROH;260206;5528.16;3005;5778;0010
260702C04;000010076335;TECO - Technically completed;2026-07-02 00:00:00;2026-06-26 00:00:00;2026-07-09 00:00:00;00050;260702C04;RC50OT5M;RC50OT5M;BTP đúc inner,kiểm tra lồi OT5M;BTP đúc inner,kiểm tra lồi OT5M;;;RFS;4800;4800;45;0;RF00X122V;RF00X122V;COPPER WIRE RFC φ1.22 (TVC);Dây đồng mạ thiếc RFC φ1.22 (TVC);ZROH;260226274;0;3005;16571;0020
260702C04;000010076335;TECO - Technically completed;2026-07-02 00:00:00;2026-06-26 00:00:00;2026-07-09 00:00:00;00050;260702C04;RC50OT5M;RC50OT5M;BTP đúc inner,kiểm tra lồi OT5M;BTP đúc inner,kiểm tra lồi OT5M;;;RFS;4800;4800;45;0;RF00X122V;RF00X122V;COPPER WIRE RFC φ1.22 (TVC);Dây đồng mạ thiếc RFC φ1.22 (TVC);ZROH;260225272;50890.08;3005;34799;0020
260702C05;000010076336;TECO - Technically completed;2026-07-02 00:00:00;2026-06-26 00:00:00;2026-07-09 00:00:00;00050;260702C05;RC50OT5M;RC50OT5M;BTP đúc inner,kiểm tra lồi OT5M;BTP đúc inner,kiểm tra lồi OT5M;;;RFS;4800;4800;46;0;PL02X073V;PL02X073V;HEART 1 RESIN;Nhựa Heart 1;ZROH;260206;5528.16;3005;5778;0010
260702C05;000010076336;TECO - Technically completed;2026-07-02 00:00:00;2026-06-26 00:00:00;2026-07-09 00:00:00;00050;260702C05;RC50OT5M;RC50OT5M;BTP đúc inner,kiểm tra lồi OT5M;BTP đúc inner,kiểm tra lồi OT5M;;;RFS;4800;4800;46;0;RF00X122V;RF00X122V;COPPER WIRE RFC φ1.22 (TVC);Dây đồng mạ thiếc RFC φ1.22 (TVC);ZROH;260225271;50890.08;3005;7373;0020
260702C05;000010076336;TECO - Technically completed;2026-07-02 00:00:00;2026-06-26 00:00:00;2026-07-09 00:00:00;00050;260702C05;RC50OT5M;RC50OT5M;BTP đúc inner,kiểm tra lồi OT5M;BTP đúc inner,kiểm tra lồi OT5M;;;RFS;4800;4800;46;0;RF00X122V;RF00X122V;COPPER WIRE RFC φ1.22 (TVC);Dây đồng mạ thiếc RFC φ1.22 (TVC);ZROH;260226273;0;3005;44010;0020
260702C06;000010076337;TECO - Technically completed;2026-07-02 00:00:00;2026-06-26 00:00:00;2026-07-09 00:00:00;00050;260702C06;RC50OT5M;RC50OT5M;BTP đúc inner,kiểm tra lồi OT5M;BTP đúc inner,kiểm tra lồi OT5M;;;RFS;4800;4800;46;0;PL02X073V;PL02X073V;HEART 1 RESIN;Nhựa Heart 1;ZROH;260206;5528.16;3005;5778;0010
260702C06;000010076337;TECO - Technically completed;2026-07-02 00:00:00;2026-06-26 00:00:00;2026-07-09 00:00:00;00050;260702C06;RC50OT5M;RC50OT5M;BTP đúc inner,kiểm tra lồi OT5M;BTP đúc inner,kiểm tra lồi OT5M;;;RFS;4800;4800;46;0;RF00X122V;RF00X122V;COPPER WIRE RFC φ1.22 (TVC);Dây đồng mạ thiếc RFC φ1.22 (TVC);ZROH;260226273;50890.08;3005;8988;0020
260702C06;000010076337;TECO - Technically completed;2026-07-02 00:00:00;2026-06-26 00:00:00;2026-07-09 00:00:00;00050;260702C06;RC50OT5M;RC50OT5M;BTP đúc inner,kiểm tra lồi OT5M;BTP đúc inner,kiểm tra lồi OT5M;;;RFS;4800;4800;46;0;RF00X122V;RF00X122V;COPPER WIRE RFC φ1.22 (TVC);Dây đồng mạ thiếc RFC φ1.22 (TVC);ZROH;260226276;0;3005;42387;0020
260702C03;000010076345;TECO - Technically completed;2026-07-02 00:00:00;2026-06-26 00:00:00;2026-07-09 00:00:00;00055;260702C03;RC5505DOT5M;RC5505DOT5M;BTP đã chia cuộn OT5M;BTP đã chia cuộn OT5M;;;RFS;5592;5592;0;0;RF00X300V;RF00X300V;SUS316 Blader φ0.05 Double (TVC);Sợi lưới thép SUS316 φ0.05 kép (TVC);ZROH;HC2601J;5592;3005;5592;0010
260702C04;000010076346;TECO - Technically completed;2026-07-02 00:00:00;2026-06-26 00:00:00;2026-07-09 00:00:00;00055;260702C04;RC5505DOT5M;RC5505DOT5M;BTP đã chia cuộn OT5M;BTP đã chia cuộn OT5M;;;RFS;5592;5592;0;0;RF00X300V;RF00X300V;SUS316 Blader φ0.05 Double (TVC);Sợi lưới thép SUS316 φ0.05 kép (TVC);ZROH;HC2601J;5592;3005;5592;0010
260702C01;000010076347;TECO - Technically completed;2026-07-02 00:00:00;2026-06-26 00:00:00;2026-07-09 00:00:00;00055;260702C01;RC5505DOT6M;RC5505DOT6M;BTP đã chia cuộn OT6M;BTP đã chia cuộn OT6M;;;RFS;4500;4500;0;0;RF00X300V;RF00X300V;SUS316 Blader φ0.05 Double (TVC);Sợi lưới thép SUS316 φ0.05 kép (TVC);ZROH;HC2601J;4500;3005;4500;0010
260702C01;000010076348;TECO - Technically completed;2026-07-02 00:00:00;2026-06-26 00:00:00;2026-07-09 00:00:00;00060;260702C01;RC60OT5M;RC60OT5M;BTP đan lưới thép,cuộn lại 1OT5M;BTP đan lưới thép,cuộn lại 1OT5M;;;RFS;800;793;7;0;RC50OT5M;RC50OT5M;BTP đúc inner,kiểm tra lồi OT5M;BTP đúc inner,kiểm tra lồi OT5M;ZHAL;260629C05;800;3005;800;0010
260702C01;000010076348;TECO - Technically completed;2026-07-02 00:00:00;2026-06-26 00:00:00;2026-07-09 00:00:00;00060;260702C01;RC60OT5M;RC60OT5M;BTP đan lưới thép,cuộn lại 1OT5M;BTP đan lưới thép,cuộn lại 1OT5M;;;RFS;800;793;7;0;RC5505DOT5M;RC5505DOT5M;BTP đã chia cuộn OT5M;BTP đã chia cuộn OT5M;ZHAL;260630C03;466.064;3005;466;0020
260702C02;000010076349;TECO - Technically completed;2026-07-02 00:00:00;2026-06-26 00:00:00;2026-07-09 00:00:00;00060;260702C02;RC60OT5M;RC60OT5M;BTP đan lưới thép,cuộn lại 1OT5M;BTP đan lưới thép,cuộn lại 1OT5M;;;RFS;800;791;9;0;RC50OT5M;RC50OT5M;BTP đúc inner,kiểm tra lồi OT5M;BTP đúc inner,kiểm tra lồi OT5M;ZHAL;260629C05;800;3005;800;0010
260702C02;000010076349;TECO - Technically completed;2026-07-02 00:00:00;2026-06-26 00:00:00;2026-07-09 00:00:00;00060;260702C02;RC60OT5M;RC60OT5M;BTP đan lưới thép,cuộn lại 1OT5M;BTP đan lưới thép,cuộn lại 1OT5M;;;RFS;800;791;9;0;RC5505DOT5M;RC5505DOT5M;BTP đã chia cuộn OT5M;BTP đã chia cuộn OT5M;ZHAL;260630C03;466.064;3005;466;0020
260702C03;000010076350;TECO - Technically completed;2026-07-02 00:00:00;2026-06-26 00:00:00;2026-07-09 00:00:00;00060;260702C03;RC60OT5M;RC60OT5M;BTP đan lưới thép,cuộn lại 1OT5M;BTP đan lưới thép,cuộn lại 1OT5M;;;RFS;800;794;6;0;RC50OT5M;RC50OT5M;BTP đúc inner,kiểm tra lồi OT5M;BTP đúc inner,kiểm tra lồi OT5M;ZHAL;260629C05;800;3005;800;0010
260702C03;000010076350;TECO - Technically completed;2026-07-02 00:00:00;2026-06-26 00:00:00;2026-07-09 00:00:00;00060;260702C03;RC60OT5M;RC60OT5M;BTP đan lưới thép,cuộn lại 1OT5M;BTP đan lưới thép,cuộn lại 1OT5M;;;RFS;800;794;6;0;RC5505DOT5M;RC5505DOT5M;BTP đã chia cuộn OT5M;BTP đã chia cuộn OT5M;ZHAL;260630C03;466.064;3005;466;0020
260702C04;000010076351;TECO - Technically completed;2026-07-02 00:00:00;2026-06-26 00:00:00;2026-07-09 00:00:00;00060;260702C04;RC60OT5M;RC60OT5M;BTP đan lưới thép,cuộn lại 1OT5M;BTP đan lưới thép,cuộn lại 1OT5M;;;RFS;800;793;7;0;RC50OT5M;RC50OT5M;BTP đúc inner,kiểm tra lồi OT5M;BTP đúc inner,kiểm tra lồi OT5M;ZHAL;260629C05;800;3005;800;0010
260702C04;000010076351;TECO - Technically completed;2026-07-02 00:00:00;2026-06-26 00:00:00;2026-07-09 00:00:00;00060;260702C04;RC60OT5M;RC60OT5M;BTP đan lưới thép,cuộn lại 1OT5M;BTP đan lưới thép,cuộn lại 1OT5M;;;RFS;800;793;7;0;RC5505DOT5M;RC5505DOT5M;BTP đã chia cuộn OT5M;BTP đã chia cuộn OT5M;ZHAL;260630C03;466.064;3005;466;0020
260702C04;000010076375;TECO - Technically completed;2026-07-02 00:00:00;2026-06-26 00:00:00;2026-07-09 00:00:00;00060;260702C04;RC60OT5MSU;RC60OT5MSU;BTPđan lưới thép,CL1OT5MSUS304;BTPđan lưới thép,CL1OT5MSUS304;;;RFS;800;786;14;0;RC50OT5MSU;RC50OT5MSU;BTP đúc inner,KTL OT5M SUS304;BTP đúc inner,KTL OT5M SUS304;ZHAL;260701C01;800;3005;800;0010
260702C04;000010076375;TECO - Technically completed;2026-07-02 00:00:00;2026-06-26 00:00:00;2026-07-09 00:00:00;00060;260702C04;RC60OT5MSU;RC60OT5MSU;BTPđan lưới thép,CL1OT5MSUS304;BTPđan lưới thép,CL1OT5MSUS304;;;RFS;800;786;14;0;RC5505DOT5M;RC5505DOT5M;BTP đã chia cuộn OT5M;BTP đã chia cuộn OT5M;ZHAL;260630C01;0;3005;466;0020
260702C04;000010076375;TECO - Technically completed;2026-07-02 00:00:00;2026-06-26 00:00:00;2026-07-09 00:00:00;00060;260702C04;RC60OT5MSU;RC60OT5MSU;BTPđan lưới thép,CL1OT5MSUS304;BTPđan lưới thép,CL1OT5MSUS304;;;RFS;800;786;14;0;RC5505DOT5M;RC5505DOT5M;BTP đã chia cuộn OT5M;BTP đã chia cuộn OT5M;ZHAL;260530C01;0;3005;37;0020
260702C04;000010076375;TECO - Technically completed;2026-07-02 00:00:00;2026-06-26 00:00:00;2026-07-09 00:00:00;00060;260702C04;RC60OT5MSU;RC60OT5MSU;BTPđan lưới thép,CL1OT5MSUS304;BTPđan lưới thép,CL1OT5MSUS304;;;RFS;800;786;14;0;RC5505DOT5M;RC5505DOT5M;BTP đã chia cuộn OT5M;BTP đã chia cuộn OT5M;ZHAL;260505C03;466.064;3005;35;0020
260702C03;000010076379;TECO - Technically completed;2026-07-02 00:00:00;2026-06-26 00:00:00;2026-07-09 00:00:00;00065;260702C03;RC65OT5M;RC65OT5M;BTP cắt tách,ép,cuộn lại 2 OT5M;BTP cắt tách,ép,cuộn lại 2 OT5M;;;RFS;800;793;0;0;RC60OT5M;RC60OT5M;BTP đan lưới thép,cuộn lại 1OT5M;BTP đan lưới thép,cuộn lại 1OT5M;ZHAL;260626C06;800;3005;793;0010
260702C20;000010076396;TECO - Technically completed;2026-07-02 00:00:00;2026-06-26 00:00:00;2026-07-09 00:00:00;00065;260702C20;RC65OT5M;RC65OT5M;BTP cắt tách,ép,cuộn lại 2 OT5M;BTP cắt tách,ép,cuộn lại 2 OT5M;;;RFS;800;782;13;0;RC60OT5M;RC60OT5M;BTP đan lưới thép,cuộn lại 1OT5M;BTP đan lưới thép,cuộn lại 1OT5M;ZHAL;260626C23;800;3005;795;0010
260702C25;000010076401;TECO - Technically completed;2026-07-02 00:00:00;2026-06-26 00:00:00;2026-07-09 00:00:00;00065;260702C25;RC65OT5M;RC65OT5M;BTP cắt tách,ép,cuộn lại 2 OT5M;BTP cắt tách,ép,cuộn lại 2 OT5M;;;RFS;800;795;5;0;RC60OT5M;RC60OT5M;BTP đan lưới thép,cuộn lại 1OT5M;BTP đan lưới thép,cuộn lại 1OT5M;ZHAL;260626C28;800;3005;800;0010
260702C27;000010076403;TECO - Technically completed;2026-07-02 00:00:00;2026-06-26 00:00:00;2026-07-09 00:00:00;00065;260702C27;RC65OT5M;RC65OT5M;BTP cắt tách,ép,cuộn lại 2 OT5M;BTP cắt tách,ép,cuộn lại 2 OT5M;;;RFS;800;795;3;0;RC60OT5M;RC60OT5M;BTP đan lưới thép,cuộn lại 1OT5M;BTP đan lưới thép,cuộn lại 1OT5M;ZHAL;260626C30;800;3005;798;0010
260702C12;000010076424;TECO - Technically completed;2026-07-02 00:00:00;2026-06-26 00:00:00;2026-07-09 00:00:00;00065;260702C12;RC65OT5MSU;RC65OT5MSU;BTP cắt tách,ép,CL2OT5M SUS304;BTP cắt tách,ép,CL2OT5M SUS304;;;RFS;800;794;3;0;RC60OT5MSU;RC60OT5MSU;BTPđan lưới thép,CL1OT5MSUS304;BTPđan lưới thép,CL1OT5MSUS304;ZHAL;260701C12;800;3005;797;0010
260702C09;000010076455;TECO - Technically completed;2026-07-02 00:00:00;2026-06-26 00:00:00;2026-07-09 00:00:00;00070;260702C09;RC70OT5M;RC70OT5M;BTP đã đúc outer HU OT5M;BTP đã đúc outer HU OT5M;;;RFS;800;786;8;0;PL02X173V;PL02X173V;Urethane Ubeheart Resin;Nhựa Urethane Ubeheart;ZROH;250930;561.6;;557;0010
260702C09;000010076455;TECO - Technically completed;2026-07-02 00:00:00;2026-06-26 00:00:00;2026-07-09 00:00:00;00070;260702C09;RC70OT5M;RC70OT5M;BTP đã đúc outer HU OT5M;BTP đã đúc outer HU OT5M;;;RFS;800;786;8;0;RC65OT5M;RC65OT5M;BTP cắt tách,ép,cuộn lại 2 OT5M;BTP cắt tách,ép,cuộn lại 2 OT5M;ZHAL;260701C18;800;;794;0020
260702C10;000010076456;TECO - Technically completed;2026-07-02 00:00:00;2026-06-26 00:00:00;2026-07-09 00:00:00;00070;260702C10;RC70OT5M;RC70OT5M;BTP đã đúc outer HU OT5M;BTP đã đúc outer HU OT5M;;;RFS;800;765;7;0;PL02X173V;PL02X173V;Urethane Ubeheart Resin;Nhựa Urethane Ubeheart;ZROH;250930;561.6;;541;0010
260702C10;000010076456;TECO - Technically completed;2026-07-02 00:00:00;2026-06-26 00:00:00;2026-07-09 00:00:00;00070;260702C10;RC70OT5M;RC70OT5M;BTP đã đúc outer HU OT5M;BTP đã đúc outer HU OT5M;;;RFS;800;765;7;0;RC65OT5M;RC65OT5M;BTP cắt tách,ép,cuộn lại 2 OT5M;BTP cắt tách,ép,cuộn lại 2 OT5M;ZHAL;260701C19;800;;772;0020
260702C11;000010076457;TECO - Technically completed;2026-07-02 00:00:00;2026-06-26 00:00:00;2026-07-09 00:00:00;00070;260702C11;RC70OT5M;RC70OT5M;BTP đã đúc outer HU OT5M;BTP đã đúc outer HU OT5M;;;RFS;800;770;7;0;PL02X173V;PL02X173V;Urethane Ubeheart Resin;Nhựa Urethane Ubeheart;ZROH;250930;561.6;;545;0010
260702C11;000010076457;TECO - Technically completed;2026-07-02 00:00:00;2026-06-26 00:00:00;2026-07-09 00:00:00;00070;260702C11;RC70OT5M;RC70OT5M;BTP đã đúc outer HU OT5M;BTP đã đúc outer HU OT5M;;;RFS;800;770;7;0;RC65OT5M;RC65OT5M;BTP cắt tách,ép,cuộn lại 2 OT5M;BTP cắt tách,ép,cuộn lại 2 OT5M;ZHAL;260701C20;800;;777;0020
260702C12;000010076458;TECO - Technically completed;2026-07-02 00:00:00;2026-06-26 00:00:00;2026-07-09 00:00:00;00070;260702C12;RC70OT5M;RC70OT5M;BTP đã đúc outer HU OT5M;BTP đã đúc outer HU OT5M;;;RFS;800;786;7;0;PL02X173V;PL02X173V;Urethane Ubeheart Resin;Nhựa Urethane Ubeheart;ZROH;250930;561.6;;557;0010
260702C12;000010076458;TECO - Technically completed;2026-07-02 00:00:00;2026-06-26 00:00:00;2026-07-09 00:00:00;00070;260702C12;RC70OT5M;RC70OT5M;BTP đã đúc outer HU OT5M;BTP đã đúc outer HU OT5M;;;RFS;800;786;7;0;RC65OT5M;RC65OT5M;BTP cắt tách,ép,cuộn lại 2 OT5M;BTP cắt tách,ép,cuộn lại 2 OT5M;ZHAL;260701C21;800;;793;0020
260702C10;000010076468;TECO - Technically completed;2026-07-02 00:00:00;2026-06-26 00:00:00;2026-07-09 00:00:00;00075;260702C10;RC75GOT5MSU;RC75GOT5MSU;BTP đã CRL, sấy HG OT5M SUS304;BTP đã CRL, sấy HG OT5M SUS304;;;RFS;600;590;1;0;RC70GOT5MSU;RC70GOT5MSU;BTP đã đúc Outer HGOT5M SUS304;BTP đã đúc Outer HGOT5M SUS304;ZHAL;260702C10;799.2;3005;788;0010
260702C11;000010076469;TECO - Technically completed;2026-07-02 00:00:00;2026-06-26 00:00:00;2026-07-09 00:00:00;00075;260702C11;RC75GOT5MSU;RC75GOT5MSU;BTP đã CRL, sấy HG OT5M SUS304;BTP đã CRL, sấy HG OT5M SUS304;;;RFS;600;593;0;0;RC70GOT5MSU;RC70GOT5MSU;BTP đã đúc Outer HGOT5M SUS304;BTP đã đúc Outer HGOT5M SUS304;ZHAL;260702C11;799.2;3005;791;0010
260702C12;000010076470;TECO - Technically completed;2026-07-02 00:00:00;2026-06-26 00:00:00;2026-07-09 00:00:00;00075;260702C12;RC75GOT5MSU;RC75GOT5MSU;BTP đã CRL, sấy HG OT5M SUS304;BTP đã CRL, sấy HG OT5M SUS304;;;RFS;600;591;1;0;RC70GOT5MSU;RC70GOT5MSU;BTP đã đúc Outer HGOT5M SUS304;BTP đã đúc Outer HGOT5M SUS304;ZHAL;260702C12;799.2;3005;789;0010
260702C01;000010076471;TECO - Technically completed;2026-07-02 00:00:00;2026-06-26 00:00:00;2026-07-09 00:00:00;00075;260702C01;RC75OT5M;RC75OT5M;BTP đã cắt rút lõi, sấy HU OT5M;BTP đã cắt rút lõi, sấy HU OT5M;;;RFS;600;586;0;0;RC70OT5M;RC70OT5M;BTP đã đúc outer HU OT5M;BTP đã đúc outer HU OT5M;ZHAL;260702C01;799.2;;781;0010
260702C02;000010076472;TECO - Technically completed;2026-07-02 00:00:00;2026-06-26 00:00:00;2026-07-09 00:00:00;00075;260702C02;RC75OT5M;RC75OT5M;BTP đã cắt rút lõi, sấy HU OT5M;BTP đã cắt rút lõi, sấy HU OT5M;;;RFS;600;591;0;0;RC70OT5M;RC70OT5M;BTP đã đúc outer HU OT5M;BTP đã đúc outer HU OT5M;ZHAL;260702C02;799.2;;788;0010
260702C03;000010076473;TECO - Technically completed;2026-07-02 00:00:00;2026-06-26 00:00:00;2026-07-09 00:00:00;00075;260702C03;RC75OT5M;RC75OT5M;BTP đã cắt rút lõi, sấy HU OT5M;BTP đã cắt rút lõi, sấy HU OT5M;;;RFS;600;579;1;0;RC70OT5M;RC70OT5M;BTP đã đúc outer HU OT5M;BTP đã đúc outer HU OT5M;ZHAL;260702C03;799.2;;773;0010
260702C04;000010076474;TECO - Technically completed;2026-07-02 00:00:00;2026-06-26 00:00:00;2026-07-09 00:00:00;00075;260702C04;RC75OT5M;RC75OT5M;BTP đã cắt rút lõi, sấy HU OT5M;BTP đã cắt rút lõi, sấy HU OT5M;;;RFS;600;590;2;0;RC70OT5M;RC70OT5M;BTP đã đúc outer HU OT5M;BTP đã đúc outer HU OT5M;ZHAL;260702C04;799.2;;789;0010
260702C05;000010076475;TECO - Technically completed;2026-07-02 00:00:00;2026-06-26 00:00:00;2026-07-09 00:00:00;00075;260702C05;RC75OT5M;RC75OT5M;BTP đã cắt rút lõi, sấy HU OT5M;BTP đã cắt rút lõi, sấy HU OT5M;;;RFS;600;583;5;0;RC70OT5M;RC70OT5M;BTP đã đúc outer HU OT5M;BTP đã đúc outer HU OT5M;ZHAL;260702C05;799.2;;784;0010
260702C08;000010076478;TECO - Technically completed;2026-07-02 00:00:00;2026-06-26 00:00:00;2026-07-09 00:00:00;00075;260702C08;RC75OT5M;RC75OT5M;BTP đã cắt rút lõi, sấy HU OT5M;BTP đã cắt rút lõi, sấy HU OT5M;;;RFS;600;584;2;0;RC70OT5M;RC70OT5M;BTP đã đúc outer HU OT5M;BTP đã đúc outer HU OT5M;ZHAL;260702C08;799.2;;781;0010
260702C09;000010076479;REL - Released;2026-07-02 00:00:00;2026-06-26 00:00:00;2026-07-09 00:00:00;00075;260702C09;RC75OT5M;RC75OT5M;BTP đã cắt rút lõi, sấy HU OT5M;BTP đã cắt rút lõi, sấy HU OT5M;;;RFS;600;586;0;0;RC70OT5M;RC70OT5M;BTP đã đúc outer HU OT5M;BTP đã đúc outer HU OT5M;ZHAL;260702C09;799.2;;786;0010
260702C10;000010076480;REL - Released;2026-07-02 00:00:00;2026-06-26 00:00:00;2026-07-09 00:00:00;00075;260702C10;RC75OT5M;RC75OT5M;BTP đã cắt rút lõi, sấy HU OT5M;BTP đã cắt rút lõi, sấy HU OT5M;;;RFS;600;572;0;0;RC70OT5M;RC70OT5M;BTP đã đúc outer HU OT5M;BTP đã đúc outer HU OT5M;ZHAL;260702C10;799.2;;765;0010
260702C12;000010076482;REL - Released;2026-07-02 00:00:00;2026-06-26 00:00:00;2026-07-09 00:00:00;00075;260702C12;RC75OT5M;RC75OT5M;BTP đã cắt rút lõi, sấy HU OT5M;BTP đã cắt rút lõi, sấy HU OT5M;;;RFS;600;585;0;0;RC70OT5M;RC70OT5M;BTP đã đúc outer HU OT5M;BTP đã đúc outer HU OT5M;ZHAL;260702C12;799.2;;786;0010
260702C01;000010076483;TECO - Technically completed;2026-07-02 00:00:00;2026-06-26 00:00:00;2026-07-09 00:00:00;00080;260702C01;RC80GOT5MSU;RC80GOT5MSU;Đã KT chuyền HG OT5MSUS304;Đã KT chuyền HG OT5MSUS304;;;RFS;7200;6860;193;0;RC75GOT5MSU;RC75GOT5MSU;BTP đã CRL, sấy HG OT5M SUS304;BTP đã CRL, sấy HG OT5M SUS304;ZHAL;260701C12;0;3005;586;0010
260702C01;000010076483;TECO - Technically completed;2026-07-02 00:00:00;2026-06-26 00:00:00;2026-07-09 00:00:00;00080;260702C01;RC80GOT5MSU;RC80GOT5MSU;Đã KT chuyền HG OT5MSUS304;Đã KT chuyền HG OT5MSUS304;;;RFS;7200;6860;193;0;RC75GOT5MSU;RC75GOT5MSU;BTP đã CRL, sấy HG OT5M SUS304;BTP đã CRL, sấy HG OT5M SUS304;ZHAL;260701C11;0;3005;592;0010
260702C01;000010076483;TECO - Technically completed;2026-07-02 00:00:00;2026-06-26 00:00:00;2026-07-09 00:00:00;00080;260702C01;RC80GOT5MSU;RC80GOT5MSU;Đã KT chuyền HG OT5MSUS304;Đã KT chuyền HG OT5MSUS304;;;RFS;7200;6860;193;0;RC75GOT5MSU;RC75GOT5MSU;BTP đã CRL, sấy HG OT5M SUS304;BTP đã CRL, sấy HG OT5M SUS304;ZHAL;260701C10;0;3005;587;0010
260702C01;000010076483;TECO - Technically completed;2026-07-02 00:00:00;2026-06-26 00:00:00;2026-07-09 00:00:00;00080;260702C01;RC80GOT5MSU;RC80GOT5MSU;Đã KT chuyền HG OT5MSUS304;Đã KT chuyền HG OT5MSUS304;;;RFS;7200;6860;193;0;RC75GOT5MSU;RC75GOT5MSU;BTP đã CRL, sấy HG OT5M SUS304;BTP đã CRL, sấy HG OT5M SUS304;ZHAL;260701C09;0;3005;590;0010
260702C01;000010076483;TECO - Technically completed;2026-07-02 00:00:00;2026-06-26 00:00:00;2026-07-09 00:00:00;00080;260702C01;RC80GOT5MSU;RC80GOT5MSU;Đã KT chuyền HG OT5MSUS304;Đã KT chuyền HG OT5MSUS304;;;RFS;7200;6860;193;0;RC75GOT5MSU;RC75GOT5MSU;BTP đã CRL, sấy HG OT5M SUS304;BTP đã CRL, sấy HG OT5M SUS304;ZHAL;260701C08;0;3005;589;0010
260702C01;000010076483;TECO - Technically completed;2026-07-02 00:00:00;2026-06-26 00:00:00;2026-07-09 00:00:00;00080;260702C01;RC80GOT5MSU;RC80GOT5MSU;Đã KT chuyền HG OT5MSUS304;Đã KT chuyền HG OT5MSUS304;;;RFS;7200;6860;193;0;RC75GOT5MSU;RC75GOT5MSU;BTP đã CRL, sấy HG OT5M SUS304;BTP đã CRL, sấy HG OT5M SUS304;ZHAL;260701C07;0;3005;591;0010
260702C01;000010076483;TECO - Technically completed;2026-07-02 00:00:00;2026-06-26 00:00:00;2026-07-09 00:00:00;00080;260702C01;RC80GOT5MSU;RC80GOT5MSU;Đã KT chuyền HG OT5MSUS304;Đã KT chuyền HG OT5MSUS304;;;RFS;7200;6860;193;0;RC75GOT5MSU;RC75GOT5MSU;BTP đã CRL, sấy HG OT5M SUS304;BTP đã CRL, sấy HG OT5M SUS304;ZHAL;260701C06;0;3005;590;0010
260702C01;000010076483;TECO - Technically completed;2026-07-02 00:00:00;2026-06-26 00:00:00;2026-07-09 00:00:00;00080;260702C01;RC80GOT5MSU;RC80GOT5MSU;Đã KT chuyền HG OT5MSUS304;Đã KT chuyền HG OT5MSUS304;;;RFS;7200;6860;193;0;RC75GOT5MSU;RC75GOT5MSU;BTP đã CRL, sấy HG OT5M SUS304;BTP đã CRL, sấy HG OT5M SUS304;ZHAL;260701C05;0;3005;591;0010
260702C01;000010076483;TECO - Technically completed;2026-07-02 00:00:00;2026-06-26 00:00:00;2026-07-09 00:00:00;00080;260702C01;RC80GOT5MSU;RC80GOT5MSU;Đã KT chuyền HG OT5MSUS304;Đã KT chuyền HG OT5MSUS304;;;RFS;7200;6860;193;0;RC75GOT5MSU;RC75GOT5MSU;BTP đã CRL, sấy HG OT5M SUS304;BTP đã CRL, sấy HG OT5M SUS304;ZHAL;260701C04;0;3005;589;0010
260702C01;000010076483;TECO - Technically completed;2026-07-02 00:00:00;2026-06-26 00:00:00;2026-07-09 00:00:00;00080;260702C01;RC80GOT5MSU;RC80GOT5MSU;Đã KT chuyền HG OT5MSUS304;Đã KT chuyền HG OT5MSUS304;;;RFS;7200;6860;193;0;RC75GOT5MSU;RC75GOT5MSU;BTP đã CRL, sấy HG OT5M SUS304;BTP đã CRL, sấy HG OT5M SUS304;ZHAL;260701C03;0;3005;586;0010
260702C01;000010076483;TECO - Technically completed;2026-07-02 00:00:00;2026-06-26 00:00:00;2026-07-09 00:00:00;00080;260702C01;RC80GOT5MSU;RC80GOT5MSU;Đã KT chuyền HG OT5MSUS304;Đã KT chuyền HG OT5MSUS304;;;RFS;7200;6860;193;0;RC75GOT5MSU;RC75GOT5MSU;BTP đã CRL, sấy HG OT5M SUS304;BTP đã CRL, sấy HG OT5M SUS304;ZHAL;260701C02;0;3005;588;0010
260702C01;000010076483;TECO - Technically completed;2026-07-02 00:00:00;2026-06-26 00:00:00;2026-07-09 00:00:00;00080;260702C01;RC80GOT5MSU;RC80GOT5MSU;Đã KT chuyền HG OT5MSUS304;Đã KT chuyền HG OT5MSUS304;;;RFS;7200;6860;193;0;RC75GOT5MSU;RC75GOT5MSU;BTP đã CRL, sấy HG OT5M SUS304;BTP đã CRL, sấy HG OT5M SUS304;ZHAL;260701C01;7200;3005;585;0010
260702C01;000010076484;TECO - Technically completed;2026-07-02 00:00:00;2026-06-26 00:00:00;2026-07-09 00:00:00;00080;260702C01;RC80OT5M;RC80OT5M;Đã kiểm tra chuyền HU OT5M;Đã kiểm tra chuyền HU OT5M;;;RFS;7200;6775;164;0;RC75OT5M;RC75OT5M;BTP đã cắt rút lõi, sấy HU OT5M;BTP đã cắt rút lõi, sấy HU OT5M;ZHAL;260701C12;0;;582;0010
260702C01;000010076484;TECO - Technically completed;2026-07-02 00:00:00;2026-06-26 00:00:00;2026-07-09 00:00:00;00080;260702C01;RC80OT5M;RC80OT5M;Đã kiểm tra chuyền HU OT5M;Đã kiểm tra chuyền HU OT5M;;;RFS;7200;6775;164;0;RC75OT5M;RC75OT5M;BTP đã cắt rút lõi, sấy HU OT5M;BTP đã cắt rút lõi, sấy HU OT5M;ZHAL;260701C11;0;;558;0010
260702C01;000010076484;TECO - Technically completed;2026-07-02 00:00:00;2026-06-26 00:00:00;2026-07-09 00:00:00;00080;260702C01;RC80OT5M;RC80OT5M;Đã kiểm tra chuyền HU OT5M;Đã kiểm tra chuyền HU OT5M;;;RFS;7200;6775;164;0;RC75OT5M;RC75OT5M;BTP đã cắt rút lõi, sấy HU OT5M;BTP đã cắt rút lõi, sấy HU OT5M;ZHAL;260701C10;0;;591;0010
260702C01;000010076484;TECO - Technically completed;2026-07-02 00:00:00;2026-06-26 00:00:00;2026-07-09 00:00:00;00080;260702C01;RC80OT5M;RC80OT5M;Đã kiểm tra chuyền HU OT5M;Đã kiểm tra chuyền HU OT5M;;;RFS;7200;6775;164;0;RC75OT5M;RC75OT5M;BTP đã cắt rút lõi, sấy HU OT5M;BTP đã cắt rút lõi, sấy HU OT5M;ZHAL;260701C09;0;;579;0010
260702C01;000010076484;TECO - Technically completed;2026-07-02 00:00:00;2026-06-26 00:00:00;2026-07-09 00:00:00;00080;260702C01;RC80OT5M;RC80OT5M;Đã kiểm tra chuyền HU OT5M;Đã kiểm tra chuyền HU OT5M;;;RFS;7200;6775;164;0;RC75OT5M;RC75OT5M;BTP đã cắt rút lõi, sấy HU OT5M;BTP đã cắt rút lõi, sấy HU OT5M;ZHAL;260701C08;0;;577;0010
260702C01;000010076484;TECO - Technically completed;2026-07-02 00:00:00;2026-06-26 00:00:00;2026-07-09 00:00:00;00080;260702C01;RC80OT5M;RC80OT5M;Đã kiểm tra chuyền HU OT5M;Đã kiểm tra chuyền HU OT5M;;;RFS;7200;6775;164;0;RC75OT5M;RC75OT5M;BTP đã cắt rút lõi, sấy HU OT5M;BTP đã cắt rút lõi, sấy HU OT5M;ZHAL;260701C07;0;;578;0010
260702C01;000010076484;TECO - Technically completed;2026-07-02 00:00:00;2026-06-26 00:00:00;2026-07-09 00:00:00;00080;260702C01;RC80OT5M;RC80OT5M;Đã kiểm tra chuyền HU OT5M;Đã kiểm tra chuyền HU OT5M;;;RFS;7200;6775;164;0;RC75OT5M;RC75OT5M;BTP đã cắt rút lõi, sấy HU OT5M;BTP đã cắt rút lõi, sấy HU OT5M;ZHAL;260701C06;0;;590;0010
260702C01;000010076484;TECO - Technically completed;2026-07-02 00:00:00;2026-06-26 00:00:00;2026-07-09 00:00:00;00080;260702C01;RC80OT5M;RC80OT5M;Đã kiểm tra chuyền HU OT5M;Đã kiểm tra chuyền HU OT5M;;;RFS;7200;6775;164;0;RC75OT5M;RC75OT5M;BTP đã cắt rút lõi, sấy HU OT5M;BTP đã cắt rút lõi, sấy HU OT5M;ZHAL;260701C05;0;;578;0010
260702C01;000010076484;TECO - Technically completed;2026-07-02 00:00:00;2026-06-26 00:00:00;2026-07-09 00:00:00;00080;260702C01;RC80OT5M;RC80OT5M;Đã kiểm tra chuyền HU OT5M;Đã kiểm tra chuyền HU OT5M;;;RFS;7200;6775;164;0;RC75OT5M;RC75OT5M;BTP đã cắt rút lõi, sấy HU OT5M;BTP đã cắt rút lõi, sấy HU OT5M;ZHAL;260701C04;0;;577;0010
260702C01;000010076484;TECO - Technically completed;2026-07-02 00:00:00;2026-06-26 00:00:00;2026-07-09 00:00:00;00080;260702C01;RC80OT5M;RC80OT5M;Đã kiểm tra chuyền HU OT5M;Đã kiểm tra chuyền HU OT5M;;;RFS;7200;6775;164;0;RC75OT5M;RC75OT5M;BTP đã cắt rút lõi, sấy HU OT5M;BTP đã cắt rút lõi, sấy HU OT5M;ZHAL;260701C03;0;;588;0010
260702C01;000010076484;TECO - Technically completed;2026-07-02 00:00:00;2026-06-26 00:00:00;2026-07-09 00:00:00;00080;260702C01;RC80OT5M;RC80OT5M;Đã kiểm tra chuyền HU OT5M;Đã kiểm tra chuyền HU OT5M;;;RFS;7200;6775;164;0;RC75OT5M;RC75OT5M;BTP đã cắt rút lõi, sấy HU OT5M;BTP đã cắt rút lõi, sấy HU OT5M;ZHAL;260701C02;0;;577;0010
260702C01;000010076484;TECO - Technically completed;2026-07-02 00:00:00;2026-06-26 00:00:00;2026-07-09 00:00:00;00080;260702C01;RC80OT5M;RC80OT5M;Đã kiểm tra chuyền HU OT5M;Đã kiểm tra chuyền HU OT5M;;;RFS;7200;6775;164;0;RC75OT5M;RC75OT5M;BTP đã cắt rút lõi, sấy HU OT5M;BTP đã cắt rút lõi, sấy HU OT5M;ZHAL;260701C01;7200;;575;0010
260702C01;000010076485;TECO - Technically completed;2026-07-02 00:00:00;2026-06-26 00:00:00;2026-07-09 00:00:00;00080;260702C01;RC80OT6MSU;RC80OT6MSU;Đã kiểm tra chuyền HU OT6MSUS304;Đã kiểm tra chuyền HU OT6MSUS304;;;RFS;5664;5258;175;0;RC75OT6MSU;RC75OT6MSU;BTP đã CRL, sấy HU OT6MSUS304;BTP đã CRL, sấy HU OT6MSUS304;ZHAL;260701C01;5664;3006;460;0010
260702C01;000010076485;TECO - Technically completed;2026-07-02 00:00:00;2026-06-26 00:00:00;2026-07-09 00:00:00;00080;260702C01;RC80OT6MSU;RC80OT6MSU;Đã kiểm tra chuyền HU OT6MSUS304;Đã kiểm tra chuyền HU OT6MSUS304;;;RFS;5664;5258;175;0;RC75OT6MSU;RC75OT6MSU;BTP đã CRL, sấy HU OT6MSUS304;BTP đã CRL, sấy HU OT6MSUS304;ZHAL;260701C02;0;3006;462;0010
260702C01;000010076485;TECO - Technically completed;2026-07-02 00:00:00;2026-06-26 00:00:00;2026-07-09 00:00:00;00080;260702C01;RC80OT6MSU;RC80OT6MSU;Đã kiểm tra chuyền HU OT6MSUS304;Đã kiểm tra chuyền HU OT6MSUS304;;;RFS;5664;5258;175;0;RC75OT6MSU;RC75OT6MSU;BTP đã CRL, sấy HU OT6MSUS304;BTP đã CRL, sấy HU OT6MSUS304;ZHAL;260701C03;0;3006;460;0010
260702C01;000010076485;TECO - Technically completed;2026-07-02 00:00:00;2026-06-26 00:00:00;2026-07-09 00:00:00;00080;260702C01;RC80OT6MSU;RC80OT6MSU;Đã kiểm tra chuyền HU OT6MSUS304;Đã kiểm tra chuyền HU OT6MSUS304;;;RFS;5664;5258;175;0;RC75OT6MSU;RC75OT6MSU;BTP đã CRL, sấy HU OT6MSUS304;BTP đã CRL, sấy HU OT6MSUS304;ZHAL;260701C04;0;3006;458;0010
260702C01;000010076485;TECO - Technically completed;2026-07-02 00:00:00;2026-06-26 00:00:00;2026-07-09 00:00:00;00080;260702C01;RC80OT6MSU;RC80OT6MSU;Đã kiểm tra chuyền HU OT6MSUS304;Đã kiểm tra chuyền HU OT6MSUS304;;;RFS;5664;5258;175;0;RC75OT6MSU;RC75OT6MSU;BTP đã CRL, sấy HU OT6MSUS304;BTP đã CRL, sấy HU OT6MSUS304;ZHAL;260701C05;0;3006;457;0010
260702C01;000010076485;TECO - Technically completed;2026-07-02 00:00:00;2026-06-26 00:00:00;2026-07-09 00:00:00;00080;260702C01;RC80OT6MSU;RC80OT6MSU;Đã kiểm tra chuyền HU OT6MSUS304;Đã kiểm tra chuyền HU OT6MSUS304;;;RFS;5664;5258;175;0;RC75OT6MSU;RC75OT6MSU;BTP đã CRL, sấy HU OT6MSUS304;BTP đã CRL, sấy HU OT6MSUS304;ZHAL;260701C06;0;3006;459;0010
260702C01;000010076485;TECO - Technically completed;2026-07-02 00:00:00;2026-06-26 00:00:00;2026-07-09 00:00:00;00080;260702C01;RC80OT6MSU;RC80OT6MSU;Đã kiểm tra chuyền HU OT6MSUS304;Đã kiểm tra chuyền HU OT6MSUS304;;;RFS;5664;5258;175;0;RC75OT6MSU;RC75OT6MSU;BTP đã CRL, sấy HU OT6MSUS304;BTP đã CRL, sấy HU OT6MSUS304;ZHAL;260701C07;0;3006;459;0010
260702C01;000010076485;TECO - Technically completed;2026-07-02 00:00:00;2026-06-26 00:00:00;2026-07-09 00:00:00;00080;260702C01;RC80OT6MSU;RC80OT6MSU;Đã kiểm tra chuyền HU OT6MSUS304;Đã kiểm tra chuyền HU OT6MSUS304;;;RFS;5664;5258;175;0;RC75OT6MSU;RC75OT6MSU;BTP đã CRL, sấy HU OT6MSUS304;BTP đã CRL, sấy HU OT6MSUS304;ZHAL;260701C08;0;3006;456;0010
260702C01;000010076485;TECO - Technically completed;2026-07-02 00:00:00;2026-06-26 00:00:00;2026-07-09 00:00:00;00080;260702C01;RC80OT6MSU;RC80OT6MSU;Đã kiểm tra chuyền HU OT6MSUS304;Đã kiểm tra chuyền HU OT6MSUS304;;;RFS;5664;5258;175;0;RC75OT6MSU;RC75OT6MSU;BTP đã CRL, sấy HU OT6MSUS304;BTP đã CRL, sấy HU OT6MSUS304;ZHAL;260701C09;0;3006;452;0010
260702C01;000010076485;TECO - Technically completed;2026-07-02 00:00:00;2026-06-26 00:00:00;2026-07-09 00:00:00;00080;260702C01;RC80OT6MSU;RC80OT6MSU;Đã kiểm tra chuyền HU OT6MSUS304;Đã kiểm tra chuyền HU OT6MSUS304;;;RFS;5664;5258;175;0;RC75OT6MSU;RC75OT6MSU;BTP đã CRL, sấy HU OT6MSUS304;BTP đã CRL, sấy HU OT6MSUS304;ZHAL;260701C10;0;3006;456;0010
260702C01;000010076485;TECO - Technically completed;2026-07-02 00:00:00;2026-06-26 00:00:00;2026-07-09 00:00:00;00080;260702C01;RC80OT6MSU;RC80OT6MSU;Đã kiểm tra chuyền HU OT6MSUS304;Đã kiểm tra chuyền HU OT6MSUS304;;;RFS;5664;5258;175;0;RC75OT6MSU;RC75OT6MSU;BTP đã CRL, sấy HU OT6MSUS304;BTP đã CRL, sấy HU OT6MSUS304;ZHAL;260701C11;0;3006;451;0010
260702C01;000010076485;TECO - Technically completed;2026-07-02 00:00:00;2026-06-26 00:00:00;2026-07-09 00:00:00;00080;260702C01;RC80OT6MSU;RC80OT6MSU;Đã kiểm tra chuyền HU OT6MSUS304;Đã kiểm tra chuyền HU OT6MSUS304;;;RFS;5664;5258;175;0;RC75OT6MSU;RC75OT6MSU;BTP đã CRL, sấy HU OT6MSUS304;BTP đã CRL, sấy HU OT6MSUS304;ZHAL;260701C12;0;3006;440;0010
260702C01;000010076486;REL - Released;2026-07-02 00:00:00;2026-06-26 00:00:00;2026-07-09 00:00:00;00088;260702C01;RC85GT5M;RC85GT5M;Sản phẩm đã kiểm tra RFC GF HT5M;Sản phẩm đã kiểm tra RFC GF HT5M;;;RFS;7189;6830;0;0;RC80GOT5MSU;RC80GOT5MSU;Đã KT chuyền HG OT5MSUS304;Đã KT chuyền HG OT5MSUS304;ZHAL;260702C01;7189;3005;6830;0010
260702C01;000010076487;REL - Released;2026-07-02 00:00:00;2026-06-26 00:00:00;2026-07-09 00:00:00;00085;260702C01;RC85UT5M;RC85UT5M;SP đã kiểm tra RFC UBE HT5M;SP đã kiểm tra RFC UBE HT5M;;;RFS;7189;6775;0;0;RC80OT5M;RC80OT5M;Đã kiểm tra chuyền HU OT5M;Đã kiểm tra chuyền HU OT5M;ZHAL;260702C01;7189;;6775;0010
260702C01;000010076488;TECO - Technically completed;2026-07-02 00:00:00;2026-06-26 00:00:00;2026-07-09 00:00:00;00088;260702C01;RC85OT6M;RC85OT6M;SP đã kiểm tra RFC OT6M;SP đã kiểm tra RFC OT6M;;;RFS;5627;5258;0;0;RC80OT6MSU;RC80OT6MSU;Đã kiểm tra chuyền HU OT6MSUS304;Đã kiểm tra chuyền HU OT6MSUS304;ZHAL;260702C01;5627;3006;5258;0010
260703C01;000010076491;TECO - Technically completed;2026-07-03 00:00:00;2026-06-26 00:00:00;2026-07-10 00:00:00;00050;260703C01;RC50OT5M;RC50OT5M;BTP đúc inner,kiểm tra lồi OT5M;BTP đúc inner,kiểm tra lồi OT5M;;;RFS;4800;4800;52;0;PL02X073V;PL02X073V;HEART 1 RESIN;Nhựa Heart 1;ZROH;260206;5528.16;3005;5778;0010
260703C01;000010076491;TECO - Technically completed;2026-07-03 00:00:00;2026-06-26 00:00:00;2026-07-10 00:00:00;00050;260703C01;RC50OT5M;RC50OT5M;BTP đúc inner,kiểm tra lồi OT5M;BTP đúc inner,kiểm tra lồi OT5M;;;RFS;4800;4800;52;0;RF00X122V;RF00X122V;COPPER WIRE RFC φ1.22 (TVC);Dây đồng mạ thiếc RFC φ1.22 (TVC);ZROH;260226274;50890.08;3005;35027;0020
260703C01;000010076491;TECO - Technically completed;2026-07-03 00:00:00;2026-06-26 00:00:00;2026-07-10 00:00:00;00050;260703C01;RC50OT5M;RC50OT5M;BTP đúc inner,kiểm tra lồi OT5M;BTP đúc inner,kiểm tra lồi OT5M;;;RFS;4800;4800;52;0;RF00X122V;RF00X122V;COPPER WIRE RFC φ1.22 (TVC);Dây đồng mạ thiếc RFC φ1.22 (TVC);ZROH;260226275;0;3005;16412;0020
260703C02;000010076492;TECO - Technically completed;2026-07-03 00:00:00;2026-06-26 00:00:00;2026-07-10 00:00:00;00050;260703C02;RC50OT5M;RC50OT5M;BTP đúc inner,kiểm tra lồi OT5M;BTP đúc inner,kiểm tra lồi OT5M;;;RFS;4800;4800;45;0;PL02X073V;PL02X073V;HEART 1 RESIN;Nhựa Heart 1;ZROH;260206;5528.16;3005;5778;0010
260703C02;000010076492;TECO - Technically completed;2026-07-03 00:00:00;2026-06-26 00:00:00;2026-07-10 00:00:00;00050;260703C02;RC50OT5M;RC50OT5M;BTP đúc inner,kiểm tra lồi OT5M;BTP đúc inner,kiểm tra lồi OT5M;;;RFS;4800;4800;45;0;RF00X122V;RF00X122V;COPPER WIRE RFC φ1.22 (TVC);Dây đồng mạ thiếc RFC φ1.22 (TVC);ZROH;260226275;50890.08;3005;36586;0020
260703C02;000010076492;TECO - Technically completed;2026-07-03 00:00:00;2026-06-26 00:00:00;2026-07-10 00:00:00;00050;260703C02;RC50OT5M;RC50OT5M;BTP đúc inner,kiểm tra lồi OT5M;BTP đúc inner,kiểm tra lồi OT5M;;;RFS;4800;4800;45;0;RF00X122V;RF00X122V;COPPER WIRE RFC φ1.22 (TVC);Dây đồng mạ thiếc RFC φ1.22 (TVC);ZROH;260226278;0;3005;14779;0020
260703C03;000010076493;TECO - Technically completed;2026-07-03 00:00:00;2026-06-26 00:00:00;2026-07-10 00:00:00;00050;260703C03;RC50OT5M;RC50OT5M;BTP đúc inner,kiểm tra lồi OT5M;BTP đúc inner,kiểm tra lồi OT5M;;;RFS;4800;4790;58;0;PL02X073V;PL02X073V;HEART 1 RESIN;Nhựa Heart 1;ZROH;260206;5528.16;3005;5778;0010
260703C03;000010076493;TECO - Technically completed;2026-07-03 00:00:00;2026-06-26 00:00:00;2026-07-10 00:00:00;00050;260703C03;RC50OT5M;RC50OT5M;BTP đúc inner,kiểm tra lồi OT5M;BTP đúc inner,kiểm tra lồi OT5M;;;RFS;4800;4790;58;0;RF00X122V;RF00X122V;COPPER WIRE RFC φ1.22 (TVC);Dây đồng mạ thiếc RFC φ1.22 (TVC);ZROH;260226276;50890.08;3005;10711;0020
260703C03;000010076493;TECO - Technically completed;2026-07-03 00:00:00;2026-06-26 00:00:00;2026-07-10 00:00:00;00050;260703C03;RC50OT5M;RC50OT5M;BTP đúc inner,kiểm tra lồi OT5M;BTP đúc inner,kiểm tra lồi OT5M;;;RFS;4800;4790;58;0;RF00X122V;RF00X122V;COPPER WIRE RFC φ1.22 (TVC);Dây đồng mạ thiếc RFC φ1.22 (TVC);ZROH;260226277;0;3005;40691;0020
260703C04;000010076494;REL - Released;2026-07-03 00:00:00;2026-06-26 00:00:00;2026-07-10 00:00:00;00050;260703C04;RC50OT5M;RC50OT5M;BTP đúc inner,kiểm tra lồi OT5M;BTP đúc inner,kiểm tra lồi OT5M;;;RFS;4800;4800;0;0;PL02X073V;PL02X073V;HEART 1 RESIN;Nhựa Heart 1;ZROH;260206;5528.16;3005;6028;0010
260703C04;000010076494;REL - Released;2026-07-03 00:00:00;2026-06-26 00:00:00;2026-07-10 00:00:00;00050;260703C04;RC50OT5M;RC50OT5M;BTP đúc inner,kiểm tra lồi OT5M;BTP đúc inner,kiểm tra lồi OT5M;;;RFS;4800;4800;0;0;RF00X122V;RF00X122V;COPPER WIRE RFC φ1.22 (TVC);Dây đồng mạ thiếc RFC φ1.22 (TVC);ZROH;260226278;50890.08;3005;38319;0020
260703C04;000010076494;REL - Released;2026-07-03 00:00:00;2026-06-26 00:00:00;2026-07-10 00:00:00;00050;260703C04;RC50OT5M;RC50OT5M;BTP đúc inner,kiểm tra lồi OT5M;BTP đúc inner,kiểm tra lồi OT5M;;;RFS;4800;4800;0;0;RF00X122V;RF00X122V;COPPER WIRE RFC φ1.22 (TVC);Dây đồng mạ thiếc RFC φ1.22 (TVC);ZROH;260226280;0;3005;13391;0020
260703C01;000010076497;REL - Released;2026-07-03 00:00:00;2026-06-26 00:00:00;2026-07-10 00:00:00;00055;260703C01;RC5505DOT5M;RC5505DOT5M;BTP đã chia cuộn OT5M;BTP đã chia cuộn OT5M;;;RFS;5592;5126;0;0;RF00X300V;RF00X300V;SUS316 Blader φ0.05 Double (TVC);Sợi lưới thép SUS316 φ0.05 kép (TVC);ZROH;HC2601J;5592;3005;5126;0010
260703C02;000010076498;REL - Released;2026-07-03 00:00:00;2026-06-26 00:00:00;2026-07-10 00:00:00;00055;260703C02;RC5505DOT5M;RC5505DOT5M;BTP đã chia cuộn OT5M;BTP đã chia cuộn OT5M;;;RFS;5592;5126;0;0;RF00X300V;RF00X300V;SUS316 Blader φ0.05 Double (TVC);Sợi lưới thép SUS316 φ0.05 kép (TVC);ZROH;HC2601J;5592;3005;5126;0010
260703C03;000010076499;REL - Released;2026-07-03 00:00:00;2026-06-26 00:00:00;2026-07-10 00:00:00;00055;260703C03;RC5505DOT5M;RC5505DOT5M;BTP đã chia cuộn OT5M;BTP đã chia cuộn OT5M;;;RFS;5592;3262;0;0;RF00X300V;RF00X300V;SUS316 Blader φ0.05 Double (TVC);Sợi lưới thép SUS316 φ0.05 kép (TVC);ZROH;HC2601J;5592;3005;3262;0010
260703C02;000010076501;REL - Released;2026-07-04 00:00:00;2026-06-26 00:00:00;2026-07-04 00:00:00;00060;260703C02;RC60OT5L;RC60OT5L;BTP đan lưới thép, cuộn lại 1 OT5L;BTP đan lưới thép, cuộn lại 1 OT5L;;;RFS;800;771;116;0;RC50OT5L;RC50OT5L;BTP đúc inner,kiểm tra lồi OT5L;BTP đúc inner,kiểm tra lồi OT5L;ZHAL;260702C01;800;3005;800;0010
260703C02;000010076501;REL - Released;2026-07-04 00:00:00;2026-06-26 00:00:00;2026-07-04 00:00:00;00060;260703C02;RC60OT5L;RC60OT5L;BTP đan lưới thép, cuộn lại 1 OT5L;BTP đan lưới thép, cuộn lại 1 OT5L;;;RFS;800;771;116;0;RC5505DOT5L;RC5505DOT5L;BTP đã chia cuộn OT5L;BTP đã chia cuộn OT5L;ZHAL;231011C04;488;3005;20;0020
260703C02;000010076501;REL - Released;2026-07-04 00:00:00;2026-06-26 00:00:00;2026-07-04 00:00:00;00060;260703C02;RC60OT5L;RC60OT5L;BTP đan lưới thép, cuộn lại 1 OT5L;BTP đan lưới thép, cuộn lại 1 OT5L;;;RFS;800;771;116;0;RC5505DOT5L;RC5505DOT5L;BTP đã chia cuộn OT5L;BTP đã chia cuộn OT5L;ZHAL;260518C02;0;3005;468;0020
260703C05;000010076504;TECO - Technically completed;2026-07-03 00:00:00;2026-06-26 00:00:00;2026-07-10 00:00:00;00060;260703C05;RC60OT5L;RC60OT5L;BTP đan lưới thép, cuộn lại 1 OT5L;BTP đan lưới thép, cuộn lại 1 OT5L;;;RFS;800;776;24;0;RC50OT5L;RC50OT5L;BTP đúc inner,kiểm tra lồi OT5L;BTP đúc inner,kiểm tra lồi OT5L;ZHAL;260702C01;800;3005;800;0010
260703C05;000010076504;TECO - Technically completed;2026-07-03 00:00:00;2026-06-26 00:00:00;2026-07-10 00:00:00;00060;260703C05;RC60OT5L;RC60OT5L;BTP đan lưới thép, cuộn lại 1 OT5L;BTP đan lưới thép, cuộn lại 1 OT5L;;;RFS;800;776;24;0;RC5505DOT5L;RC5505DOT5L;BTP đã chia cuộn OT5L;BTP đã chia cuộn OT5L;ZHAL;260702C01;488;3005;488;0020
260703C08;000010076507;TECO - Technically completed;2026-07-03 00:00:00;2026-06-26 00:00:00;2026-07-10 00:00:00;00060;260703C08;RC60OT5L;RC60OT5L;BTP đan lưới thép, cuộn lại 1 OT5L;BTP đan lưới thép, cuộn lại 1 OT5L;;;RFS;800;771;29;0;RC50OT5L;RC50OT5L;BTP đúc inner,kiểm tra lồi OT5L;BTP đúc inner,kiểm tra lồi OT5L;ZHAL;260702C02;800;3005;800;0010
260703C08;000010076507;TECO - Technically completed;2026-07-03 00:00:00;2026-06-26 00:00:00;2026-07-10 00:00:00;00060;260703C08;RC60OT5L;RC60OT5L;BTP đan lưới thép, cuộn lại 1 OT5L;BTP đan lưới thép, cuộn lại 1 OT5L;;;RFS;800;771;29;0;RC5505DOT5L;RC5505DOT5L;BTP đã chia cuộn OT5L;BTP đã chia cuộn OT5L;ZHAL;260702C01;488;3005;488;0020
260703C09;000010076508;TECO - Technically completed;2026-07-03 00:00:00;2026-06-26 00:00:00;2026-07-10 00:00:00;00060;260703C09;RC60OT5L;RC60OT5L;BTP đan lưới thép, cuộn lại 1 OT5L;BTP đan lưới thép, cuộn lại 1 OT5L;;;RFS;800;774;26;0;RC50OT5L;RC50OT5L;BTP đúc inner,kiểm tra lồi OT5L;BTP đúc inner,kiểm tra lồi OT5L;ZHAL;260702C02;800;3005;800;0010
260703C09;000010076508;TECO - Technically completed;2026-07-03 00:00:00;2026-06-26 00:00:00;2026-07-10 00:00:00;00060;260703C09;RC60OT5L;RC60OT5L;BTP đan lưới thép, cuộn lại 1 OT5L;BTP đan lưới thép, cuộn lại 1 OT5L;;;RFS;800;774;26;0;RC5505DOT5L;RC5505DOT5L;BTP đã chia cuộn OT5L;BTP đã chia cuộn OT5L;ZHAL;260702C01;488;3005;488;0020
260703C10;000010076509;TECO - Technically completed;2026-07-03 00:00:00;2026-06-26 00:00:00;2026-07-10 00:00:00;00060;260703C10;RC60OT5L;RC60OT5L;BTP đan lưới thép, cuộn lại 1 OT5L;BTP đan lưới thép, cuộn lại 1 OT5L;;;RFS;800;776;24;0;RC50OT5L;RC50OT5L;BTP đúc inner,kiểm tra lồi OT5L;BTP đúc inner,kiểm tra lồi OT5L;ZHAL;260702C02;800;3005;800;0010
260703C10;000010076509;TECO - Technically completed;2026-07-03 00:00:00;2026-06-26 00:00:00;2026-07-10 00:00:00;00060;260703C10;RC60OT5L;RC60OT5L;BTP đan lưới thép, cuộn lại 1 OT5L;BTP đan lưới thép, cuộn lại 1 OT5L;;;RFS;800;776;24;0;RC5505DOT5L;RC5505DOT5L;BTP đã chia cuộn OT5L;BTP đã chia cuộn OT5L;ZHAL;260702C01;488;3005;488;0020
260703C11;000010076510;TECO - Technically completed;2026-07-03 00:00:00;2026-06-26 00:00:00;2026-07-10 00:00:00;00060;260703C11;RC60OT5L;RC60OT5L;BTP đan lưới thép, cuộn lại 1 OT5L;BTP đan lưới thép, cuộn lại 1 OT5L;;;RFS;800;774;26;0;RC50OT5L;RC50OT5L;BTP đúc inner,kiểm tra lồi OT5L;BTP đúc inner,kiểm tra lồi OT5L;ZHAL;260702C02;800;3005;800;0010
260703C11;000010076510;TECO - Technically completed;2026-07-03 00:00:00;2026-06-26 00:00:00;2026-07-10 00:00:00;00060;260703C11;RC60OT5L;RC60OT5L;BTP đan lưới thép, cuộn lại 1 OT5L;BTP đan lưới thép, cuộn lại 1 OT5L;;;RFS;800;774;26;0;RC5505DOT5L;RC5505DOT5L;BTP đã chia cuộn OT5L;BTP đã chia cuộn OT5L;ZHAL;260702C01;488;3005;488;0020
260703C01;000010076560;TECO - Technically completed;2026-07-03 00:00:00;2026-06-26 00:00:00;2026-07-10 00:00:00;00060;260703C01;RC60OT6M;RC60OT6M;BTP đan lưới thép, cuộn lại 1 OT6M;BTP đan lưới thép, cuộn lại 1 OT6M;;;RFS;670;648;22;0;RC50OT6M;RC50OT6M;BTP đúc inner, kiểm tra lồi OT6M;BTP đúc inner, kiểm tra lồi OT6M;ZHAL;260702C01;670;3005;670;0010
260703C01;000010076560;TECO - Technically completed;2026-07-03 00:00:00;2026-06-26 00:00:00;2026-07-10 00:00:00;00060;260703C01;RC60OT6M;RC60OT6M;BTP đan lưới thép, cuộn lại 1 OT6M;BTP đan lưới thép, cuộn lại 1 OT6M;;;RFS;670;648;22;0;RC5505DOT6M;RC5505DOT6M;BTP đã chia cuộn OT6M;BTP đã chia cuộn OT6M;ZHAL;260630C01;375.2;3005;375;0020
260703C02;000010076561;TECO - Technically completed;2026-07-03 00:00:00;2026-06-26 00:00:00;2026-07-10 00:00:00;00060;260703C02;RC60OT6M;RC60OT6M;BTP đan lưới thép, cuộn lại 1 OT6M;BTP đan lưới thép, cuộn lại 1 OT6M;;;RFS;670;657;13;0;RC50OT6M;RC50OT6M;BTP đúc inner, kiểm tra lồi OT6M;BTP đúc inner, kiểm tra lồi OT6M;ZHAL;260702C01;670;3005;670;0010
260703C02;000010076561;TECO - Technically completed;2026-07-03 00:00:00;2026-06-26 00:00:00;2026-07-10 00:00:00;00060;260703C02;RC60OT6M;RC60OT6M;BTP đan lưới thép, cuộn lại 1 OT6M;BTP đan lưới thép, cuộn lại 1 OT6M;;;RFS;670;657;13;0;RC5505DOT6M;RC5505DOT6M;BTP đã chia cuộn OT6M;BTP đã chia cuộn OT6M;ZHAL;260630C01;375.2;3005;375;0020
260703C04;000010076563;TECO - Technically completed;2026-07-03 00:00:00;2026-06-26 00:00:00;2026-07-10 00:00:00;00060;260703C04;RC60OT6M;RC60OT6M;BTP đan lưới thép, cuộn lại 1 OT6M;BTP đan lưới thép, cuộn lại 1 OT6M;;;RFS;670;659;11;0;RC50OT6M;RC50OT6M;BTP đúc inner, kiểm tra lồi OT6M;BTP đúc inner, kiểm tra lồi OT6M;ZHAL;260702C01;670;3005;670;0010
260703C04;000010076563;TECO - Technically completed;2026-07-03 00:00:00;2026-06-26 00:00:00;2026-07-10 00:00:00;00060;260703C04;RC60OT6M;RC60OT6M;BTP đan lưới thép, cuộn lại 1 OT6M;BTP đan lưới thép, cuộn lại 1 OT6M;;;RFS;670;659;11;0;RC5505DOT6M;RC5505DOT6M;BTP đã chia cuộn OT6M;BTP đã chia cuộn OT6M;ZHAL;260630C01;375.2;3005;375;0020
260703C05;000010076564;TECO - Technically completed;2026-07-03 00:00:00;2026-06-26 00:00:00;2026-07-10 00:00:00;00060;260703C05;RC60OT6M;RC60OT6M;BTP đan lưới thép, cuộn lại 1 OT6M;BTP đan lưới thép, cuộn lại 1 OT6M;;;RFS;670;660;10;0;RC50OT6M;RC50OT6M;BTP đúc inner, kiểm tra lồi OT6M;BTP đúc inner, kiểm tra lồi OT6M;ZHAL;260702C01;670;3005;670;0010
260703C05;000010076564;TECO - Technically completed;2026-07-03 00:00:00;2026-06-26 00:00:00;2026-07-10 00:00:00;00060;260703C05;RC60OT6M;RC60OT6M;BTP đan lưới thép, cuộn lại 1 OT6M;BTP đan lưới thép, cuộn lại 1 OT6M;;;RFS;670;660;10;0;RC5505DOT6M;RC5505DOT6M;BTP đã chia cuộn OT6M;BTP đã chia cuộn OT6M;ZHAL;260630C01;375.2;3005;375;0020
260703C06;000010076565;TECO - Technically completed;2026-07-03 00:00:00;2026-06-26 00:00:00;2026-07-10 00:00:00;00060;260703C06;RC60OT6M;RC60OT6M;BTP đan lưới thép, cuộn lại 1 OT6M;BTP đan lưới thép, cuộn lại 1 OT6M;;;RFS;670;659;11;0;RC50OT6M;RC50OT6M;BTP đúc inner, kiểm tra lồi OT6M;BTP đúc inner, kiểm tra lồi OT6M;ZHAL;260702C01;670;3005;670;0010
260703C06;000010076565;TECO - Technically completed;2026-07-03 00:00:00;2026-06-26 00:00:00;2026-07-10 00:00:00;00060;260703C06;RC60OT6M;RC60OT6M;BTP đan lưới thép, cuộn lại 1 OT6M;BTP đan lưới thép, cuộn lại 1 OT6M;;;RFS;670;659;11;0;RC5505DOT6M;RC5505DOT6M;BTP đã chia cuộn OT6M;BTP đã chia cuộn OT6M;ZHAL;260630C01;375.2;3005;375;0020
260703C09;000010076580;TECO - Technically completed;2026-07-03 00:00:00;2026-06-26 00:00:00;2026-07-10 00:00:00;00065;260703C09;RC65OT5M;RC65OT5M;BTP cắt tách,ép,cuộn lại 2 OT5M;BTP cắt tách,ép,cuộn lại 2 OT5M;;;RFS;800;783;10;0;RC60OT5M;RC60OT5M;BTP đan lưới thép,cuộn lại 1OT5M;BTP đan lưới thép,cuộn lại 1OT5M;ZHAL;260629C34;800;3005;793;0010
260703C31;000010076602;TECO - Technically completed;2026-07-03 00:00:00;2026-06-26 00:00:00;2026-07-10 00:00:00;00065;260703C31;RC65OT5M;RC65OT5M;BTP cắt tách,ép,cuộn lại 2 OT5M;BTP cắt tách,ép,cuộn lại 2 OT5M;;;RFS;800;800;0;0;RC60OT5M;RC60OT5M;BTP đan lưới thép,cuộn lại 1OT5M;BTP đan lưới thép,cuộn lại 1OT5M;ZHAL;260630C20;800;3005;800;0010
260703C32;000010076603;TECO - Technically completed;2026-07-03 00:00:00;2026-06-26 00:00:00;2026-07-10 00:00:00;00065;260703C32;RC65OT5M;RC65OT5M;BTP cắt tách,ép,cuộn lại 2 OT5M;BTP cắt tách,ép,cuộn lại 2 OT5M;;;RFS;800;800;0;0;RC60OT5M;RC60OT5M;BTP đan lưới thép,cuộn lại 1OT5M;BTP đan lưới thép,cuộn lại 1OT5M;ZHAL;260630C21;800;3005;800;0010
260703C33;000010076604;TECO - Technically completed;2026-07-03 00:00:00;2026-06-26 00:00:00;2026-07-10 00:00:00;00065;260703C33;RC65OT5M;RC65OT5M;BTP cắt tách,ép,cuộn lại 2 OT5M;BTP cắt tách,ép,cuộn lại 2 OT5M;;;RFS;800;798;2;0;RC60OT5M;RC60OT5M;BTP đan lưới thép,cuộn lại 1OT5M;BTP đan lưới thép,cuộn lại 1OT5M;ZHAL;260630C22;800;3005;800;0010
260703C34;000010076605;TECO - Technically completed;2026-07-03 00:00:00;2026-06-26 00:00:00;2026-07-10 00:00:00;00065;260703C34;RC65OT5M;RC65OT5M;BTP cắt tách,ép,cuộn lại 2 OT5M;BTP cắt tách,ép,cuộn lại 2 OT5M;;;RFS;800;797;3;0;RC60OT5M;RC60OT5M;BTP đan lưới thép,cuộn lại 1OT5M;BTP đan lưới thép,cuộn lại 1OT5M;ZHAL;260630C23;800;3005;800;0010
260703C03;000010076610;TECO - Technically completed;2026-07-03 00:00:00;2026-06-26 00:00:00;2026-07-10 00:00:00;00065;260703C03;RC65OT5MSU;RC65OT5MSU;BTP cắt tách,ép,CL2OT5M SUS304;BTP cắt tách,ép,CL2OT5M SUS304;;;RFS;800;793;0;0;RC60OT5MSU;RC60OT5MSU;BTPđan lưới thép,CL1OT5MSUS304;BTPđan lưới thép,CL1OT5MSUS304;ZHAL;260703C03;800;3005;793;0010
260703C04;000010076611;TECO - Technically completed;2026-07-03 00:00:00;2026-06-26 00:00:00;2026-07-10 00:00:00;00065;260703C04;RC65OT5MSU;RC65OT5MSU;BTP cắt tách,ép,CL2OT5M SUS304;BTP cắt tách,ép,CL2OT5M SUS304;;;RFS;800;775;2;0;RC60OT5MSU;RC60OT5MSU;BTPđan lưới thép,CL1OT5MSUS304;BTPđan lưới thép,CL1OT5MSUS304;ZHAL;260703C04;800;3005;777;0010
260703C05;000010076612;TECO - Technically completed;2026-07-03 00:00:00;2026-06-26 00:00:00;2026-07-10 00:00:00;00065;260703C05;RC65OT5MSU;RC65OT5MSU;BTP cắt tách,ép,CL2OT5M SUS304;BTP cắt tách,ép,CL2OT5M SUS304;;;RFS;800;762;5;0;RC60OT5MSU;RC60OT5MSU;BTPđan lưới thép,CL1OT5MSUS304;BTPđan lưới thép,CL1OT5MSUS304;ZHAL;260703C05;800;3005;767;0010
260703C10;000010076617;TECO - Technically completed;2026-07-03 00:00:00;2026-06-26 00:00:00;2026-07-10 00:00:00;00065;260703C10;RC65OT5MSU;RC65OT5MSU;BTP cắt tách,ép,CL2OT5M SUS304;BTP cắt tách,ép,CL2OT5M SUS304;;;RFS;800;794;0;0;RC60OT5MSU;RC60OT5MSU;BTPđan lưới thép,CL1OT5MSUS304;BTPđan lưới thép,CL1OT5MSUS304;ZHAL;260703C10;800;3005;794;0010
260703C07;000010076626;TECO - Technically completed;2026-07-03 00:00:00;2026-06-26 00:00:00;2026-07-10 00:00:00;00065;260703C07;RC65OT6M;RC65OT6M;BTP cắt tách, ép, cuộn lại 2 OT6M;BTP cắt tách, ép, cuộn lại 2 OT6M;;;RFS;670;658;2;0;RC60OT6M;RC60OT6M;BTP đan lưới thép, cuộn lại 1 OT6M;BTP đan lưới thép, cuộn lại 1 OT6M;ZHAL;260701C07;670;3005;660;0010
260703C08;000010076627;TECO - Technically completed;2026-07-03 00:00:00;2026-06-26 00:00:00;2026-07-10 00:00:00;00065;260703C08;RC65OT6M;RC65OT6M;BTP cắt tách, ép, cuộn lại 2 OT6M;BTP cắt tách, ép, cuộn lại 2 OT6M;;;RFS;670;657;0;0;RC60OT6M;RC60OT6M;BTP đan lưới thép, cuộn lại 1 OT6M;BTP đan lưới thép, cuộn lại 1 OT6M;ZHAL;260701C08;670;3005;657;0010
260703C09;000010076628;TECO - Technically completed;2026-07-03 00:00:00;2026-06-26 00:00:00;2026-07-10 00:00:00;00065;260703C09;RC65OT6M;RC65OT6M;BTP cắt tách, ép, cuộn lại 2 OT6M;BTP cắt tách, ép, cuộn lại 2 OT6M;;;RFS;670;663;0;0;RC60OT6M;RC60OT6M;BTP đan lưới thép, cuộn lại 1 OT6M;BTP đan lưới thép, cuộn lại 1 OT6M;ZHAL;260701C09;670;3005;663;0010
260703C06;000010076637;TECO - Technically completed;2026-07-03 00:00:00;2026-06-26 00:00:00;2026-07-10 00:00:00;00070;260703C06;RC70GOT5MSU;RC70GOT5MSU;BTP đã đúc Outer HGOT5M SUS304;BTP đã đúc Outer HGOT5M SUS304;;;RFS;800;778;8;0;RF80XHT002V;RF80XHT002V;Urethane resin heart G;Nhựa Urethane Heart G;ZROH;250423;609.008;3005;598;0010
260703C06;000010076637;TECO - Technically completed;2026-07-03 00:00:00;2026-06-26 00:00:00;2026-07-10 00:00:00;00070;260703C06;RC70GOT5MSU;RC70GOT5MSU;BTP đã đúc Outer HGOT5M SUS304;BTP đã đúc Outer HGOT5M SUS304;;;RFS;800;778;8;0;RC65OT5MSU;RC65OT5MSU;BTP cắt tách,ép,CL2OT5M SUS304;BTP cắt tách,ép,CL2OT5M SUS304;ZHAL;260702C04;800;3005;786;0020
260703C07;000010076638;TECO - Technically completed;2026-07-03 00:00:00;2026-06-26 00:00:00;2026-07-10 00:00:00;00070;260703C07;RC70GOT5MSU;RC70GOT5MSU;BTP đã đúc Outer HGOT5M SUS304;BTP đã đúc Outer HGOT5M SUS304;;;RFS;800;784;7;0;RF80XHT002V;RF80XHT002V;Urethane resin heart G;Nhựa Urethane Heart G;ZROH;250423;609.008;3005;601;0010
260703C07;000010076638;TECO - Technically completed;2026-07-03 00:00:00;2026-06-26 00:00:00;2026-07-10 00:00:00;00070;260703C07;RC70GOT5MSU;RC70GOT5MSU;BTP đã đúc Outer HGOT5M SUS304;BTP đã đúc Outer HGOT5M SUS304;;;RFS;800;784;7;0;RC65OT5MSU;RC65OT5MSU;BTP cắt tách,ép,CL2OT5M SUS304;BTP cắt tách,ép,CL2OT5M SUS304;ZHAL;260702C05;800;3005;791;0020
260703C08;000010076639;TECO - Technically completed;2026-07-03 00:00:00;2026-06-26 00:00:00;2026-07-10 00:00:00;00070;260703C08;RC70GOT5MSU;RC70GOT5MSU;BTP đã đúc Outer HGOT5M SUS304;BTP đã đúc Outer HGOT5M SUS304;;;RFS;800;790;7;0;RF80XHT002V;RF80XHT002V;Urethane resin heart G;Nhựa Urethane Heart G;ZROH;250423;609.008;3005;606;0010
260703C08;000010076639;TECO - Technically completed;2026-07-03 00:00:00;2026-06-26 00:00:00;2026-07-10 00:00:00;00070;260703C08;RC70GOT5MSU;RC70GOT5MSU;BTP đã đúc Outer HGOT5M SUS304;BTP đã đúc Outer HGOT5M SUS304;;;RFS;800;790;7;0;RC65OT5MSU;RC65OT5MSU;BTP cắt tách,ép,CL2OT5M SUS304;BTP cắt tách,ép,CL2OT5M SUS304;ZHAL;260702C06;800;3005;797;0020
260703C09;000010076640;TECO - Technically completed;2026-07-03 00:00:00;2026-06-26 00:00:00;2026-07-10 00:00:00;00070;260703C09;RC70GOT5MSU;RC70GOT5MSU;BTP đã đúc Outer HGOT5M SUS304;BTP đã đúc Outer HGOT5M SUS304;;;RFS;800;781;7;0;RF80XHT002V;RF80XHT002V;Urethane resin heart G;Nhựa Urethane Heart G;ZROH;250423;609.008;3005;600;0010
260703C09;000010076640;TECO - Technically completed;2026-07-03 00:00:00;2026-06-26 00:00:00;2026-07-10 00:00:00;00070;260703C09;RC70GOT5MSU;RC70GOT5MSU;BTP đã đúc Outer HGOT5M SUS304;BTP đã đúc Outer HGOT5M SUS304;;;RFS;800;781;7;0;RC65OT5MSU;RC65OT5MSU;BTP cắt tách,ép,CL2OT5M SUS304;BTP cắt tách,ép,CL2OT5M SUS304;ZHAL;260702C07;800;3005;788;0020
260703C10;000010076641;TECO - Technically completed;2026-07-03 00:00:00;2026-06-26 00:00:00;2026-07-10 00:00:00;00070;260703C10;RC70GOT5MSU;RC70GOT5MSU;BTP đã đúc Outer HGOT5M SUS304;BTP đã đúc Outer HGOT5M SUS304;;;RFS;800;781;8;0;RF80XHT002V;RF80XHT002V;Urethane resin heart G;Nhựa Urethane Heart G;ZROH;250423;609.008;3005;601;0010
260703C10;000010076641;TECO - Technically completed;2026-07-03 00:00:00;2026-06-26 00:00:00;2026-07-10 00:00:00;00070;260703C10;RC70GOT5MSU;RC70GOT5MSU;BTP đã đúc Outer HGOT5M SUS304;BTP đã đúc Outer HGOT5M SUS304;;;RFS;800;781;8;0;RC65OT5MSU;RC65OT5MSU;BTP cắt tách,ép,CL2OT5M SUS304;BTP cắt tách,ép,CL2OT5M SUS304;ZHAL;260702C08;800;3005;789;0020
260703C11;000010076642;TECO - Technically completed;2026-07-03 00:00:00;2026-06-26 00:00:00;2026-07-10 00:00:00;00070;260703C11;RC70GOT5MSU;RC70GOT5MSU;BTP đã đúc Outer HGOT5M SUS304;BTP đã đúc Outer HGOT5M SUS304;;;RFS;800;785;8;0;RF80XHT002V;RF80XHT002V;Urethane resin heart G;Nhựa Urethane Heart G;ZROH;250423;609.008;3005;604;0010
260703C11;000010076642;TECO - Technically completed;2026-07-03 00:00:00;2026-06-26 00:00:00;2026-07-10 00:00:00;00070;260703C11;RC70GOT5MSU;RC70GOT5MSU;BTP đã đúc Outer HGOT5M SUS304;BTP đã đúc Outer HGOT5M SUS304;;;RFS;800;785;8;0;RC65OT5MSU;RC65OT5MSU;BTP cắt tách,ép,CL2OT5M SUS304;BTP cắt tách,ép,CL2OT5M SUS304;ZHAL;260702C09;800;3005;793;0020
260703C12;000010076643;TECO - Technically completed;2026-07-03 00:00:00;2026-06-26 00:00:00;2026-07-10 00:00:00;00070;260703C12;RC70GOT5MSU;RC70GOT5MSU;BTP đã đúc Outer HGOT5M SUS304;BTP đã đúc Outer HGOT5M SUS304;;;RFS;800;738;48;0;RF80XHT002V;RF80XHT002V;Urethane resin heart G;Nhựa Urethane Heart G;ZROH;250423;609.008;3005;698;0010
260703C12;000010076643;TECO - Technically completed;2026-07-03 00:00:00;2026-06-26 00:00:00;2026-07-10 00:00:00;00070;260703C12;RC70GOT5MSU;RC70GOT5MSU;BTP đã đúc Outer HGOT5M SUS304;BTP đã đúc Outer HGOT5M SUS304;;;RFS;800;738;48;0;RC65OT5MSU;RC65OT5MSU;BTP cắt tách,ép,CL2OT5M SUS304;BTP cắt tách,ép,CL2OT5M SUS304;ZHAL;260702C10;800;3005;786;0020
260703C01;000010076644;TECO - Technically completed;2026-07-03 00:00:00;2026-06-26 00:00:00;2026-07-10 00:00:00;00070;260703C01;RC70OT6MSU;RC70OT6MSU;BTP đã đúc Outer HU OT6MSUS304;BTP đã đúc Outer HU OT6MSUS304;;;RFS;670;631;30;0;PL02X173V;PL02X173V;Urethane Ubeheart Resin;Nhựa Urethane Ubeheart;ZROH;250930;1190.021;3006;2251;0010
260703C01;000010076644;TECO - Technically completed;2026-07-03 00:00:00;2026-06-26 00:00:00;2026-07-10 00:00:00;00070;260703C01;RC70OT6MSU;RC70OT6MSU;BTP đã đúc Outer HU OT6MSUS304;BTP đã đúc Outer HU OT6MSUS304;;;RFS;670;631;30;0;RC65OT6MSU;RC65OT6MSU;BTP CT, ép,cuộn lại 2 OT6MSUS304;BTP CT, ép,cuộn lại 2 OT6MSUS304;ZHAL;260702C01;670;3006;661;0020
260703C02;000010076645;TECO - Technically completed;2026-07-03 00:00:00;2026-06-26 00:00:00;2026-07-10 00:00:00;00070;260703C02;RC70OT6MSU;RC70OT6MSU;BTP đã đúc Outer HU OT6MSUS304;BTP đã đúc Outer HU OT6MSUS304;;;RFS;670;647;12;0;PL02X173V;PL02X173V;Urethane Ubeheart Resin;Nhựa Urethane Ubeheart;ZROH;250930;1190.021;3006;2605;0010
260703C02;000010076645;TECO - Technically completed;2026-07-03 00:00:00;2026-06-26 00:00:00;2026-07-10 00:00:00;00070;260703C02;RC70OT6MSU;RC70OT6MSU;BTP đã đúc Outer HU OT6MSUS304;BTP đã đúc Outer HU OT6MSUS304;;;RFS;670;647;12;0;RC65OT6MSU;RC65OT6MSU;BTP CT, ép,cuộn lại 2 OT6MSUS304;BTP CT, ép,cuộn lại 2 OT6MSUS304;ZHAL;260702C02;670;3006;659;0020
260703C03;000010076646;TECO - Technically completed;2026-07-03 00:00:00;2026-06-26 00:00:00;2026-07-10 00:00:00;00070;260703C03;RC70OT6MSU;RC70OT6MSU;BTP đã đúc Outer HU OT6MSUS304;BTP đã đúc Outer HU OT6MSUS304;;;RFS;670;639;23;0;PL02X173V;PL02X173V;Urethane Ubeheart Resin;Nhựa Urethane Ubeheart;ZROH;250930;1190.021;3006;1814;0010
260703C03;000010076646;TECO - Technically completed;2026-07-03 00:00:00;2026-06-26 00:00:00;2026-07-10 00:00:00;00070;260703C03;RC70OT6MSU;RC70OT6MSU;BTP đã đúc Outer HU OT6MSUS304;BTP đã đúc Outer HU OT6MSUS304;;;RFS;670;639;23;0;RC65OT6MSU;RC65OT6MSU;BTP CT, ép,cuộn lại 2 OT6MSUS304;BTP CT, ép,cuộn lại 2 OT6MSUS304;ZHAL;260702C03;670;3006;662;0020
260703C04;000010076647;TECO - Technically completed;2026-07-03 00:00:00;2026-06-26 00:00:00;2026-07-10 00:00:00;00070;260703C04;RC70OT6MSU;RC70OT6MSU;BTP đã đúc Outer HU OT6MSUS304;BTP đã đúc Outer HU OT6MSUS304;;;RFS;670;650;7;0;PL02X173V;PL02X173V;Urethane Ubeheart Resin;Nhựa Urethane Ubeheart;ZROH;250930;1190.021;3006;1166;0010
260703C04;000010076647;TECO - Technically completed;2026-07-03 00:00:00;2026-06-26 00:00:00;2026-07-10 00:00:00;00070;260703C04;RC70OT6MSU;RC70OT6MSU;BTP đã đúc Outer HU OT6MSUS304;BTP đã đúc Outer HU OT6MSUS304;;;RFS;670;650;7;0;RC65OT6MSU;RC65OT6MSU;BTP CT, ép,cuộn lại 2 OT6MSUS304;BTP CT, ép,cuộn lại 2 OT6MSUS304;ZHAL;260702C04;670;3006;657;0020
260703C05;000010076648;TECO - Technically completed;2026-07-03 00:00:00;2026-06-26 00:00:00;2026-07-10 00:00:00;00070;260703C05;RC70OT6MSU;RC70OT6MSU;BTP đã đúc Outer HU OT6MSUS304;BTP đã đúc Outer HU OT6MSUS304;;;RFS;670;652;7;0;PL02X173V;PL02X173V;Urethane Ubeheart Resin;Nhựa Urethane Ubeheart;ZROH;250930;1190.021;3006;1169;0010
260703C05;000010076648;TECO - Technically completed;2026-07-03 00:00:00;2026-06-26 00:00:00;2026-07-10 00:00:00;00070;260703C05;RC70OT6MSU;RC70OT6MSU;BTP đã đúc Outer HU OT6MSUS304;BTP đã đúc Outer HU OT6MSUS304;;;RFS;670;652;7;0;RC65OT6MSU;RC65OT6MSU;BTP CT, ép,cuộn lại 2 OT6MSUS304;BTP CT, ép,cuộn lại 2 OT6MSUS304;ZHAL;260702C05;670;3006;659;0020
260703C06;000010076649;TECO - Technically completed;2026-07-03 00:00:00;2026-06-26 00:00:00;2026-07-10 00:00:00;00070;260703C06;RC70OT6MSU;RC70OT6MSU;BTP đã đúc Outer HU OT6MSUS304;BTP đã đúc Outer HU OT6MSUS304;;;RFS;670;654;7;0;PL02X173V;PL02X173V;Urethane Ubeheart Resin;Nhựa Urethane Ubeheart;ZROH;250930;1190.021;3006;1174;0010
260703C06;000010076649;TECO - Technically completed;2026-07-03 00:00:00;2026-06-26 00:00:00;2026-07-10 00:00:00;00070;260703C06;RC70OT6MSU;RC70OT6MSU;BTP đã đúc Outer HU OT6MSUS304;BTP đã đúc Outer HU OT6MSUS304;;;RFS;670;654;7;0;RC65OT6MSU;RC65OT6MSU;BTP CT, ép,cuộn lại 2 OT6MSUS304;BTP CT, ép,cuộn lại 2 OT6MSUS304;ZHAL;260702C06;670;3006;661;0020
260703C07;000010076650;TECO - Technically completed;2026-07-03 00:00:00;2026-06-26 00:00:00;2026-07-10 00:00:00;00070;260703C07;RC70OT6MSU;RC70OT6MSU;BTP đã đúc Outer HU OT6MSUS304;BTP đã đúc Outer HU OT6MSUS304;;;RFS;670;652;7;0;PL02X173V;PL02X173V;Urethane Ubeheart Resin;Nhựa Urethane Ubeheart;ZROH;250930;1190.021;3006;1169;0010
260703C07;000010076650;TECO - Technically completed;2026-07-03 00:00:00;2026-06-26 00:00:00;2026-07-10 00:00:00;00070;260703C07;RC70OT6MSU;RC70OT6MSU;BTP đã đúc Outer HU OT6MSUS304;BTP đã đúc Outer HU OT6MSUS304;;;RFS;670;652;7;0;RC65OT6MSU;RC65OT6MSU;BTP CT, ép,cuộn lại 2 OT6MSUS304;BTP CT, ép,cuộn lại 2 OT6MSUS304;ZHAL;260702C07;670;3006;659;0020
260703C08;000010076651;TECO - Technically completed;2026-07-03 00:00:00;2026-06-26 00:00:00;2026-07-10 00:00:00;00070;260703C08;RC70OT6MSU;RC70OT6MSU;BTP đã đúc Outer HU OT6MSUS304;BTP đã đúc Outer HU OT6MSUS304;;;RFS;670;651;7;0;PL02X173V;PL02X173V;Urethane Ubeheart Resin;Nhựa Urethane Ubeheart;ZROH;250930;1190.021;3006;1169;0010
260703C08;000010076651;TECO - Technically completed;2026-07-03 00:00:00;2026-06-26 00:00:00;2026-07-10 00:00:00;00070;260703C08;RC70OT6MSU;RC70OT6MSU;BTP đã đúc Outer HU OT6MSUS304;BTP đã đúc Outer HU OT6MSUS304;;;RFS;670;651;7;0;RC65OT6MSU;RC65OT6MSU;BTP CT, ép,cuộn lại 2 OT6MSUS304;BTP CT, ép,cuộn lại 2 OT6MSUS304;ZHAL;260702C08;670;3006;658;0020
260703C09;000010076652;REL - Released;2026-07-03 00:00:00;2026-06-26 00:00:00;2026-07-10 00:00:00;00070;260703C09;RC70OT6MSU;RC70OT6MSU;BTP đã đúc Outer HU OT6MSUS304;BTP đã đúc Outer HU OT6MSUS304;;;RFS;670;656;0;0;PL02X173V;PL02X173V;Urethane Ubeheart Resin;Nhựa Urethane Ubeheart;ZROH;250930;1190.021;3006;1179;0010
260703C09;000010076652;REL - Released;2026-07-03 00:00:00;2026-06-26 00:00:00;2026-07-10 00:00:00;00070;260703C09;RC70OT6MSU;RC70OT6MSU;BTP đã đúc Outer HU OT6MSUS304;BTP đã đúc Outer HU OT6MSUS304;;;RFS;670;656;0;0;RC65OT6MSU;RC65OT6MSU;BTP CT, ép,cuộn lại 2 OT6MSUS304;BTP CT, ép,cuộn lại 2 OT6MSUS304;ZHAL;260702C09;670;3006;664;0020
260703C01;000010076654;TECO - Technically completed;2026-07-03 00:00:00;2026-06-26 00:00:00;2026-07-10 00:00:00;00075;260703C01;RC75GOT5MSU;RC75GOT5MSU;BTP đã CRL, sấy HG OT5M SUS304;BTP đã CRL, sấy HG OT5M SUS304;;;RFS;600;593;0;0;RC70GOT5MSU;RC70GOT5MSU;BTP đã đúc Outer HGOT5M SUS304;BTP đã đúc Outer HGOT5M SUS304;ZHAL;260703C01;799.2;3005;790;0010
260703C02;000010076655;TECO - Technically completed;2026-07-03 00:00:00;2026-06-26 00:00:00;2026-07-10 00:00:00;00075;260703C02;RC75GOT5MSU;RC75GOT5MSU;BTP đã CRL, sấy HG OT5M SUS304;BTP đã CRL, sấy HG OT5M SUS304;;;RFS;600;595;0;0;RC70GOT5MSU;RC70GOT5MSU;BTP đã đúc Outer HGOT5M SUS304;BTP đã đúc Outer HGOT5M SUS304;ZHAL;260703C02;799.2;3005;793;0010
260703C03;000010076656;TECO - Technically completed;2026-07-03 00:00:00;2026-06-26 00:00:00;2026-07-10 00:00:00;00075;260703C03;RC75GOT5MSU;RC75GOT5MSU;BTP đã CRL, sấy HG OT5M SUS304;BTP đã CRL, sấy HG OT5M SUS304;;;RFS;600;591;2;0;RC70GOT5MSU;RC70GOT5MSU;BTP đã đúc Outer HGOT5M SUS304;BTP đã đúc Outer HGOT5M SUS304;ZHAL;260703C03;799.2;3005;791;0010
260703C04;000010076657;TECO - Technically completed;2026-07-03 00:00:00;2026-06-26 00:00:00;2026-07-10 00:00:00;00075;260703C04;RC75GOT5MSU;RC75GOT5MSU;BTP đã CRL, sấy HG OT5M SUS304;BTP đã CRL, sấy HG OT5M SUS304;;;RFS;600;588;0;0;RC70GOT5MSU;RC70GOT5MSU;BTP đã đúc Outer HGOT5M SUS304;BTP đã đúc Outer HGOT5M SUS304;ZHAL;260703C04;799.2;3005;784;0010
260703C05;000010076658;TECO - Technically completed;2026-07-03 00:00:00;2026-06-26 00:00:00;2026-07-10 00:00:00;00075;260703C05;RC75GOT5MSU;RC75GOT5MSU;BTP đã CRL, sấy HG OT5M SUS304;BTP đã CRL, sấy HG OT5M SUS304;;;RFS;600;584;0;0;RC70GOT5MSU;RC70GOT5MSU;BTP đã đúc Outer HGOT5M SUS304;BTP đã đúc Outer HGOT5M SUS304;ZHAL;260703C05;799.2;3005;778;0010
260703C06;000010076659;TECO - Technically completed;2026-07-03 00:00:00;2026-06-26 00:00:00;2026-07-10 00:00:00;00075;260703C06;RC75GOT5MSU;RC75GOT5MSU;BTP đã CRL, sấy HG OT5M SUS304;BTP đã CRL, sấy HG OT5M SUS304;;;RFS;600;576;8;0;RC70GOT5MSU;RC70GOT5MSU;BTP đã đúc Outer HGOT5M SUS304;BTP đã đúc Outer HGOT5M SUS304;ZHAL;260703C06;799.2;3005;778;0010
260703C07;000010076660;REL - Released;2026-07-03 00:00:00;2026-06-26 00:00:00;2026-07-10 00:00:00;00075;260703C07;RC75GOT5MSU;RC75GOT5MSU;BTP đã CRL, sấy HG OT5M SUS304;BTP đã CRL, sấy HG OT5M SUS304;;;RFS;600;585;0;0;RC70GOT5MSU;RC70GOT5MSU;BTP đã đúc Outer HGOT5M SUS304;BTP đã đúc Outer HGOT5M SUS304;ZHAL;260703C07;799.2;3005;784;0010
260703C02;000010076667;REL - Released;2026-07-03 00:00:00;2026-06-26 00:00:00;2026-07-10 00:00:00;00075;260703C02;RC75OT6MSU;RC75OT6MSU;BTP đã CRL, sấy HU OT6MSUS304;BTP đã CRL, sấy HU OT6MSUS304;;;RFS;472;455;0;0;RC70OT6MSU;RC70OT6MSU;BTP đã đúc Outer HU OT6MSUS304;BTP đã đúc Outer HU OT6MSUS304;ZHAL;260703C02;669.3;3006;647;0010
260703C04;000010076669;REL - Released;2026-07-03 00:00:00;2026-06-26 00:00:00;2026-07-10 00:00:00;00075;260703C04;RC75OT6MSU;RC75OT6MSU;BTP đã CRL, sấy HU OT6MSUS304;BTP đã CRL, sấy HU OT6MSUS304;;;RFS;472;456;0;0;RC70OT6MSU;RC70OT6MSU;BTP đã đúc Outer HU OT6MSUS304;BTP đã đúc Outer HU OT6MSUS304;ZHAL;260703C04;669.3;3006;650;0010
260703C01;000010076676;TECO - Technically completed;2026-07-03 00:00:00;2026-06-26 00:00:00;2026-07-10 00:00:00;00080;260703C01;RC80GOT5MSU;RC80GOT5MSU;Đã KT chuyền HG OT5MSUS304;Đã KT chuyền HG OT5MSUS304;;;RFS;7200;6813;236;0;RC75GOT5MSU;RC75GOT5MSU;BTP đã CRL, sấy HG OT5M SUS304;BTP đã CRL, sấy HG OT5M SUS304;ZHAL;260702C12;0;3005;591;0010
260703C01;000010076676;TECO - Technically completed;2026-07-03 00:00:00;2026-06-26 00:00:00;2026-07-10 00:00:00;00080;260703C01;RC80GOT5MSU;RC80GOT5MSU;Đã KT chuyền HG OT5MSUS304;Đã KT chuyền HG OT5MSUS304;;;RFS;7200;6813;236;0;RC75GOT5MSU;RC75GOT5MSU;BTP đã CRL, sấy HG OT5M SUS304;BTP đã CRL, sấy HG OT5M SUS304;ZHAL;260702C11;0;3005;593;0010
260703C01;000010076676;TECO - Technically completed;2026-07-03 00:00:00;2026-06-26 00:00:00;2026-07-10 00:00:00;00080;260703C01;RC80GOT5MSU;RC80GOT5MSU;Đã KT chuyền HG OT5MSUS304;Đã KT chuyền HG OT5MSUS304;;;RFS;7200;6813;236;0;RC75GOT5MSU;RC75GOT5MSU;BTP đã CRL, sấy HG OT5M SUS304;BTP đã CRL, sấy HG OT5M SUS304;ZHAL;260702C10;0;3005;590;0010
260703C01;000010076676;TECO - Technically completed;2026-07-03 00:00:00;2026-06-26 00:00:00;2026-07-10 00:00:00;00080;260703C01;RC80GOT5MSU;RC80GOT5MSU;Đã KT chuyền HG OT5MSUS304;Đã KT chuyền HG OT5MSUS304;;;RFS;7200;6813;236;0;RC75GOT5MSU;RC75GOT5MSU;BTP đã CRL, sấy HG OT5M SUS304;BTP đã CRL, sấy HG OT5M SUS304;ZHAL;260702C09;0;3005;585;0010
260703C01;000010076676;TECO - Technically completed;2026-07-03 00:00:00;2026-06-26 00:00:00;2026-07-10 00:00:00;00080;260703C01;RC80GOT5MSU;RC80GOT5MSU;Đã KT chuyền HG OT5MSUS304;Đã KT chuyền HG OT5MSUS304;;;RFS;7200;6813;236;0;RC75GOT5MSU;RC75GOT5MSU;BTP đã CRL, sấy HG OT5M SUS304;BTP đã CRL, sấy HG OT5M SUS304;ZHAL;260702C08;0;3005;581;0010
260703C01;000010076676;TECO - Technically completed;2026-07-03 00:00:00;2026-06-26 00:00:00;2026-07-10 00:00:00;00080;260703C01;RC80GOT5MSU;RC80GOT5MSU;Đã KT chuyền HG OT5MSUS304;Đã KT chuyền HG OT5MSUS304;;;RFS;7200;6813;236;0;RC75GOT5MSU;RC75GOT5MSU;BTP đã CRL, sấy HG OT5M SUS304;BTP đã CRL, sấy HG OT5M SUS304;ZHAL;260702C07;0;3005;583;0010
260703C01;000010076676;TECO - Technically completed;2026-07-03 00:00:00;2026-06-26 00:00:00;2026-07-10 00:00:00;00080;260703C01;RC80GOT5MSU;RC80GOT5MSU;Đã KT chuyền HG OT5MSUS304;Đã KT chuyền HG OT5MSUS304;;;RFS;7200;6813;236;0;RC75GOT5MSU;RC75GOT5MSU;BTP đã CRL, sấy HG OT5M SUS304;BTP đã CRL, sấy HG OT5M SUS304;ZHAL;260702C06;0;3005;589;0010
260703C01;000010076676;TECO - Technically completed;2026-07-03 00:00:00;2026-06-26 00:00:00;2026-07-10 00:00:00;00080;260703C01;RC80GOT5MSU;RC80GOT5MSU;Đã KT chuyền HG OT5MSUS304;Đã KT chuyền HG OT5MSUS304;;;RFS;7200;6813;236;0;RC75GOT5MSU;RC75GOT5MSU;BTP đã CRL, sấy HG OT5M SUS304;BTP đã CRL, sấy HG OT5M SUS304;ZHAL;260702C05;0;3005;588;0010
260703C01;000010076676;TECO - Technically completed;2026-07-03 00:00:00;2026-06-26 00:00:00;2026-07-10 00:00:00;00080;260703C01;RC80GOT5MSU;RC80GOT5MSU;Đã KT chuyền HG OT5MSUS304;Đã KT chuyền HG OT5MSUS304;;;RFS;7200;6813;236;0;RC75GOT5MSU;RC75GOT5MSU;BTP đã CRL, sấy HG OT5M SUS304;BTP đã CRL, sấy HG OT5M SUS304;ZHAL;260702C04;0;3005;592;0010
260703C01;000010076676;TECO - Technically completed;2026-07-03 00:00:00;2026-06-26 00:00:00;2026-07-10 00:00:00;00080;260703C01;RC80GOT5MSU;RC80GOT5MSU;Đã KT chuyền HG OT5MSUS304;Đã KT chuyền HG OT5MSUS304;;;RFS;7200;6813;236;0;RC75GOT5MSU;RC75GOT5MSU;BTP đã CRL, sấy HG OT5M SUS304;BTP đã CRL, sấy HG OT5M SUS304;ZHAL;260702C03;0;3005;592;0010
260703C01;000010076676;TECO - Technically completed;2026-07-03 00:00:00;2026-06-26 00:00:00;2026-07-10 00:00:00;00080;260703C01;RC80GOT5MSU;RC80GOT5MSU;Đã KT chuyền HG OT5MSUS304;Đã KT chuyền HG OT5MSUS304;;;RFS;7200;6813;236;0;RC75GOT5MSU;RC75GOT5MSU;BTP đã CRL, sấy HG OT5M SUS304;BTP đã CRL, sấy HG OT5M SUS304;ZHAL;260702C02;0;3005;585;0010
260703C01;000010076676;TECO - Technically completed;2026-07-03 00:00:00;2026-06-26 00:00:00;2026-07-10 00:00:00;00080;260703C01;RC80GOT5MSU;RC80GOT5MSU;Đã KT chuyền HG OT5MSUS304;Đã KT chuyền HG OT5MSUS304;;;RFS;7200;6813;236;0;RC75GOT5MSU;RC75GOT5MSU;BTP đã CRL, sấy HG OT5M SUS304;BTP đã CRL, sấy HG OT5M SUS304;ZHAL;260702C01;7200;3005;591;0010
260702C03;000010076692;TECO - Technically completed;2026-07-02 00:00:00;2026-06-26 00:00:00;2026-07-09 00:00:00;00060;260702C03;RC60X5SM;RC60X5SM;BTP đan lưới thép, cuộn lại 1 5SM;BTP đan lưới thép, cuộn lại 1 5SM;;;RFS;800;790;10;0;RC50X5SM;RC50X5SM;BTP đúc inner 5SM;BTP đúc inner 5SM;ZHAL;260701C01;800;3005;800;0010
260702C03;000010076692;TECO - Technically completed;2026-07-02 00:00:00;2026-06-26 00:00:00;2026-07-09 00:00:00;00060;260702C03;RC60X5SM;RC60X5SM;BTP đan lưới thép, cuộn lại 1 5SM;BTP đan lưới thép, cuộn lại 1 5SM;;;RFS;800;790;10;0;RC5505SXM;RC5505SXM;BTP đã chia cuộn 5SM;BTP đã chia cuộn 5SM;ZHAL;260701C01;276.256;3005;276;0020
260702C04;000010076693;TECO - Technically completed;2026-07-02 00:00:00;2026-06-26 00:00:00;2026-07-09 00:00:00;00060;260702C04;RC60X5SM;RC60X5SM;BTP đan lưới thép, cuộn lại 1 5SM;BTP đan lưới thép, cuộn lại 1 5SM;;;RFS;800;791;9;0;RC50X5SM;RC50X5SM;BTP đúc inner 5SM;BTP đúc inner 5SM;ZHAL;260701C01;800;3005;800;0010
260702C04;000010076693;TECO - Technically completed;2026-07-02 00:00:00;2026-06-26 00:00:00;2026-07-09 00:00:00;00060;260702C04;RC60X5SM;RC60X5SM;BTP đan lưới thép, cuộn lại 1 5SM;BTP đan lưới thép, cuộn lại 1 5SM;;;RFS;800;791;9;0;RC5505SXM;RC5505SXM;BTP đã chia cuộn 5SM;BTP đã chia cuộn 5SM;ZHAL;260701C01;276.256;3005;276;0020
260702C05;000010076694;TECO - Technically completed;2026-07-02 00:00:00;2026-06-26 00:00:00;2026-07-09 00:00:00;00060;260702C05;RC60X5SM;RC60X5SM;BTP đan lưới thép, cuộn lại 1 5SM;BTP đan lưới thép, cuộn lại 1 5SM;;;RFS;800;791;9;0;RC50X5SM;RC50X5SM;BTP đúc inner 5SM;BTP đúc inner 5SM;ZHAL;260701C01;800;3005;800;0010
260702C05;000010076694;TECO - Technically completed;2026-07-02 00:00:00;2026-06-26 00:00:00;2026-07-09 00:00:00;00060;260702C05;RC60X5SM;RC60X5SM;BTP đan lưới thép, cuộn lại 1 5SM;BTP đan lưới thép, cuộn lại 1 5SM;;;RFS;800;791;9;0;RC5505SXM;RC5505SXM;BTP đã chia cuộn 5SM;BTP đã chia cuộn 5SM;ZHAL;260701C01;276.256;3005;276;0020
260702C06;000010076695;TECO - Technically completed;2026-07-02 00:00:00;2026-06-26 00:00:00;2026-07-09 00:00:00;00060;260702C06;RC60X5SM;RC60X5SM;BTP đan lưới thép, cuộn lại 1 5SM;BTP đan lưới thép, cuộn lại 1 5SM;;;RFS;800;792;8;0;RC50X5SM;RC50X5SM;BTP đúc inner 5SM;BTP đúc inner 5SM;ZHAL;260701C01;800;3005;800;0010
260702C06;000010076695;TECO - Technically completed;2026-07-02 00:00:00;2026-06-26 00:00:00;2026-07-09 00:00:00;00060;260702C06;RC60X5SM;RC60X5SM;BTP đan lưới thép, cuộn lại 1 5SM;BTP đan lưới thép, cuộn lại 1 5SM;;;RFS;800;792;8;0;RC5505SXM;RC5505SXM;BTP đã chia cuộn 5SM;BTP đã chia cuộn 5SM;ZHAL;260701C01;276.256;3005;276;0020
260702C06;000010076701;TECO - Technically completed;2026-07-02 00:00:00;2026-06-26 00:00:00;2026-07-09 00:00:00;00065;260702C06;RC65X5SS;RC65X5SS;BTP cắt tách, ép, cuộn lại 2 5SS;BTP cắt tách, ép, cuộn lại 2 5SS;;;RFS;800;767;3;0;RC60X5SS;RC60X5SS;BTP đan lưới thép, cuộn lại 1 5SS;BTP đan lưới thép, cuộn lại 1 5SS;ZHAL;260630C06;800;3005;770;0010
260703C01;000010076703;TECO - Technically completed;2026-07-03 00:00:00;2026-06-26 00:00:00;2026-07-10 00:00:00;00055;260703C01;RC5505SXM;RC5505SXM;BTP đã chia cuộn 5SM;BTP đã chia cuộn 5SM;;;RFS;1656;1656;0;0;RF00X200V;RF00X200V;SUS316 Blader φ0.05 Single (TVC);Sợi lưới thép SUS316 φ0.05 đơn (TVC);ZROH;HC2510;1656;3005;1656;0010
260703C01;000010076704;TECO - Technically completed;2026-07-03 00:00:00;2026-06-26 00:00:00;2026-07-10 00:00:00;00060;260703C01;RC60X5SM;RC60X5SM;BTP đan lưới thép, cuộn lại 1 5SM;BTP đan lưới thép, cuộn lại 1 5SM;;;RFS;800;795;5;0;RC50X5SM;RC50X5SM;BTP đúc inner 5SM;BTP đúc inner 5SM;ZHAL;260702C01;800;3005;800;0010
260703C01;000010076704;TECO - Technically completed;2026-07-03 00:00:00;2026-06-26 00:00:00;2026-07-10 00:00:00;00060;260703C01;RC60X5SM;RC60X5SM;BTP đan lưới thép, cuộn lại 1 5SM;BTP đan lưới thép, cuộn lại 1 5SM;;;RFS;800;795;5;0;RC5505SXM;RC5505SXM;BTP đã chia cuộn 5SM;BTP đã chia cuộn 5SM;ZHAL;260701C01;276.256;3005;276;0020
260703C01;000010076710;TECO - Technically completed;2026-07-03 00:00:00;2026-06-26 00:00:00;2026-07-10 00:00:00;00065;260703C01;RC65X5SS;RC65X5SS;BTP cắt tách, ép, cuộn lại 2 5SS;BTP cắt tách, ép, cuộn lại 2 5SS;;;RFS;800;772;8;0;RC60X5SS;RC60X5SS;BTP đan lưới thép, cuộn lại 1 5SS;BTP đan lưới thép, cuộn lại 1 5SS;ZHAL;260701C01;800;3005;780;0010
260702C03;000010076723;TECO - Technically completed;2026-07-02 00:00:00;2026-06-26 00:00:00;2026-07-09 00:00:00;00060;260702C03;RC60GL5MSU;RC60GL5MSU;BTP ĐLT, cuộn lại 1 GL5MSUS304;BTP ĐLT, cuộn lại 1 GL5MSUS304;;;RFS;800;783;15;0;RC50GL5MSU;RC50GL5MSU;BTP đúc inner, KTL GL5MSUS304;BTP đúc inner, KTL GL5MSUS304;ZHAL;260701C01;800;3005;800;0010
260702C03;000010076723;TECO - Technically completed;2026-07-02 00:00:00;2026-06-26 00:00:00;2026-07-09 00:00:00;00060;260702C03;RC60GL5MSU;RC60GL5MSU;BTP ĐLT, cuộn lại 1 GL5MSUS304;BTP ĐLT, cuộn lại 1 GL5MSUS304;;;RFS;800;783;15;0;RC5505DGL5M;RC5505DGL5M;BTP đã chia cuộn GL5M;BTP đã chia cuộn GL5M;ZHAL;260701C01;447.32;3005;447;0020
260702C04;000010076724;TECO - Technically completed;2026-07-02 00:00:00;2026-06-26 00:00:00;2026-07-09 00:00:00;00060;260702C04;RC60GL5MSU;RC60GL5MSU;BTP ĐLT, cuộn lại 1 GL5MSUS304;BTP ĐLT, cuộn lại 1 GL5MSUS304;;;RFS;800;780;18;0;RC50GL5MSU;RC50GL5MSU;BTP đúc inner, KTL GL5MSUS304;BTP đúc inner, KTL GL5MSUS304;ZHAL;260701C01;800;3005;800;0010
260702C04;000010076724;TECO - Technically completed;2026-07-02 00:00:00;2026-06-26 00:00:00;2026-07-09 00:00:00;00060;260702C04;RC60GL5MSU;RC60GL5MSU;BTP ĐLT, cuộn lại 1 GL5MSUS304;BTP ĐLT, cuộn lại 1 GL5MSUS304;;;RFS;800;780;18;0;RC5505DGL5M;RC5505DGL5M;BTP đã chia cuộn GL5M;BTP đã chia cuộn GL5M;ZHAL;260701C01;447.32;3005;447;0020
260702E18;000010076805;TECO - Technically completed;2026-07-02 00:00:00;2026-06-26 00:00:00;2026-07-09 00:00:00;30070;260702E18;RC70OT5M;RC70OT5M;BTP đã đúc outer HU OT5M;BTP đã đúc outer HU OT5M;;;RFS;800;784;9;0;PL02X173V;PL02X173V;Urethane Ubeheart Resin;Nhựa Urethane Ubeheart;ZROH;250930;561.6;;556;0010
260702E18;000010076805;TECO - Technically completed;2026-07-02 00:00:00;2026-06-26 00:00:00;2026-07-09 00:00:00;30070;260702E18;RC70OT5M;RC70OT5M;BTP đã đúc outer HU OT5M;BTP đã đúc outer HU OT5M;;;RFS;800;784;9;0;RC65OT5M;RC65OT5M;BTP cắt tách,ép,cuộn lại 2 OT5M;BTP cắt tách,ép,cuộn lại 2 OT5M;ZHAL;260702C03;800;;793;0020
260702E18;000010076829;TECO - Technically completed;2026-07-02 00:00:00;2026-06-26 00:00:00;2026-07-09 00:00:00;30075;260702E18;RC75OT5M;RC75OT5M;BTP đã cắt rút lõi, sấy HU OT5M;BTP đã cắt rút lõi, sấy HU OT5M;;;RFS;600;583;5;0;RC70OT5M;RC70OT5M;BTP đã đúc outer HU OT5M;BTP đã đúc outer HU OT5M;ZHAL;260702E18;799.2;;784;0010
260703E04;000010076843;TECO - Technically completed;2026-07-03 00:00:00;2026-06-26 00:00:00;2026-07-10 00:00:00;30070;260703E04;RC70OT5M;RC70OT5M;BTP đã đúc outer HU OT5M;BTP đã đúc outer HU OT5M;;;RFS;800;778;8;0;PL02X173V;PL02X173V;Urethane Ubeheart Resin;Nhựa Urethane Ubeheart;ZROH;250930;561.6;;552;0010
260703E04;000010076843;TECO - Technically completed;2026-07-03 00:00:00;2026-06-26 00:00:00;2026-07-10 00:00:00;30070;260703E04;RC70OT5M;RC70OT5M;BTP đã đúc outer HU OT5M;BTP đã đúc outer HU OT5M;;;RFS;800;778;8;0;RC65OT5M;RC65OT5M;BTP cắt tách,ép,cuộn lại 2 OT5M;BTP cắt tách,ép,cuộn lại 2 OT5M;ZHAL;260702C13;800;;786;0020
260703E06;000010076845;TECO - Technically completed;2026-07-03 00:00:00;2026-06-26 00:00:00;2026-07-10 00:00:00;30070;260703E06;RC70OT5M;RC70OT5M;BTP đã đúc outer HU OT5M;BTP đã đúc outer HU OT5M;;;RFS;800;785;7;0;PL02X173V;PL02X173V;Urethane Ubeheart Resin;Nhựa Urethane Ubeheart;ZROH;250930;561.6;;555;0010
260703E06;000010076845;TECO - Technically completed;2026-07-03 00:00:00;2026-06-26 00:00:00;2026-07-10 00:00:00;30070;260703E06;RC70OT5M;RC70OT5M;BTP đã đúc outer HU OT5M;BTP đã đúc outer HU OT5M;;;RFS;800;785;7;0;RC65OT5M;RC65OT5M;BTP cắt tách,ép,cuộn lại 2 OT5M;BTP cắt tách,ép,cuộn lại 2 OT5M;ZHAL;260702C15;800;;792;0020
260703E08;000010076847;TECO - Technically completed;2026-07-03 00:00:00;2026-06-26 00:00:00;2026-07-10 00:00:00;30070;260703E08;RC70OT5M;RC70OT5M;BTP đã đúc outer HU OT5M;BTP đã đúc outer HU OT5M;;;RFS;800;783;8;0;PL02X173V;PL02X173V;Urethane Ubeheart Resin;Nhựa Urethane Ubeheart;ZROH;250930;561.6;;554;0010
260703E08;000010076847;TECO - Technically completed;2026-07-03 00:00:00;2026-06-26 00:00:00;2026-07-10 00:00:00;30070;260703E08;RC70OT5M;RC70OT5M;BTP đã đúc outer HU OT5M;BTP đã đúc outer HU OT5M;;;RFS;800;783;8;0;RC65OT5M;RC65OT5M;BTP cắt tách,ép,cuộn lại 2 OT5M;BTP cắt tách,ép,cuộn lại 2 OT5M;ZHAL;260702C17;800;;791;0020
260703E10;000010076849;TECO - Technically completed;2026-07-03 00:00:00;2026-06-26 00:00:00;2026-07-10 00:00:00;30070;260703E10;RC70OT5M;RC70OT5M;BTP đã đúc outer HU OT5M;BTP đã đúc outer HU OT5M;;;RFS;800;790;7;0;PL02X173V;PL02X173V;Urethane Ubeheart Resin;Nhựa Urethane Ubeheart;ZROH;250930;561.6;;559;0010
260703E10;000010076849;TECO - Technically completed;2026-07-03 00:00:00;2026-06-26 00:00:00;2026-07-10 00:00:00;30070;260703E10;RC70OT5M;RC70OT5M;BTP đã đúc outer HU OT5M;BTP đã đúc outer HU OT5M;;;RFS;800;790;7;0;RC65OT5M;RC65OT5M;BTP cắt tách,ép,cuộn lại 2 OT5M;BTP cắt tách,ép,cuộn lại 2 OT5M;ZHAL;260702C19;800;;797;0020
260703E11;000010076850;TECO - Technically completed;2026-07-03 00:00:00;2026-06-26 00:00:00;2026-07-10 00:00:00;30070;260703E11;RC70OT5M;RC70OT5M;BTP đã đúc outer HU OT5M;BTP đã đúc outer HU OT5M;;;RFS;800;775;7;0;PL02X173V;PL02X173V;Urethane Ubeheart Resin;Nhựa Urethane Ubeheart;ZROH;250930;561.6;;549;0010
260703E11;000010076850;TECO - Technically completed;2026-07-03 00:00:00;2026-06-26 00:00:00;2026-07-10 00:00:00;30070;260703E11;RC70OT5M;RC70OT5M;BTP đã đúc outer HU OT5M;BTP đã đúc outer HU OT5M;;;RFS;800;775;7;0;RC65OT5M;RC65OT5M;BTP cắt tách,ép,cuộn lại 2 OT5M;BTP cắt tách,ép,cuộn lại 2 OT5M;ZHAL;260702C20;800;;782;0020
260703E12;000010076851;TECO - Technically completed;2026-07-03 00:00:00;2026-06-26 00:00:00;2026-07-10 00:00:00;30070;260703E12;RC70OT5M;RC70OT5M;BTP đã đúc outer HU OT5M;BTP đã đúc outer HU OT5M;;;RFS;800;788;7;0;PL02X173V;PL02X173V;Urethane Ubeheart Resin;Nhựa Urethane Ubeheart;ZROH;250930;561.6;;557;0010
260703E12;000010076851;TECO - Technically completed;2026-07-03 00:00:00;2026-06-26 00:00:00;2026-07-10 00:00:00;30070;260703E12;RC70OT5M;RC70OT5M;BTP đã đúc outer HU OT5M;BTP đã đúc outer HU OT5M;;;RFS;800;788;7;0;RC65OT5M;RC65OT5M;BTP cắt tách,ép,cuộn lại 2 OT5M;BTP cắt tách,ép,cuộn lại 2 OT5M;ZHAL;260702C21;800;;795;0020
260703E13;000010076852;TECO - Technically completed;2026-07-03 00:00:00;2026-06-26 00:00:00;2026-07-10 00:00:00;30070;260703E13;RC70OT5M;RC70OT5M;BTP đã đúc outer HU OT5M;BTP đã đúc outer HU OT5M;;;RFS;800;784;7;0;PL02X173V;PL02X173V;Urethane Ubeheart Resin;Nhựa Urethane Ubeheart;ZROH;250930;561.6;;554;0010
260703E13;000010076852;TECO - Technically completed;2026-07-03 00:00:00;2026-06-26 00:00:00;2026-07-10 00:00:00;30070;260703E13;RC70OT5M;RC70OT5M;BTP đã đúc outer HU OT5M;BTP đã đúc outer HU OT5M;;;RFS;800;784;7;0;RC65OT5M;RC65OT5M;BTP cắt tách,ép,cuộn lại 2 OT5M;BTP cắt tách,ép,cuộn lại 2 OT5M;ZHAL;260702C22;800;;791;0020
260703E14;000010076853;TECO - Technically completed;2026-07-03 00:00:00;2026-06-26 00:00:00;2026-07-10 00:00:00;30070;260703E14;RC70OT5M;RC70OT5M;BTP đã đúc outer HU OT5M;BTP đã đúc outer HU OT5M;;;RFS;800;784;9;0;PL02X173V;PL02X173V;Urethane Ubeheart Resin;Nhựa Urethane Ubeheart;ZROH;250930;561.6;;556;0010
260703E14;000010076853;TECO - Technically completed;2026-07-03 00:00:00;2026-06-26 00:00:00;2026-07-10 00:00:00;30070;260703E14;RC70OT5M;RC70OT5M;BTP đã đúc outer HU OT5M;BTP đã đúc outer HU OT5M;;;RFS;800;784;9;0;RC65OT5M;RC65OT5M;BTP cắt tách,ép,cuộn lại 2 OT5M;BTP cắt tách,ép,cuộn lại 2 OT5M;ZHAL;260702C23;800;;793;0020
260703E17;000010076856;TECO - Technically completed;2026-07-03 00:00:00;2026-06-26 00:00:00;2026-07-10 00:00:00;30070;260703E17;RC70OT5M;RC70OT5M;BTP đã đúc outer HU OT5M;BTP đã đúc outer HU OT5M;;;RFS;800;775;8;0;PL02X173V;PL02X173V;Urethane Ubeheart Resin;Nhựa Urethane Ubeheart;ZROH;250930;561.6;;549;0010
260703E17;000010076856;TECO - Technically completed;2026-07-03 00:00:00;2026-06-26 00:00:00;2026-07-10 00:00:00;30070;260703E17;RC70OT5M;RC70OT5M;BTP đã đúc outer HU OT5M;BTP đã đúc outer HU OT5M;;;RFS;800;775;8;0;RC65OT5M;RC65OT5M;BTP cắt tách,ép,cuộn lại 2 OT5M;BTP cắt tách,ép,cuộn lại 2 OT5M;ZHAL;260702C26;800;;783;0020
260703E18;000010076857;REL - Released;2026-07-03 00:00:00;2026-06-26 00:00:00;2026-07-10 00:00:00;30070;260703E18;RC70OT5M;RC70OT5M;BTP đã đúc outer HU OT5M;BTP đã đúc outer HU OT5M;;;RFS;800;788;0;0;PL02X173V;PL02X173V;Urethane Ubeheart Resin;Nhựa Urethane Ubeheart;ZROH;250930;561.6;;557;0010
260703E18;000010076857;REL - Released;2026-07-03 00:00:00;2026-06-26 00:00:00;2026-07-10 00:00:00;30070;260703E18;RC70OT5M;RC70OT5M;BTP đã đúc outer HU OT5M;BTP đã đúc outer HU OT5M;;;RFS;800;788;0;0;RC65OT5M;RC65OT5M;BTP cắt tách,ép,cuộn lại 2 OT5M;BTP cắt tách,ép,cuộn lại 2 OT5M;ZHAL;260702C27;800;;795;0020
260703E21;000010076860;TECO - Technically completed;2026-07-03 00:00:00;2026-06-26 00:00:00;2026-07-10 00:00:00;30070;260703E21;RC70OT5M;RC70OT5M;BTP đã đúc outer HU OT5M;BTP đã đúc outer HU OT5M;;;RFS;800;790;8;0;PL02X173V;PL02X173V;Urethane Ubeheart Resin;Nhựa Urethane Ubeheart;ZROH;250930;561.6;;560;0010
260703E21;000010076860;TECO - Technically completed;2026-07-03 00:00:00;2026-06-26 00:00:00;2026-07-10 00:00:00;30070;260703E21;RC70OT5M;RC70OT5M;BTP đã đúc outer HU OT5M;BTP đã đúc outer HU OT5M;;;RFS;800;790;8;0;RC65OT5M;RC65OT5M;BTP cắt tách,ép,cuộn lại 2 OT5M;BTP cắt tách,ép,cuộn lại 2 OT5M;ZHAL;260702C30;800;;798;0020
260703E22;000010076861;TECO - Technically completed;2026-07-03 00:00:00;2026-06-26 00:00:00;2026-07-10 00:00:00;30070;260703E22;RC70OT5M;RC70OT5M;BTP đã đúc outer HU OT5M;BTP đã đúc outer HU OT5M;;;RFS;800;780;8;0;PL02X173V;PL02X173V;Urethane Ubeheart Resin;Nhựa Urethane Ubeheart;ZROH;250930;561.6;;553;0010
260703E22;000010076861;TECO - Technically completed;2026-07-03 00:00:00;2026-06-26 00:00:00;2026-07-10 00:00:00;30070;260703E22;RC70OT5M;RC70OT5M;BTP đã đúc outer HU OT5M;BTP đã đúc outer HU OT5M;;;RFS;800;780;8;0;RC65OT5M;RC65OT5M;BTP cắt tách,ép,cuộn lại 2 OT5M;BTP cắt tách,ép,cuộn lại 2 OT5M;ZHAL;260702C31;800;;788;0020
260703E23;000010076862;TECO - Technically completed;2026-07-03 00:00:00;2026-06-26 00:00:00;2026-07-10 00:00:00;30070;260703E23;RC70OT5M;RC70OT5M;BTP đã đúc outer HU OT5M;BTP đã đúc outer HU OT5M;;;RFS;800;791;9;0;PL02X173V;PL02X173V;Urethane Ubeheart Resin;Nhựa Urethane Ubeheart;ZROH;250930;561.6;;562;0010
260703E23;000010076862;TECO - Technically completed;2026-07-03 00:00:00;2026-06-26 00:00:00;2026-07-10 00:00:00;30070;260703E23;RC70OT5M;RC70OT5M;BTP đã đúc outer HU OT5M;BTP đã đúc outer HU OT5M;;;RFS;800;791;9;0;RC65OT5M;RC65OT5M;BTP cắt tách,ép,cuộn lại 2 OT5M;BTP cắt tách,ép,cuộn lại 2 OT5M;ZHAL;260702C32;800;;800;0020
260703E36;000010076875;TECO - Technically completed;2026-07-03 00:00:00;2026-06-26 00:00:00;2026-07-10 00:00:00;30070;260703E36;RC70OT5M;RC70OT5M;BTP đã đúc outer HU OT5M;BTP đã đúc outer HU OT5M;;;RFS;800;776;7;0;PL02X173V;PL02X173V;Urethane Ubeheart Resin;Nhựa Urethane Ubeheart;ZROH;250930;561.6;;549;0010
260703E36;000010076875;TECO - Technically completed;2026-07-03 00:00:00;2026-06-26 00:00:00;2026-07-10 00:00:00;30070;260703E36;RC70OT5M;RC70OT5M;BTP đã đúc outer HU OT5M;BTP đã đúc outer HU OT5M;;;RFS;800;776;7;0;RC65OT5M;RC65OT5M;BTP cắt tách,ép,cuộn lại 2 OT5M;BTP cắt tách,ép,cuộn lại 2 OT5M;ZHAL;260703C09;800;;783;0020
260703E04;000010076879;TECO - Technically completed;2026-07-03 00:00:00;2026-06-26 00:00:00;2026-07-10 00:00:00;30075;260703E04;RC75OT5M;RC75OT5M;BTP đã cắt rút lõi, sấy HU OT5M;BTP đã cắt rút lõi, sấy HU OT5M;;;RFS;600;567;17;0;RC70OT5M;RC70OT5M;BTP đã đúc outer HU OT5M;BTP đã đúc outer HU OT5M;ZHAL;260703E04;799.2;;778;0010
260703E06;000010076881;TECO - Technically completed;2026-07-03 00:00:00;2026-06-26 00:00:00;2026-07-10 00:00:00;30075;260703E06;RC75OT5M;RC75OT5M;BTP đã cắt rút lõi, sấy HU OT5M;BTP đã cắt rút lõi, sấy HU OT5M;;;RFS;600;587;2;0;RC70OT5M;RC70OT5M;BTP đã đúc outer HU OT5M;BTP đã đúc outer HU OT5M;ZHAL;260703E06;799.2;;785;0010
260703E08;000010076883;TECO - Technically completed;2026-07-03 00:00:00;2026-06-26 00:00:00;2026-07-10 00:00:00;30075;260703E08;RC75OT5M;RC75OT5M;BTP đã cắt rút lõi, sấy HU OT5M;BTP đã cắt rút lõi, sấy HU OT5M;;;RFS;600;585;2;0;RC70OT5M;RC70OT5M;BTP đã đúc outer HU OT5M;BTP đã đúc outer HU OT5M;ZHAL;260703E08;799.2;;783;0010
260703E10;000010076885;TECO - Technically completed;2026-07-03 00:00:00;2026-06-26 00:00:00;2026-07-10 00:00:00;30075;260703E10;RC75OT5M;RC75OT5M;BTP đã cắt rút lõi, sấy HU OT5M;BTP đã cắt rút lõi, sấy HU OT5M;;;RFS;600;590;3;0;RC70OT5M;RC70OT5M;BTP đã đúc outer HU OT5M;BTP đã đúc outer HU OT5M;ZHAL;260703E10;799.2;;790;0010
260703E12;000010076887;TECO - Technically completed;2026-07-03 00:00:00;2026-06-26 00:00:00;2026-07-10 00:00:00;30075;260703E12;RC75OT5M;RC75OT5M;BTP đã cắt rút lõi, sấy HU OT5M;BTP đã cắt rút lõi, sấy HU OT5M;;;RFS;600;589;2;0;RC70OT5M;RC70OT5M;BTP đã đúc outer HU OT5M;BTP đã đúc outer HU OT5M;ZHAL;260703E12;799.2;;788;0010
260703E13;000010076888;TECO - Technically completed;2026-07-03 00:00:00;2026-06-26 00:00:00;2026-07-10 00:00:00;30075;260703E13;RC75OT5M;RC75OT5M;BTP đã cắt rút lõi, sấy HU OT5M;BTP đã cắt rút lõi, sấy HU OT5M;;;RFS;600;587;1;0;RC70OT5M;RC70OT5M;BTP đã đúc outer HU OT5M;BTP đã đúc outer HU OT5M;ZHAL;260703E13;799.2;;784;0010
260703E14;000010076889;TECO - Technically completed;2026-07-03 00:00:00;2026-06-26 00:00:00;2026-07-10 00:00:00;30075;260703E14;RC75OT5M;RC75OT5M;BTP đã cắt rút lõi, sấy HU OT5M;BTP đã cắt rút lõi, sấy HU OT5M;;;RFS;600;588;0;0;RC70OT5M;RC70OT5M;BTP đã đúc outer HU OT5M;BTP đã đúc outer HU OT5M;ZHAL;260703E14;799.2;;784;0010
260703E15;000010076890;TECO - Technically completed;2026-07-03 00:00:00;2026-06-26 00:00:00;2026-07-10 00:00:00;30075;260703E15;RC75OT5M;RC75OT5M;BTP đã cắt rút lõi, sấy HU OT5M;BTP đã cắt rút lõi, sấy HU OT5M;;;RFS;600;592;1;0;RC70OT5M;RC70OT5M;BTP đã đúc outer HU OT5M;BTP đã đúc outer HU OT5M;ZHAL;260703E15;799.2;;790;0010
260703E17;000010076892;REL - Released;2026-07-03 00:00:00;2026-06-26 00:00:00;2026-07-10 00:00:00;30075;260703E17;RC75OT5M;RC75OT5M;BTP đã cắt rút lõi, sấy HU OT5M;BTP đã cắt rút lõi, sấy HU OT5M;;;RFS;600;574;0;0;RC70OT5M;RC70OT5M;BTP đã đúc outer HU OT5M;BTP đã đúc outer HU OT5M;ZHAL;260703E17;799.2;;775;0010
260703E21;000010076896;TECO - Technically completed;2026-07-03 00:00:00;2026-06-26 00:00:00;2026-07-10 00:00:00;30075;260703E21;RC75OT5M;RC75OT5M;BTP đã cắt rút lõi, sấy HU OT5M;BTP đã cắt rút lõi, sấy HU OT5M;;;RFS;600;581;12;0;RC70OT5M;RC70OT5M;BTP đã đúc outer HU OT5M;BTP đã đúc outer HU OT5M;ZHAL;260703E21;799.2;;790;0010
260703E22;000010076897;REL - Released;2026-07-03 00:00:00;2026-06-26 00:00:00;2026-07-10 00:00:00;30075;260703E22;RC75OT5M;RC75OT5M;BTP đã cắt rút lõi, sấy HU OT5M;BTP đã cắt rút lõi, sấy HU OT5M;;;RFS;600;577;0;0;RC70OT5M;RC70OT5M;BTP đã đúc outer HU OT5M;BTP đã đúc outer HU OT5M;ZHAL;260703E22;799.2;;780;0010
260703E24;000010076899;TECO - Technically completed;2026-07-03 00:00:00;2026-06-26 00:00:00;2026-07-10 00:00:00;30075;260703E24;RC75OT5M;RC75OT5M;BTP đã cắt rút lõi, sấy HU OT5M;BTP đã cắt rút lõi, sấy HU OT5M;;;RFS;600;588;7;0;RC70OT5M;RC70OT5M;BTP đã đúc outer HU OT5M;BTP đã đúc outer HU OT5M;ZHAL;260703E24;799.2;;793;0010
260703E01;000010076947;TECO - Technically completed;2026-07-03 00:00:00;2026-06-26 00:00:00;2026-07-10 00:00:00;30066;260703E01;RC66X5SS;RC66X5SS;BTP đã đúc Outer lần 1 5SS;BTP đã đúc Outer lần 1 5SS;;;RFS;800;766;7;0;RF80XT40V;RF80XT40V;T-40 Outer Resin;Hạt nhựa Outer T-40;ZROH;250407;819.36;;791;0010
260703E01;000010076947;TECO - Technically completed;2026-07-03 00:00:00;2026-06-26 00:00:00;2026-07-10 00:00:00;30066;260703E01;RC66X5SS;RC66X5SS;BTP đã đúc Outer lần 1 5SS;BTP đã đúc Outer lần 1 5SS;;;RFS;800;766;7;0;RC65X5SS;RC65X5SS;BTP cắt tách, ép, cuộn lại 2 5SS;BTP cắt tách, ép, cuộn lại 2 5SS;ZHAL;260702C01;800;;773;0020
260704E01;000010076971;TECO - Technically completed;2026-07-04 00:00:00;2026-06-26 00:00:00;2026-07-11 00:00:00;33040;260704E01;RC80H5JA0M;RC80H5JA0M;SP đã NKN H5M J 20MM;SP đã NKN H5M J 20MM;;;RFC;6960;6856;8;0;RC85UT5M;RC85UT5M;SP đã kiểm tra RFC UBE HT5M;SP đã kiểm tra RFC UBE HT5M;ZHAL;260518E02;6960;3004;6876;0010
260704E01;000010076971;TECO - Technically completed;2026-07-04 00:00:00;2026-06-26 00:00:00;2026-07-11 00:00:00;33040;260704E01;RC80H5JA0M;RC80H5JA0M;SP đã NKN H5M J 20MM;SP đã NKN H5M J 20MM;;;RFC;6960;6856;8;0;RC04X100V;RC04X100V;RF-HT SOFT TIP 5FR TVC;TIP MỀM RF-HT 5FR TVC;ZROH;FC25321D5;6960;3004;6871;0020
260704E01;000010076975;TECO - Technically completed;2026-07-04 00:00:00;2026-06-26 00:00:00;2026-07-11 00:00:00;33060;260704E01;RHC5CL3500;RHC5CL3500;SP đã memory RH5CL3500;SP đã memory RH5CL3500;;;RFC;6951;6837;0;0;RC70H5JA0M00;RC70H5JA0M00;SP đã GCĐM H5M J 20MM;SP đã GCĐM H5M J 20MM;ZHAL;260630E02;6951;3004;6838;0010
260704E02;000010076978;TECO - Technically completed;2026-07-04 00:00:00;2026-06-26 00:00:00;2026-07-11 00:00:00;33070;260704E02;RHE5TIG110;RHE5TIG110;SP đã lắp ráp RH5TIG110;SP đã lắp ráp RH5TIG110;;;RFC;6951;6832;7;0;RHC5TIG110;RHC5TIG110;SP đã memory RH5TIG110;SP đã memory RH5TIG110;ZHAL;260703E02;6951;3004;6839;0010
260704E02;000010076978;TECO - Technically completed;2026-07-04 00:00:00;2026-06-26 00:00:00;2026-07-11 00:00:00;33070;260704E02;RHE5TIG110;RHE5TIG110;SP đã lắp ráp RH5TIG110;SP đã lắp ráp RH5TIG110;;;RFC;6951;6832;7;0;RC00X351S0;RC00X351S0;Chuôi đã in RFC 5FrH100 cm;Chuôi đã in RFC 5FrH100 cm;ZHAL;260630E01;6951;3004;2290;0020
260704E02;000010076978;TECO - Technically completed;2026-07-04 00:00:00;2026-06-26 00:00:00;2026-07-11 00:00:00;33070;260704E02;RHE5TIG110;RHE5TIG110;SP đã lắp ráp RH5TIG110;SP đã lắp ráp RH5TIG110;;;RFC;6951;6832;7;0;RC00X351S0;RC00X351S0;Chuôi đã in RFC 5FrH100 cm;Chuôi đã in RFC 5FrH100 cm;ZHAL;260701E02;0;3004;4550;0020
260704E02;000010076978;TECO - Technically completed;2026-07-04 00:00:00;2026-06-26 00:00:00;2026-07-11 00:00:00;33070;260704E02;RHE5TIG110;RHE5TIG110;SP đã lắp ráp RH5TIG110;SP đã lắp ráp RH5TIG110;;;RFC;6951;6832;7;0;RC00X351S0;RC00X351S0;Chuôi đã in RFC 5FrH100 cm;Chuôi đã in RFC 5FrH100 cm;ZHAL;260702E01;0;3004;253;0020
260704E02;000010076978;TECO - Technically completed;2026-07-04 00:00:00;2026-06-26 00:00:00;2026-07-11 00:00:00;33070;260704E02;RHE5TIG110;RHE5TIG110;SP đã lắp ráp RH5TIG110;SP đã lắp ráp RH5TIG110;;;RFC;6951;6832;7;0;RC01X150V;RC01X150V;RFC CATHETER ANTI-KINK TUBE 5FR TVC;ỐNG CHỐNG GẬP RFC 5FR TVC;ZROH;251026;6951;3004;6839;0030
260704E01;000010076981;TECO - Technically completed;2026-07-04 00:00:00;2026-06-26 00:00:00;2026-07-11 00:00:00;33065;260704E01;RC00X351S0;RC00X351S0;Chuôi đã in RFC 5FrH100 cm;Chuôi đã in RFC 5FrH100 cm;;;RFC;14000;13965;35;0;RC00X351SV;RC00X351SV;RFC Wing Hub W5H TVC;Chuôi RFC W5H TVC;ZROH;260203;14000;3004;14000;0010
260706E01;000010076982;TECO - Technically completed;2026-07-06 00:00:00;2026-06-26 00:00:00;2026-07-13 00:00:00;33040;260706E01;RC80H5JA0M;RC80H5JA0M;SP đã NKN H5M J 20MM;SP đã NKN H5M J 20MM;;;RFC;6960;6844;3;0;RC85UT5M;RC85UT5M;SP đã kiểm tra RFC UBE HT5M;SP đã kiểm tra RFC UBE HT5M;ZHAL;260519E03;6960;3004;6859;0010
260706E01;000010076982;TECO - Technically completed;2026-07-06 00:00:00;2026-06-26 00:00:00;2026-07-13 00:00:00;33040;260706E01;RC80H5JA0M;RC80H5JA0M;SP đã NKN H5M J 20MM;SP đã NKN H5M J 20MM;;;RFC;6960;6844;3;0;RC04X100V;RC04X100V;RF-HT SOFT TIP 5FR TVC;TIP MỀM RF-HT 5FR TVC;ZROH;FC25321D5;6960;3004;6859;0020
260706E01;000010076983;TECO - Technically completed;2026-07-06 00:00:00;2026-06-26 00:00:00;2026-07-13 00:00:00;33040;260706E01;TH80H5JA0M;TH80H5JA0M;SP đã NKN H5M J 27MM;SP đã NKN H5M J 27MM;;;RFC;6960;6873;15;0;RC85UT5M;RC85UT5M;SP đã kiểm tra RFC UBE HT5M;SP đã kiểm tra RFC UBE HT5M;ZHAL;260520C01;6960;;6900;0010
260706E01;000010076983;TECO - Technically completed;2026-07-06 00:00:00;2026-06-26 00:00:00;2026-07-13 00:00:00;33040;260706E01;TH80H5JA0M;TH80H5JA0M;SP đã NKN H5M J 27MM;SP đã NKN H5M J 27MM;;;RFC;6960;6873;15;0;RC04X100V;RC04X100V;RF-HT SOFT TIP 5FR TVC;TIP MỀM RF-HT 5FR TVC;ZROH;FC25321D5;6960;;6895;0020
260706E02;000010076984;REL - Released;2026-07-06 00:00:00;2026-06-26 00:00:00;2026-07-13 00:00:00;33040;260706E02;RC80H5JA0M;RC80H5JA0M;SP đã NKN H5M J 20MM;SP đã NKN H5M J 20MM;;;RFC;6960;2794;0;0;RC85UT5M;RC85UT5M;SP đã kiểm tra RFC UBE HT5M;SP đã kiểm tra RFC UBE HT5M;ZHAL;260521E01;6960;3004;2806;0010
260706E02;000010076984;REL - Released;2026-07-06 00:00:00;2026-06-26 00:00:00;2026-07-13 00:00:00;33040;260706E02;RC80H5JA0M;RC80H5JA0M;SP đã NKN H5M J 20MM;SP đã NKN H5M J 20MM;;;RFC;6960;2794;0;0;RC04X100V;RC04X100V;RF-HT SOFT TIP 5FR TVC;TIP MỀM RF-HT 5FR TVC;ZROH;FC25321D5;6960;3004;2803;0020
260706E01;000010076987;REL - Released;2026-07-06 00:00:00;2026-06-26 00:00:00;2026-07-13 00:00:00;33050;260706E01;TH70H5JA0M00;TH70H5JA0M00;SP đã GCĐM H5M J 27MM;SP đã GCĐM H5M J 27MM;;;RFC;6951;6744;0;0;TH80H5JA0M;TH80H5JA0M;SP đã NKN H5M J 27MM;SP đã NKN H5M J 27MM;ZHAL;260704E01;6951;;6758;0010
260706E01;000010076988;TECO - Technically completed;2026-07-06 00:00:00;2026-06-26 00:00:00;2026-07-13 00:00:00;33060;260706E01;RHC5TIG110;RHC5TIG110;SP đã memory RH5TIG110;SP đã memory RH5TIG110;;;RFC;6951;6811;6;0;RC70H5JA0M00;RC70H5JA0M00;SP đã GCĐM H5M J 20MM;SP đã GCĐM H5M J 20MM;ZHAL;260701E02;6951;3004;6823;0010
260706E01;000010076989;REL - Released;2026-07-06 00:00:00;2026-06-26 00:00:00;2026-07-13 00:00:00;33060;260706E01;RHC5CL3500;RHC5CL3500;SP đã memory RH5CL3500;SP đã memory RH5CL3500;;;RFC;6951;2294;0;0;RC70H5JA0M00;RC70H5JA0M00;SP đã GCĐM H5M J 20MM;SP đã GCĐM H5M J 20MM;ZHAL;260702E01;6951;3004;2294;0010
260706E01;000010076991;TECO - Technically completed;2026-07-06 00:00:00;2026-06-26 00:00:00;2026-07-13 00:00:00;33070;260706E01;RHE5TIG110;RHE5TIG110;SP đã lắp ráp RH5TIG110;SP đã lắp ráp RH5TIG110;;;RFC;6951;6806;1;0;RHC5TIG110;RHC5TIG110;SP đã memory RH5TIG110;SP đã memory RH5TIG110;ZHAL;260704E01;6951;3004;6807;0010
260706E01;000010076991;TECO - Technically completed;2026-07-06 00:00:00;2026-06-26 00:00:00;2026-07-13 00:00:00;33070;260706E01;RHE5TIG110;RHE5TIG110;SP đã lắp ráp RH5TIG110;SP đã lắp ráp RH5TIG110;;;RFC;6951;6806;1;0;RC00X351S0;RC00X351S0;Chuôi đã in RFC 5FrH100 cm;Chuôi đã in RFC 5FrH100 cm;ZHAL;260701E02;6951;3004;6235;0020
260706E01;000010076991;TECO - Technically completed;2026-07-06 00:00:00;2026-06-26 00:00:00;2026-07-13 00:00:00;33070;260706E01;RHE5TIG110;RHE5TIG110;SP đã lắp ráp RH5TIG110;SP đã lắp ráp RH5TIG110;;;RFC;6951;6806;1;0;RC00X351S0;RC00X351S0;Chuôi đã in RFC 5FrH100 cm;Chuôi đã in RFC 5FrH100 cm;ZHAL;260702E01;0;3004;620;0020
260706E01;000010076991;TECO - Technically completed;2026-07-06 00:00:00;2026-06-26 00:00:00;2026-07-13 00:00:00;33070;260706E01;RHE5TIG110;RHE5TIG110;SP đã lắp ráp RH5TIG110;SP đã lắp ráp RH5TIG110;;;RFC;6951;6806;1;0;RC00X351S0;RC00X351S0;Chuôi đã in RFC 5FrH100 cm;Chuôi đã in RFC 5FrH100 cm;ZHAL;260703E02;0;3004;132;0020
260706E01;000010076991;TECO - Technically completed;2026-07-06 00:00:00;2026-06-26 00:00:00;2026-07-13 00:00:00;33070;260706E01;RHE5TIG110;RHE5TIG110;SP đã lắp ráp RH5TIG110;SP đã lắp ráp RH5TIG110;;;RFC;6951;6806;1;0;RC01X150V;RC01X150V;RFC CATHETER ANTI-KINK TUBE 5FR TVC;ỐNG CHỐNG GẬP RFC 5FR TVC;ZROH;251028;0;3004;3420;0030
260706E01;000010076991;TECO - Technically completed;2026-07-06 00:00:00;2026-06-26 00:00:00;2026-07-13 00:00:00;33070;260706E01;RHE5TIG110;RHE5TIG110;SP đã lắp ráp RH5TIG110;SP đã lắp ráp RH5TIG110;;;RFC;6951;6806;1;0;RC01X150V;RC01X150V;RFC CATHETER ANTI-KINK TUBE 5FR TVC;ỐNG CHỐNG GẬP RFC 5FR TVC;ZROH;251026;6951;3004;3387;0030
260706E01;000010076992;REL - Released;2026-07-06 00:00:00;2026-06-26 00:00:00;2026-07-13 00:00:00;33065;260706E01;RC00X351S0;RC00X351S0;Chuôi đã in RFC 5FrH100 cm;Chuôi đã in RFC 5FrH100 cm;;;RFC;14000;13980;0;0;RC00X351SV;RC00X351SV;RFC Wing Hub W5H TVC;Chuôi RFC W5H TVC;ZROH;260203;14000;3004;12770;0010
260706E01;000010076992;REL - Released;2026-07-06 00:00:00;2026-06-26 00:00:00;2026-07-13 00:00:00;33065;260706E01;RC00X351S0;RC00X351S0;Chuôi đã in RFC 5FrH100 cm;Chuôi đã in RFC 5FrH100 cm;;;RFC;14000;13980;0;0;RC00X351SV;RC00X351SV;RFC Wing Hub W5H TVC;Chuôi RFC W5H TVC;ZROH;260204;0;3004;1230;0010
260707E01;000010076993;REL - Released;2026-07-07 00:00:00;2026-06-26 00:00:00;2026-07-14 00:00:00;33040;260707E01;RC80H5JA0M;RC80H5JA0M;SP đã NKN H5M J 20MM;SP đã NKN H5M J 20MM;;;RFC;6960;1689;0;0;RC85UT5M;RC85UT5M;SP đã kiểm tra RFC UBE HT5M;SP đã kiểm tra RFC UBE HT5M;ZHAL;260522E01;6960;3004;1693;0010
260707E01;000010076993;REL - Released;2026-07-07 00:00:00;2026-06-26 00:00:00;2026-07-14 00:00:00;33040;260707E01;RC80H5JA0M;RC80H5JA0M;SP đã NKN H5M J 20MM;SP đã NKN H5M J 20MM;;;RFC;6960;1689;0;0;RC04X100V;RC04X100V;RF-HT SOFT TIP 5FR TVC;TIP MỀM RF-HT 5FR TVC;ZROH;FC25321D5;6960;3004;1692;0020
260707E01;000010076995;TECO - Technically completed;2026-07-07 00:00:00;2026-06-26 00:00:00;2026-07-14 00:00:00;33050;260707E01;RC70H5JA0M00;RC70H5JA0M00;SP đã GCĐM H5M J 20MM;SP đã GCĐM H5M J 20MM;;;RFC;6951;6759;7;0;RC80H5JA0M;RC80H5JA0M;SP đã NKN H5M J 20MM;SP đã NKN H5M J 20MM;ZHAL;260703E01;6951;3004;6766;0010
260707E02;000010076996;TECO - Technically completed;2026-07-07 00:00:00;2026-06-26 00:00:00;2026-07-14 00:00:00;33050;260707E02;RC70H5JA0M00;RC70H5JA0M00;SP đã GCĐM H5M J 20MM;SP đã GCĐM H5M J 20MM;;;RFC;6951;6858;2;0;RC80H5JA0M;RC80H5JA0M;SP đã NKN H5M J 20MM;SP đã NKN H5M J 20MM;ZHAL;260703E02;6951;3004;6860;0010
260707E01;000010076998;TECO - Technically completed;2026-07-07 00:00:00;2026-06-26 00:00:00;2026-07-14 00:00:00;33060;260707E01;RHC5TIG110;RHC5TIG110;SP đã memory RH5TIG110;SP đã memory RH5TIG110;;;RFC;6951;6764;3;0;RC70H5JA0M00;RC70H5JA0M00;SP đã GCĐM H5M J 20MM;SP đã GCĐM H5M J 20MM;ZHAL;260702E02;6951;3004;6767;0010
260707E02;000010076999;REL - Released;2026-07-07 00:00:00;2026-06-26 00:00:00;2026-07-14 00:00:00;33060;260707E02;RHC5TIG110;RHC5TIG110;SP đã memory RH5TIG110;SP đã memory RH5TIG110;;;RFC;6951;3387;0;0;RC70H5JA0M00;RC70H5JA0M00;SP đã GCĐM H5M J 20MM;SP đã GCĐM H5M J 20MM;ZHAL;260703E01;6951;3004;3389;0010
260704A;000010077003;TECO - Technically completed;2026-07-04 00:00:00;2026-06-26 00:00:00;2026-07-11 00:00:00;33082;260704A;RH+5TIG110M_S;RH+5TIG110M;Optitorque RH+5TIG110M;Optitorque RH+5TIG110M;;;RFC;6827;6827;0;0;RC26C1233V-1;RC26C1233V-1;RFC HT BAG-UNIT BOX LABEL EXPORT TVC;Nhãn túi-HĐV RFC HT xuất khẩu TVC;ZROH;260405VJ;8193;3004;8256;0010
260704A;000010077003;TECO - Technically completed;2026-07-04 00:00:00;2026-06-26 00:00:00;2026-07-11 00:00:00;33082;260704A;RH+5TIG110M_S;RH+5TIG110M;Optitorque RH+5TIG110M;Optitorque RH+5TIG110M;;;RFC;6827;6827;0;0;RC26E211V-01;RC26E211V-01;RFC HT SIDE LABEL EXPORT TVC;Nhãn nắp RFC HT xuất khẩu TVC;ZROH;260505VJ;1366;3004;1378;0020
260704A;000010077003;TECO - Technically completed;2026-07-04 00:00:00;2026-06-26 00:00:00;2026-07-11 00:00:00;33082;260704A;RH+5TIG110M_S;RH+5TIG110M;Optitorque RH+5TIG110M;Optitorque RH+5TIG110M;;;RFC;6827;6827;0;0;RC26C1242V-1;RC26C1242V-1;RFC HT SHIPPING BOX LABEL EXPORT TVC;Nhãn TXX RFC HT xuất khẩu TVC;ZROH;260410VJ;547;3004;555;0030
260704A;000010077003;TECO - Technically completed;2026-07-04 00:00:00;2026-06-26 00:00:00;2026-07-11 00:00:00;33082;260704A;RH+5TIG110M_S;RH+5TIG110M;Optitorque RH+5TIG110M;Optitorque RH+5TIG110M;;;RFC;6827;6827;0;0;RHE5TIG110;RHE5TIG110;SP đã lắp ráp RH5TIG110;SP đã lắp ráp RH5TIG110;ZHAL;260702E01;6827;3004;406;0040
260704A;000010077003;TECO - Technically completed;2026-07-04 00:00:00;2026-06-26 00:00:00;2026-07-11 00:00:00;33082;260704A;RH+5TIG110M_S;RH+5TIG110M;Optitorque RH+5TIG110M;Optitorque RH+5TIG110M;;;RFC;6827;6827;0;0;RHE5TIG110;RHE5TIG110;SP đã lắp ráp RH5TIG110;SP đã lắp ráp RH5TIG110;ZHAL;260703E01;0;3004;6421;0040
260704A;000010077003;TECO - Technically completed;2026-07-04 00:00:00;2026-06-26 00:00:00;2026-07-11 00:00:00;33082;260704A;RH+5TIG110M_S;RH+5TIG110M;Optitorque RH+5TIG110M;Optitorque RH+5TIG110M;;;RFC;6827;6827;0;0;RC30X702V;RC30X702V;RFC PEEL BAG B TVC;TÚI ĐÓNG GÓI RFC B TVC;ZROH;250826DS;6827;3004;6835;0050
260704A;000010077003;TECO - Technically completed;2026-07-04 00:00:00;2026-06-26 00:00:00;2026-07-11 00:00:00;33082;260704A;RH+5TIG110M_S;RH+5TIG110M;Optitorque RH+5TIG110M;Optitorque RH+5TIG110M;;;RFC;6827;6827;0;0;RC32X302V;RC32X302V;RFC PAPER BOARD B TVC;BÌA ĐỠ RFC B TVC;ZROH;260209P;6827;3004;6846;0060
260704A;000010077003;TECO - Technically completed;2026-07-04 00:00:00;2026-06-26 00:00:00;2026-07-11 00:00:00;33082;260704A;RH+5TIG110M_S;RH+5TIG110M;Optitorque RH+5TIG110M;Optitorque RH+5TIG110M;;;RFC;6827;6827;0;0;RC34C1401V-2;RC34C1401V-2;RFC HT INSTRUCTION MANUAL TVC;HƯỚNG DẪN SỬ DỤNG RFC HT TVC;ZROH;20260205;1366;3004;1366;0070
260704A;000010077003;TECO - Technically completed;2026-07-04 00:00:00;2026-06-26 00:00:00;2026-07-11 00:00:00;33082;260704A;RH+5TIG110M_S;RH+5TIG110M;Optitorque RH+5TIG110M;Optitorque RH+5TIG110M;;;RFC;6827;6827;0;0;RC36X7021V-1;RC36X7021V-1;RFC UNIT BOX B1 TVC;Hộp đơn vị RFC B1 TVC;ZROH;260416-1;1366;3004;1367;0080
260704A;000010077003;TECO - Technically completed;2026-07-04 00:00:00;2026-06-26 00:00:00;2026-07-11 00:00:00;33082;260704A;RH+5TIG110M_S;RH+5TIG110M;Optitorque RH+5TIG110M;Optitorque RH+5TIG110M;;;RFC;6827;6827;0;0;RC37X1021V;RC37X1021V;RFC SHIPPING BOX B1 TVC;Thùng xuất xưởng RFC B1 TVC;ZROH;260415-1;274;3004;274;0090
260706A;000010077004;TECO - Technically completed;2026-07-06 00:00:00;2026-07-01 00:00:00;2026-07-13 00:00:00;33082;260706A;RH+5TIG110M_S;RH+5TIG110M;Optitorque RH+5TIG110M;Optitorque RH+5TIG110M;;;RFC;6827;6827;0;0;RC26C1233V-1;RC26C1233V-1;RFC HT BAG-UNIT BOX LABEL EXPORT TVC;Nhãn túi-HĐV RFC HT xuất khẩu TVC;ZROH;260405VJ;8193;3004;8235;0010
260706A;000010077004;TECO - Technically completed;2026-07-06 00:00:00;2026-07-01 00:00:00;2026-07-13 00:00:00;33082;260706A;RH+5TIG110M_S;RH+5TIG110M;Optitorque RH+5TIG110M;Optitorque RH+5TIG110M;;;RFC;6827;6827;0;0;RC26E211V-01;RC26E211V-01;RFC HT SIDE LABEL EXPORT TVC;Nhãn nắp RFC HT xuất khẩu TVC;ZROH;260505VJ;1366;3004;1376;0020
260706A;000010077004;TECO - Technically completed;2026-07-06 00:00:00;2026-07-01 00:00:00;2026-07-13 00:00:00;33082;260706A;RH+5TIG110M_S;RH+5TIG110M;Optitorque RH+5TIG110M;Optitorque RH+5TIG110M;;;RFC;6827;6827;0;0;RC26C1242V-1;RC26C1242V-1;RFC HT SHIPPING BOX LABEL EXPORT TVC;Nhãn TXX RFC HT xuất khẩu TVC;ZROH;260410VJ;547;3004;559;0030
260706A;000010077004;TECO - Technically completed;2026-07-06 00:00:00;2026-07-01 00:00:00;2026-07-13 00:00:00;33082;260706A;RH+5TIG110M_S;RH+5TIG110M;Optitorque RH+5TIG110M;Optitorque RH+5TIG110M;;;RFC;6827;6827;0;0;RHE5TIG110;RHE5TIG110;SP đã lắp ráp RH5TIG110;SP đã lắp ráp RH5TIG110;ZHAL;260703E01;6827;3004;405;0040
260706A;000010077004;TECO - Technically completed;2026-07-06 00:00:00;2026-07-01 00:00:00;2026-07-13 00:00:00;33082;260706A;RH+5TIG110M_S;RH+5TIG110M;Optitorque RH+5TIG110M;Optitorque RH+5TIG110M;;;RFC;6827;6827;0;0;RHE5TIG110;RHE5TIG110;SP đã lắp ráp RH5TIG110;SP đã lắp ráp RH5TIG110;ZHAL;260704E01;0;3004;6422;0040
260706A;000010077004;TECO - Technically completed;2026-07-06 00:00:00;2026-07-01 00:00:00;2026-07-13 00:00:00;33082;260706A;RH+5TIG110M_S;RH+5TIG110M;Optitorque RH+5TIG110M;Optitorque RH+5TIG110M;;;RFC;6827;6827;0;0;RC30X702V;RC30X702V;RFC PEEL BAG B TVC;TÚI ĐÓNG GÓI RFC B TVC;ZROH;250826DS;6827;3004;6827;0050
260706A;000010077004;TECO - Technically completed;2026-07-06 00:00:00;2026-07-01 00:00:00;2026-07-13 00:00:00;33082;260706A;RH+5TIG110M_S;RH+5TIG110M;Optitorque RH+5TIG110M;Optitorque RH+5TIG110M;;;RFC;6827;6827;0;0;RC30X702V;RC30X702V;RFC PEEL BAG B TVC;TÚI ĐÓNG GÓI RFC B TVC;ZROH;250919DS;0;3004;2;0050
260706A;000010077004;TECO - Technically completed;2026-07-06 00:00:00;2026-07-01 00:00:00;2026-07-13 00:00:00;33082;260706A;RH+5TIG110M_S;RH+5TIG110M;Optitorque RH+5TIG110M;Optitorque RH+5TIG110M;;;RFC;6827;6827;0;0;RC32X302V;RC32X302V;RFC PAPER BOARD B TVC;BÌA ĐỠ RFC B TVC;ZROH;260209P;6827;3004;6853;0060
260706A;000010077004;TECO - Technically completed;2026-07-06 00:00:00;2026-07-01 00:00:00;2026-07-13 00:00:00;33082;260706A;RH+5TIG110M_S;RH+5TIG110M;Optitorque RH+5TIG110M;Optitorque RH+5TIG110M;;;RFC;6827;6827;0;0;RC34C1401V-2;RC34C1401V-2;RFC HT INSTRUCTION MANUAL TVC;HƯỚNG DẪN SỬ DỤNG RFC HT TVC;ZROH;20260205;1366;3004;1366;0070
260706A;000010077004;TECO - Technically completed;2026-07-06 00:00:00;2026-07-01 00:00:00;2026-07-13 00:00:00;33082;260706A;RH+5TIG110M_S;RH+5TIG110M;Optitorque RH+5TIG110M;Optitorque RH+5TIG110M;;;RFC;6827;6827;0;0;RC36X7021V-1;RC36X7021V-1;RFC UNIT BOX B1 TVC;Hộp đơn vị RFC B1 TVC;ZROH;260416-1;1366;3004;1366;0080
260706A;000010077004;TECO - Technically completed;2026-07-06 00:00:00;2026-07-01 00:00:00;2026-07-13 00:00:00;33082;260706A;RH+5TIG110M_S;RH+5TIG110M;Optitorque RH+5TIG110M;Optitorque RH+5TIG110M;;;RFC;6827;6827;0;0;RC37X1021V;RC37X1021V;RFC SHIPPING BOX B1 TVC;Thùng xuất xưởng RFC B1 TVC;ZROH;260415-1;274;3004;276;0090
260704E01;000010077010;TECO - Technically completed;2026-07-04 00:00:00;2026-06-26 00:00:00;2026-07-11 00:00:00;33040;260704E01;RC80H5JA0MK;RC80H5JA0MK;SP đã NKN H5M J 20MM;SP đã NKN H5M J 20MM;;;RFC;6960;6691;4;0;RC85GT5M;RC85GT5M;Sản phẩm đã kiểm tra RFC GF HT5M;Sản phẩm đã kiểm tra RFC GF HT5M;ZHAL;260506C01;6960;3004;6707;0010
260704E01;000010077010;TECO - Technically completed;2026-07-04 00:00:00;2026-06-26 00:00:00;2026-07-11 00:00:00;33040;260704E01;RC80H5JA0MK;RC80H5JA0MK;SP đã NKN H5M J 20MM;SP đã NKN H5M J 20MM;;;RFC;6960;6691;4;0;RC04X100V;RC04X100V;RF-HT SOFT TIP 5FR TVC;TIP MỀM RF-HT 5FR TVC;ZROH;FC25321D5;6960;3004;6706;0020
260704E02;000010077012;TECO - Technically completed;2026-07-04 00:00:00;2026-06-26 00:00:00;2026-07-11 00:00:00;33050;260704E02;RC70K5JA0M00;RC70K5JA0M00;SP đã GCĐM H5M J 20MM;SP đã GCĐM H5M J 20MM;;;RFC;6951;6655;2;0;RC80H5JA0MK;RC80H5JA0MK;SP đã NKN H5M J 20MM;SP đã NKN H5M J 20MM;ZHAL;260703E02;6951;3004;6657;0010
260704E02;000010077015;TECO - Technically completed;2026-07-04 00:00:00;2026-06-26 00:00:00;2026-07-11 00:00:00;33070;260704E02;RHE5CR4000K;RHE5CR4000K;SP đã lắp ráp RH5CR4000;SP đã lắp ráp RH5CR4000;;;RFC;6951;5602;0;0;RHC5CR4000K;RHC5CR4000K;SP đã memory RH5CR4000;SP đã memory RH5CR4000;ZHAL;260703E02;6951;3004;5605;0010
260704E02;000010077015;TECO - Technically completed;2026-07-04 00:00:00;2026-06-26 00:00:00;2026-07-11 00:00:00;33070;260704E02;RHE5CR4000K;RHE5CR4000K;SP đã lắp ráp RH5CR4000;SP đã lắp ráp RH5CR4000;;;RFC;6951;5602;0;0;RC00X351S0;RC00X351S0;Chuôi đã in RFC 5FrH100 cm;Chuôi đã in RFC 5FrH100 cm;ZHAL;260617E01;6951;3004;5440;0020
260704E02;000010077015;TECO - Technically completed;2026-07-04 00:00:00;2026-06-26 00:00:00;2026-07-11 00:00:00;33070;260704E02;RHE5CR4000K;RHE5CR4000K;SP đã lắp ráp RH5CR4000;SP đã lắp ráp RH5CR4000;;;RFC;6951;5602;0;0;RC00X351S0;RC00X351S0;Chuôi đã in RFC 5FrH100 cm;Chuôi đã in RFC 5FrH100 cm;ZHAL;260701E01;0;3004;253;0020
260704E02;000010077015;TECO - Technically completed;2026-07-04 00:00:00;2026-06-26 00:00:00;2026-07-11 00:00:00;33070;260704E02;RHE5CR4000K;RHE5CR4000K;SP đã lắp ráp RH5CR4000;SP đã lắp ráp RH5CR4000;;;RFC;6951;5602;0;0;RC01X150V;RC01X150V;RFC CATHETER ANTI-KINK TUBE 5FR TVC;ỐNG CHỐNG GẬP RFC 5FR TVC;ZROH;251026;6951;3004;5605;0030
260706E01;000010077017;REL - Released;2026-07-06 00:00:00;2026-06-26 00:00:00;2026-07-13 00:00:00;33040;260706E01;RC80H5JA0MK;RC80H5JA0MK;SP đã NKN H5M J 20MM;SP đã NKN H5M J 20MM;;;RFC;6960;4528;0;0;RC85GT5M;RC85GT5M;Sản phẩm đã kiểm tra RFC GF HT5M;Sản phẩm đã kiểm tra RFC GF HT5M;ZHAL;260507C01;6960;3004;4540;0010
260706E01;000010077017;REL - Released;2026-07-06 00:00:00;2026-06-26 00:00:00;2026-07-13 00:00:00;33040;260706E01;RC80H5JA0MK;RC80H5JA0MK;SP đã NKN H5M J 20MM;SP đã NKN H5M J 20MM;;;RFC;6960;4528;0;0;RC04X100V;RC04X100V;RF-HT SOFT TIP 5FR TVC;TIP MỀM RF-HT 5FR TVC;ZROH;FC25321D5;6960;3004;4539;0020
260706E01;000010077018;REL - Released;2026-07-06 00:00:00;2026-06-26 00:00:00;2026-07-13 00:00:00;33050;260706E01;RC70K5JA0M00;RC70K5JA0M00;SP đã GCĐM H5M J 20MM;SP đã GCĐM H5M J 20MM;;;RFC;6951;1666;0;0;RC80H5JA0MK;RC80H5JA0MK;SP đã NKN H5M J 20MM;SP đã NKN H5M J 20MM;ZHAL;260704E01;6951;3004;1666;0010
260706E01;000010077019;TECO - Technically completed;2026-07-06 00:00:00;2026-06-26 00:00:00;2026-07-13 00:00:00;33060;260706E01;RHC5CR4000K;RHC5CR4000K;SP đã memory RH5CR4000;SP đã memory RH5CR4000;;;RFC;6951;6705;4;0;RC70K5JA0M00;RC70K5JA0M00;SP đã GCĐM H5M J 20MM;SP đã GCĐM H5M J 20MM;ZHAL;260704E01;6951;3004;6710;0010
260706E02;000010077020;REL - Released;2026-07-06 00:00:00;2026-06-26 00:00:00;2026-07-13 00:00:00;33060;260706E02;RHC5CR4000K;RHC5CR4000K;SP đã memory RH5CR4000;SP đã memory RH5CR4000;;;RFC;6951;2191;0;0;RC70K5JA0M00;RC70K5JA0M00;SP đã GCĐM H5M J 20MM;SP đã GCĐM H5M J 20MM;ZHAL;260704E02;6951;3004;2191;0010
260707E01;000010077025;REL - Released;2026-07-07 00:00:00;2026-06-26 00:00:00;2026-07-14 00:00:00;33040;260707E01;RC80H5JA0MK;RC80H5JA0MK;SP đã NKN H5M J 20MM;SP đã NKN H5M J 20MM;;;RFC;6960;1105;0;0;RC85GT5M;RC85GT5M;Sản phẩm đã kiểm tra RFC GF HT5M;Sản phẩm đã kiểm tra RFC GF HT5M;ZHAL;260509C01;6960;3004;1108;0010
260707E01;000010077025;REL - Released;2026-07-07 00:00:00;2026-06-26 00:00:00;2026-07-14 00:00:00;33040;260707E01;RC80H5JA0MK;RC80H5JA0MK;SP đã NKN H5M J 20MM;SP đã NKN H5M J 20MM;;;RFC;6960;1105;0;0;RC04X100V;RC04X100V;RF-HT SOFT TIP 5FR TVC;TIP MỀM RF-HT 5FR TVC;ZROH;FC25321D5;6960;3004;1108;0020
260704E01;000010077035;REL - Released;2026-07-04 00:00:00;2026-06-26 00:00:00;2026-07-11 00:00:00;33015;260704E01;GL80G4M;GL80G4M;SP đã cắt GL 4M 180MM;SP đã cắt GL 4M 180MM;;;RFC;4300;774;0;0;RC85GL4M;RC85GL4M;Sản phẩm đã kiểm tra;Sản phẩm đã kiểm tra;ZHAL;260625E01;4300;3004;774;0010
260704E01;000010077036;REL - Released;2026-07-04 00:00:00;2026-06-26 00:00:00;2026-07-11 00:00:00;33020;260704E01;GL75G4M;GL75G4M;SP đã phủ M II GL 4M;SP đã phủ M II GL 4M;;;RFC;4300;1680;0;0;GL80G4M;GL80G4M;SP đã cắt GL 4M 180MM;SP đã cắt GL 4M 180MM;ZHAL;260702E01;4300;3004;1681;0010
260704E01;000010077037;REL - Released;2026-07-04 00:00:00;2026-06-26 00:00:00;2026-07-11 00:00:00;33030;260704E01;GLCG4M;GLCG4M;SP đã KTC GL 4M;SP đã KTC GL 4M;;;RFC;4300;3174;0;0;GL75G4M;GL75G4M;SP đã phủ M II GL 4M;SP đã phủ M II GL 4M;ZHAL;260702E01;4300;3004;3294;0010
260704H;000010077041;TECO - Technically completed;2026-07-04 00:00:00;2026-07-02 00:00:00;2026-07-11 00:00:00;33084;260704H;RH/5TIG110M_S;RH*5TIG110M;Optitorque RH*5TIG110M;Optitorque RH*5TIG110M;;;RFC;6827;6827;0;0;RC26E1233V-1;RC26E1233V-1;RFC HT BAG-UNIT BOX LABEL EXPORT TVC;Nhãn túi-HĐV RFC HT xuất khẩu TVC;ZROH;260527VJ;8193;3004;597;0010
260704H;000010077041;TECO - Technically completed;2026-07-04 00:00:00;2026-07-02 00:00:00;2026-07-11 00:00:00;33084;260704H;RH/5TIG110M_S;RH*5TIG110M;Optitorque RH*5TIG110M;Optitorque RH*5TIG110M;;;RFC;6827;6827;0;0;RC26E1233V-1;RC26E1233V-1;RFC HT BAG-UNIT BOX LABEL EXPORT TVC;Nhãn túi-HĐV RFC HT xuất khẩu TVC;ZROH;260605VJ;0;3004;7651;0010
260704H;000010077041;TECO - Technically completed;2026-07-04 00:00:00;2026-07-02 00:00:00;2026-07-11 00:00:00;33084;260704H;RH/5TIG110M_S;RH*5TIG110M;Optitorque RH*5TIG110M;Optitorque RH*5TIG110M;;;RFC;6827;6827;0;0;RC26E211V-01;RC26E211V-01;RFC HT SIDE LABEL EXPORT TVC;Nhãn nắp RFC HT xuất khẩu TVC;ZROH;260505VJ;1366;3004;1378;0020
260704H;000010077041;TECO - Technically completed;2026-07-04 00:00:00;2026-07-02 00:00:00;2026-07-11 00:00:00;33084;260704H;RH/5TIG110M_S;RH*5TIG110M;Optitorque RH*5TIG110M;Optitorque RH*5TIG110M;;;RFC;6827;6827;0;0;RC26E1242V-1;RC26E1242V-1;RFC HT SHIPPING BOX LABEL EXPORT TVC;Nhãn TXX RFC HT xuất khẩu TVC;ZROH;260526VJ;547;3004;561;0030
260704H;000010077041;TECO - Technically completed;2026-07-04 00:00:00;2026-07-02 00:00:00;2026-07-11 00:00:00;33084;260704H;RH/5TIG110M_S;RH*5TIG110M;Optitorque RH*5TIG110M;Optitorque RH*5TIG110M;;;RFC;6827;6827;0;0;RHE5TIG110K;RHE5TIG110K;SP đã lắp ráp RH5TIG110;SP đã lắp ráp RH5TIG110;ZHAL;260701E01;6827;3004;5236;0040
260704H;000010077041;TECO - Technically completed;2026-07-04 00:00:00;2026-07-02 00:00:00;2026-07-11 00:00:00;33084;260704H;RH/5TIG110M_S;RH*5TIG110M;Optitorque RH*5TIG110M;Optitorque RH*5TIG110M;;;RFC;6827;6827;0;0;RHE5TIG110K;RHE5TIG110K;SP đã lắp ráp RH5TIG110;SP đã lắp ráp RH5TIG110;ZHAL;260703E01;0;3004;1591;0040
260704H;000010077041;TECO - Technically completed;2026-07-04 00:00:00;2026-07-02 00:00:00;2026-07-11 00:00:00;33084;260704H;RH/5TIG110M_S;RH*5TIG110M;Optitorque RH*5TIG110M;Optitorque RH*5TIG110M;;;RFC;6827;6827;0;0;RC30X702V;RC30X702V;RFC PEEL BAG B TVC;TÚI ĐÓNG GÓI RFC B TVC;ZROH;250826DS;6827;3004;6827;0050
260704H;000010077041;TECO - Technically completed;2026-07-04 00:00:00;2026-07-02 00:00:00;2026-07-11 00:00:00;33084;260704H;RH/5TIG110M_S;RH*5TIG110M;Optitorque RH*5TIG110M;Optitorque RH*5TIG110M;;;RFC;6827;6827;0;0;RC30X702V;RC30X702V;RFC PEEL BAG B TVC;TÚI ĐÓNG GÓI RFC B TVC;ZROH;250919DS;0;3004;4;0050
260704H;000010077041;TECO - Technically completed;2026-07-04 00:00:00;2026-07-02 00:00:00;2026-07-11 00:00:00;33084;260704H;RH/5TIG110M_S;RH*5TIG110M;Optitorque RH*5TIG110M;Optitorque RH*5TIG110M;;;RFC;6827;6827;0;0;RC32X302V;RC32X302V;RFC PAPER BOARD B TVC;BÌA ĐỠ RFC B TVC;ZROH;260209P;6827;3004;6841;0060
260704H;000010077041;TECO - Technically completed;2026-07-04 00:00:00;2026-07-02 00:00:00;2026-07-11 00:00:00;33084;260704H;RH/5TIG110M_S;RH*5TIG110M;Optitorque RH*5TIG110M;Optitorque RH*5TIG110M;;;RFC;6827;6827;0;0;RC34E1401V-2;RC34E1401V-2;RFC HT INSTRUCTION MANUAL TVC;HƯỚNG DẪN SỬ DỤNG RFC HT TVC;ZROH;20260423;1366;3004;1366;0070
260704H;000010077041;TECO - Technically completed;2026-07-04 00:00:00;2026-07-02 00:00:00;2026-07-11 00:00:00;33084;260704H;RH/5TIG110M_S;RH*5TIG110M;Optitorque RH*5TIG110M;Optitorque RH*5TIG110M;;;RFC;6827;6827;0;0;RC36X7021V-1;RC36X7021V-1;RFC UNIT BOX B1 TVC;Hộp đơn vị RFC B1 TVC;ZROH;260416-1;1366;3004;1366;0080
260704H;000010077041;TECO - Technically completed;2026-07-04 00:00:00;2026-07-02 00:00:00;2026-07-11 00:00:00;33084;260704H;RH/5TIG110M_S;RH*5TIG110M;Optitorque RH*5TIG110M;Optitorque RH*5TIG110M;;;RFC;6827;6827;0;0;RC37X1021V;RC37X1021V;RFC SHIPPING BOX B1 TVC;Thùng xuất xưởng RFC B1 TVC;ZROH;260415-1;274;3004;274;0090
260704C02;000010077054;REL - Released;2026-07-04 00:00:00;2026-06-26 00:00:00;2026-07-11 00:00:00;20265;260704C02;GTO5P53TU61;GTO5P53TU61;SP đã GCĐM H5P 50mm 33mm;SP đã GCĐM H5P 50mm 33mm;;;RFC;1806;1801;0;0;NTO5P53TU;NTO5P53TU;SP đã NKN H5 P 50mm 33mm;SP đã NKN H5 P 50mm 33mm;ZHAL;260703C02;1806;;1803;0010
260704C01;000010077055;TECO - Technically completed;2026-07-04 00:00:00;2026-06-26 00:00:00;2026-07-11 00:00:00;20255;260704C01;TH80H5JA0M;TH80H5JA0M;SP đã NKN H5M J 27MM;SP đã NKN H5M J 27MM;;;RFC;6879;6857;10;0;RC85UT5M;RC85UT5M;SP đã kiểm tra RFC UBE HT5M;SP đã kiểm tra RFC UBE HT5M;ZHAL;260517E01;6879;;6879;0010
260704C01;000010077055;TECO - Technically completed;2026-07-04 00:00:00;2026-06-26 00:00:00;2026-07-11 00:00:00;20255;260704C01;TH80H5JA0M;TH80H5JA0M;SP đã NKN H5M J 27MM;SP đã NKN H5M J 27MM;;;RFC;6879;6857;10;0;RC04X100V;RC04X100V;RF-HT SOFT TIP 5FR TVC;TIP MỀM RF-HT 5FR TVC;ZROH;FC25321D4;0;;2872;0020
260704C01;000010077055;TECO - Technically completed;2026-07-04 00:00:00;2026-06-26 00:00:00;2026-07-11 00:00:00;20255;260704C01;TH80H5JA0M;TH80H5JA0M;SP đã NKN H5M J 27MM;SP đã NKN H5M J 27MM;;;RFC;6879;6857;10;0;RC04X100V;RC04X100V;RF-HT SOFT TIP 5FR TVC;TIP MỀM RF-HT 5FR TVC;ZROH;FC25321D3;6879;;4006;0020
260704C01;000010077056;TECO - Technically completed;2026-07-04 00:00:00;2026-06-26 00:00:00;2026-07-11 00:00:00;20265;260704C01;TH70H5JA0M00;TH70H5JA0M00;SP đã GCĐM H5M J 27MM;SP đã GCĐM H5M J 27MM;;;RFC;1396;1372;4;0;TH80H5JA0M;TH80H5JA0M;SP đã NKN H5M J 27MM;SP đã NKN H5M J 27MM;ZHAL;260702C01;1396;;1376;0010
260706C01;000010077057;REL - Released;2026-07-06 00:00:00;2026-06-26 00:00:00;2026-07-13 00:00:00;20255;260706C01;TH80H5JA0M;TH80H5JA0M;SP đã NKN H5M J 27MM;SP đã NKN H5M J 27MM;;;RFC;6789;4459;0;0;RC85UT5M;RC85UT5M;SP đã kiểm tra RFC UBE HT5M;SP đã kiểm tra RFC UBE HT5M;ZHAL;260519E01;6789;;4497;0010
260706C01;000010077057;REL - Released;2026-07-06 00:00:00;2026-06-26 00:00:00;2026-07-13 00:00:00;20255;260706C01;TH80H5JA0M;TH80H5JA0M;SP đã NKN H5M J 27MM;SP đã NKN H5M J 27MM;;;RFC;6789;4459;0;0;RC04X100V;RC04X100V;RF-HT SOFT TIP 5FR TVC;TIP MỀM RF-HT 5FR TVC;ZROH;FC25321D3;6789;;175;0020
260706C01;000010077057;REL - Released;2026-07-06 00:00:00;2026-06-26 00:00:00;2026-07-13 00:00:00;20255;260706C01;TH80H5JA0M;TH80H5JA0M;SP đã NKN H5M J 27MM;SP đã NKN H5M J 27MM;;;RFC;6789;4459;0;0;RC04X100V;RC04X100V;RF-HT SOFT TIP 5FR TVC;TIP MỀM RF-HT 5FR TVC;ZROH;FC25321D4;0;;4317;0020
260704V;000010078662;TECO - Technically completed;2026-07-04 00:00:00;2026-06-26 00:00:00;2026-07-11 00:00:00;20307;260704V;TVC70H5JA001;TVC70H5JA001;Radifocus Optitorque Shaft;Ashitaka Optitorque Bulk;;;RFC;12073;12073;0;0;RS34MOT01V;RS34MOT01V;IK Bulk Label;Nhãn IK Bulk;ZROH;251220VJ;121;3003;175;0010
260704V;000010078662;TECO - Technically completed;2026-07-04 00:00:00;2026-06-26 00:00:00;2026-07-11 00:00:00;20307;260704V;TVC70H5JA001;TVC70H5JA001;Radifocus Optitorque Shaft;Ashitaka Optitorque Bulk;;;RFC;12073;12073;0;0;TH70H5JA0M10;TH70H5JA0M10;SP đã GCĐM H5M J 27MM;SP đã GCĐM H5M J 27MM;ZHAL;260609C01;12073;3003;79;0020
260704V;000010078662;TECO - Technically completed;2026-07-04 00:00:00;2026-06-26 00:00:00;2026-07-11 00:00:00;20307;260704V;TVC70H5JA001;TVC70H5JA001;Radifocus Optitorque Shaft;Ashitaka Optitorque Bulk;;;RFC;12073;12073;0;0;TH70H5JA0M10;TH70H5JA0M10;SP đã GCĐM H5M J 27MM;SP đã GCĐM H5M J 27MM;ZHAL;260702C01;0;3003;6799;0020
260704V;000010078662;TECO - Technically completed;2026-07-04 00:00:00;2026-06-26 00:00:00;2026-07-11 00:00:00;20307;260704V;TVC70H5JA001;TVC70H5JA001;Radifocus Optitorque Shaft;Ashitaka Optitorque Bulk;;;RFC;12073;12073;0;0;TH70H5JA0M10;TH70H5JA0M10;SP đã GCĐM H5M J 27MM;SP đã GCĐM H5M J 27MM;ZHAL;260703C01;0;3003;5195;0020
260704V;000010078662;TECO - Technically completed;2026-07-04 00:00:00;2026-06-26 00:00:00;2026-07-11 00:00:00;20307;260704V;TVC70H5JA001;TVC70H5JA001;Radifocus Optitorque Shaft;Ashitaka Optitorque Bulk;;;RFC;12073;12073;0;0;RC21X002V;RC21X002V;PE TUBE PINK 0.07*130*500m;Ống PE dùng cho sản phẩm RFC Bulk (Hồng);ZROH;260304152;105638.75;3003;105000;0030
260704V;000010078662;TECO - Technically completed;2026-07-04 00:00:00;2026-06-26 00:00:00;2026-07-11 00:00:00;20307;260704V;TVC70H5JA001;TVC70H5JA001;Radifocus Optitorque Shaft;Ashitaka Optitorque Bulk;;;RFC;12073;12073;0;0;RC21X003V;RC21X003V;Aircap width 500mm;Aircap rộng 500mm;ZROH;260318-1;7847.45;3003;7020;0040
260704V;000010078662;TECO - Technically completed;2026-07-04 00:00:00;2026-06-26 00:00:00;2026-07-11 00:00:00;20307;260704V;TVC70H5JA001;TVC70H5JA001;Radifocus Optitorque Shaft;Ashitaka Optitorque Bulk;;;RFC;12073;12073;0;0;RC21X003V;RC21X003V;Aircap width 500mm;Aircap rộng 500mm;ZROH;260518-1;0;3003;780;0040
260704V;000010078662;TECO - Technically completed;2026-07-04 00:00:00;2026-06-26 00:00:00;2026-07-11 00:00:00;20307;260704V;TVC70H5JA001;TVC70H5JA001;Radifocus Optitorque Shaft;Ashitaka Optitorque Bulk;;;RFC;12073;12073;0;0;RC20X003V;RC20X003V;RFC BULK PAPER TUBE;Ống giấy RFC Bulk;ZROH;260402VK;31;3003;30;0050
260704V;000010078662;TECO - Technically completed;2026-07-04 00:00:00;2026-06-26 00:00:00;2026-07-11 00:00:00;20307;260704V;TVC70H5JA001;TVC70H5JA001;Radifocus Optitorque Shaft;Ashitaka Optitorque Bulk;;;RFC;12073;12073;0;0;RC20X004V;RC20X004V;RFC BULK PAPER TUBE CAP;Nắp ống giấy RFC Bulk;ZROH;260402VK;61;3003;60;0060
260704V;000010078662;TECO - Technically completed;2026-07-04 00:00:00;2026-06-26 00:00:00;2026-07-11 00:00:00;20307;260704V;TVC70H5JA001;TVC70H5JA001;Radifocus Optitorque Shaft;Ashitaka Optitorque Bulk;;;RFC;12073;12073;0;0;RC20X001V;RC20X001V;RFC BULK POUCH;Túi bọc ống giấy RFC Bulk;ZROH;250918;31;3003;31;0070
260704V;000010078662;TECO - Technically completed;2026-07-04 00:00:00;2026-06-26 00:00:00;2026-07-11 00:00:00;20307;260704V;TVC70H5JA001;TVC70H5JA001;Radifocus Optitorque Shaft;Ashitaka Optitorque Bulk;;;RFC;12073;12073;0;0;RC21X004V;RC21X004V;Aircap width 800mm;Aircap rộng 800mm;ZROH;260518-2;8300.188;3003;8250;0080
260704V;000010078662;TECO - Technically completed;2026-07-04 00:00:00;2026-06-26 00:00:00;2026-07-11 00:00:00;20307;260704V;TVC70H5JA001;TVC70H5JA001;Radifocus Optitorque Shaft;Ashitaka Optitorque Bulk;;;RFC;12073;12073;0;0;RC21X005V;RC21X005V;Aircap width 1500mm;Aircap rộng 1500mm;ZROH;260518-3;41393.126;3003;42000;0090
260704V;000010078662;TECO - Technically completed;2026-07-04 00:00:00;2026-06-26 00:00:00;2026-07-11 00:00:00;20307;260704V;TVC70H5JA001;TVC70H5JA001;Radifocus Optitorque Shaft;Ashitaka Optitorque Bulk;;;RFC;12073;12073;0;0;RC37X001V;RC37X001V;SHIPPING CARTON RFC BULK TVC;Thùng carton xuất xưởng RFC Bulk;ZROH;260504VK;5;3003;6;0100
260704C02;000010079153;TECO - Technically completed;2026-07-04 00:00:00;2026-06-29 00:00:00;2026-07-11 00:00:00;00050;260704C02;RC50OT5M;RC50OT5M;BTP đúc inner,kiểm tra lồi OT5M;BTP đúc inner,kiểm tra lồi OT5M;;;RFS;4800;4800;68;0;PL02X073V;PL02X073V;HEART 1 RESIN;Nhựa Heart 1;ZROH;260206;5528.16;3005;6028;0010
260704C02;000010079153;TECO - Technically completed;2026-07-04 00:00:00;2026-06-29 00:00:00;2026-07-11 00:00:00;00050;260704C02;RC50OT5M;RC50OT5M;BTP đúc inner,kiểm tra lồi OT5M;BTP đúc inner,kiểm tra lồi OT5M;;;RFS;4800;4800;68;0;RF00X122V;RF00X122V;COPPER WIRE RFC φ1.22 (TVC);Dây đồng mạ thiếc RFC φ1.22 (TVC);ZROH;260226279;0;3005;39207;0020
260704C02;000010079153;TECO - Technically completed;2026-07-04 00:00:00;2026-06-29 00:00:00;2026-07-11 00:00:00;00050;260704C02;RC50OT5M;RC50OT5M;BTP đúc inner,kiểm tra lồi OT5M;BTP đúc inner,kiểm tra lồi OT5M;;;RFS;4800;4800;68;0;RF00X122V;RF00X122V;COPPER WIRE RFC φ1.22 (TVC);Dây đồng mạ thiếc RFC φ1.22 (TVC);ZROH;260226277;50890.08;3005;12407;0020
260704C02;000010079159;TECO - Technically completed;2026-07-04 00:00:00;2026-06-29 00:00:00;2026-07-11 00:00:00;00050;260704C02;RC50OT6M;RC50OT6M;BTP đúc inner, kiểm tra lồi OT6M;BTP đúc inner, kiểm tra lồi OT6M;;;RFS;4020;4020;87;0;PL02X073V;PL02X073V;HEART 1 RESIN;Nhựa Heart 1;ZROH;260206;5127.51;3005;5628;0010
260704C02;000010079159;TECO - Technically completed;2026-07-04 00:00:00;2026-06-29 00:00:00;2026-07-11 00:00:00;00050;260704C02;RC50OT6M;RC50OT6M;BTP đúc inner, kiểm tra lồi OT6M;BTP đúc inner, kiểm tra lồi OT6M;;;RFS;4020;4020;87;0;RF00X132V;RF00X132V;COPPER WIRE RFC φ1.32 (TVC);Dây đồng mạ thiếc RFC φ1.32 (TVC);ZROH;260416538;49557.756;3005;5424;0020
260704C02;000010079159;TECO - Technically completed;2026-07-04 00:00:00;2026-06-29 00:00:00;2026-07-11 00:00:00;00050;260704C02;RC50OT6M;RC50OT6M;BTP đúc inner, kiểm tra lồi OT6M;BTP đúc inner, kiểm tra lồi OT6M;;;RFS;4020;4020;87;0;RF00X132V;RF00X132V;COPPER WIRE RFC φ1.32 (TVC);Dây đồng mạ thiếc RFC φ1.32 (TVC);ZROH;260416539;0;3005;45206;0020
260704C01;000010079160;TECO - Technically completed;2026-07-04 00:00:00;2026-06-29 00:00:00;2026-07-11 00:00:00;00055;260704C01;RC5505DOT5L;RC5505DOT5L;BTP đã chia cuộn OT5L;BTP đã chia cuộn OT5L;;;RFS;5856;5856;0;0;RF00X300V;RF00X300V;SUS316 Blader φ0.05 Double (TVC);Sợi lưới thép SUS316 φ0.05 kép (TVC);ZROH;HC2601J;5856;3005;5856;0010
260704C01;000010079161;REL - Released;2026-07-04 00:00:00;2026-06-29 00:00:00;2026-07-11 00:00:00;00055;260704C01;RC5505DOT5M;RC5505DOT5M;BTP đã chia cuộn OT5M;BTP đã chia cuộn OT5M;;;RFS;5592;3728;0;0;RF00X300V;RF00X300V;SUS316 Blader φ0.05 Double (TVC);Sợi lưới thép SUS316 φ0.05 kép (TVC);ZROH;HC2601J;5592;3005;3728;0010
260704C02;000010079162;REL - Released;2026-07-04 00:00:00;2026-06-29 00:00:00;2026-07-11 00:00:00;00055;260704C02;RC5505DOT5M;RC5505DOT5M;BTP đã chia cuộn OT5M;BTP đã chia cuộn OT5M;;;RFS;5592;932;0;0;RF00X300V;RF00X300V;SUS316 Blader φ0.05 Double (TVC);Sợi lưới thép SUS316 φ0.05 kép (TVC);ZROH;HC2601J;5592;3005;932;0010
260704C03;000010079163;REL - Released;2026-07-04 00:00:00;2026-06-29 00:00:00;2026-07-11 00:00:00;00055;260704C03;RC5505DOT5M;RC5505DOT5M;BTP đã chia cuộn OT5M;BTP đã chia cuộn OT5M;;;RFS;5592;1398;0;0;RF00X300V;RF00X300V;SUS316 Blader φ0.05 Double (TVC);Sợi lưới thép SUS316 φ0.05 kép (TVC);ZROH;HC2601J;5592;3005;1398;0010
260704C01;000010079164;REL - Released;2026-07-04 00:00:00;2026-06-29 00:00:00;2026-07-11 00:00:00;00055;260704C01;RC5505DOT6M;RC5505DOT6M;BTP đã chia cuộn OT6M;BTP đã chia cuộn OT6M;;;RFS;4500;1125;0;0;RF00X300V;RF00X300V;SUS316 Blader φ0.05 Double (TVC);Sợi lưới thép SUS316 φ0.05 kép (TVC);ZROH;HC2601J;4500;3005;1128;0010
260704C01;000010079165;TECO - Technically completed;2026-07-04 00:00:00;2026-06-29 00:00:00;2026-07-11 00:00:00;00060;260704C01;RC60OT5LSU;RC60OT5LSU;BTPđan lưới thép,CL1OT5LSUS304;BTPđan lưới thép,CL1OT5LSUS304;;;RFS;800;768;32;0;RC50OT5LSU;RC50OT5LSU;BTP đúc inner, KTL OT5L SUS304;BTP đúc inner, KTL OT5L SUS304;ZHAL;260703C01;800;3005;800;0010
260704C01;000010079165;TECO - Technically completed;2026-07-04 00:00:00;2026-06-29 00:00:00;2026-07-11 00:00:00;00060;260704C01;RC60OT5LSU;RC60OT5LSU;BTPđan lưới thép,CL1OT5LSUS304;BTPđan lưới thép,CL1OT5LSUS304;;;RFS;800;768;32;0;RC5505DOT5L;RC5505DOT5L;BTP đã chia cuộn OT5L;BTP đã chia cuộn OT5L;ZHAL;260703C01;488;3005;488;0020
260704C02;000010079166;TECO - Technically completed;2026-07-04 00:00:00;2026-06-29 00:00:00;2026-07-11 00:00:00;00060;260704C02;RC60OT5LSU;RC60OT5LSU;BTPđan lưới thép,CL1OT5LSUS304;BTPđan lưới thép,CL1OT5LSUS304;;;RFS;800;792;8;0;RC50OT5LSU;RC50OT5LSU;BTP đúc inner, KTL OT5L SUS304;BTP đúc inner, KTL OT5L SUS304;ZHAL;260703C01;800;3005;800;0010
260704C02;000010079166;TECO - Technically completed;2026-07-04 00:00:00;2026-06-29 00:00:00;2026-07-11 00:00:00;00060;260704C02;RC60OT5LSU;RC60OT5LSU;BTPđan lưới thép,CL1OT5LSUS304;BTPđan lưới thép,CL1OT5LSUS304;;;RFS;800;792;8;0;RC5505DOT5L;RC5505DOT5L;BTP đã chia cuộn OT5L;BTP đã chia cuộn OT5L;ZHAL;260703C01;488;3005;488;0020
260704C04;000010079168;TECO - Technically completed;2026-07-04 00:00:00;2026-06-29 00:00:00;2026-07-11 00:00:00;00060;260704C04;RC60OT5LSU;RC60OT5LSU;BTPđan lưới thép,CL1OT5LSUS304;BTPđan lưới thép,CL1OT5LSUS304;;;RFS;800;791;9;0;RC50OT5LSU;RC50OT5LSU;BTP đúc inner, KTL OT5L SUS304;BTP đúc inner, KTL OT5L SUS304;ZHAL;260703C01;800;3005;800;0010
260704C04;000010079168;TECO - Technically completed;2026-07-04 00:00:00;2026-06-29 00:00:00;2026-07-11 00:00:00;00060;260704C04;RC60OT5LSU;RC60OT5LSU;BTPđan lưới thép,CL1OT5LSUS304;BTPđan lưới thép,CL1OT5LSUS304;;;RFS;800;791;9;0;RC5505DOT5L;RC5505DOT5L;BTP đã chia cuộn OT5L;BTP đã chia cuộn OT5L;ZHAL;260703C01;488;3005;488;0020
260704C05;000010079169;TECO - Technically completed;2026-07-04 00:00:00;2026-06-29 00:00:00;2026-07-11 00:00:00;00060;260704C05;RC60OT5LSU;RC60OT5LSU;BTPđan lưới thép,CL1OT5LSUS304;BTPđan lưới thép,CL1OT5LSUS304;;;RFS;800;778;22;0;RC50OT5LSU;RC50OT5LSU;BTP đúc inner, KTL OT5L SUS304;BTP đúc inner, KTL OT5L SUS304;ZHAL;260703C01;800;3005;800;0010
260704C05;000010079169;TECO - Technically completed;2026-07-04 00:00:00;2026-06-29 00:00:00;2026-07-11 00:00:00;00060;260704C05;RC60OT5LSU;RC60OT5LSU;BTPđan lưới thép,CL1OT5LSUS304;BTPđan lưới thép,CL1OT5LSUS304;;;RFS;800;778;22;0;RC5505DOT5L;RC5505DOT5L;BTP đã chia cuộn OT5L;BTP đã chia cuộn OT5L;ZHAL;260703C01;488;3005;488;0020
260704C05;000010079205;TECO - Technically completed;2026-07-04 00:00:00;2026-06-29 00:00:00;2026-07-11 00:00:00;00060;260704C05;RC60OT5MSU;RC60OT5MSU;BTPđan lưới thép,CL1OT5MSUS304;BTPđan lưới thép,CL1OT5MSUS304;;;RFS;800;793;7;0;RC50OT5MSU;RC50OT5MSU;BTP đúc inner,KTL OT5M SUS304;BTP đúc inner,KTL OT5M SUS304;ZHAL;260702C02;800;3005;800;0010
260704C05;000010079205;TECO - Technically completed;2026-07-04 00:00:00;2026-06-29 00:00:00;2026-07-11 00:00:00;00060;260704C05;RC60OT5MSU;RC60OT5MSU;BTPđan lưới thép,CL1OT5MSUS304;BTPđan lưới thép,CL1OT5MSUS304;;;RFS;800;793;7;0;RC5505DOT5M;RC5505DOT5M;BTP đã chia cuộn OT5M;BTP đã chia cuộn OT5M;ZHAL;260701C01;466.064;3005;466;0020
260704C07;000010079207;TECO - Technically completed;2026-07-04 00:00:00;2026-06-29 00:00:00;2026-07-11 00:00:00;00060;260704C07;RC60OT5MSU;RC60OT5MSU;BTPđan lưới thép,CL1OT5MSUS304;BTPđan lưới thép,CL1OT5MSUS304;;;RFS;800;779;21;0;RC50OT5MSU;RC50OT5MSU;BTP đúc inner,KTL OT5M SUS304;BTP đúc inner,KTL OT5M SUS304;ZHAL;260702C02;800;3005;800;0010
260704C07;000010079207;TECO - Technically completed;2026-07-04 00:00:00;2026-06-29 00:00:00;2026-07-11 00:00:00;00060;260704C07;RC60OT5MSU;RC60OT5MSU;BTPđan lưới thép,CL1OT5MSUS304;BTPđan lưới thép,CL1OT5MSUS304;;;RFS;800;779;21;0;RC5505DOT5M;RC5505DOT5M;BTP đã chia cuộn OT5M;BTP đã chia cuộn OT5M;ZHAL;260701C02;466.064;3005;466;0020
260704C02;000010079212;TECO - Technically completed;2026-07-04 00:00:00;2026-06-29 00:00:00;2026-07-11 00:00:00;00065;260704C02;RC65OT5M;RC65OT5M;BTP cắt tách,ép,cuộn lại 2 OT5M;BTP cắt tách,ép,cuộn lại 2 OT5M;;;RFS;800;797;3;0;RC60OT5M;RC60OT5M;BTP đan lưới thép,cuộn lại 1OT5M;BTP đan lưới thép,cuộn lại 1OT5M;ZHAL;260630C27;800;3005;800;0010
260704C03;000010079213;TECO - Technically completed;2026-07-04 00:00:00;2026-06-29 00:00:00;2026-07-11 00:00:00;00065;260704C03;RC65OT5M;RC65OT5M;BTP cắt tách,ép,cuộn lại 2 OT5M;BTP cắt tách,ép,cuộn lại 2 OT5M;;;RFS;800;793;2;0;RC60OT5M;RC60OT5M;BTP đan lưới thép,cuộn lại 1OT5M;BTP đan lưới thép,cuộn lại 1OT5M;ZHAL;260630C28;800;3005;795;0010
260704C04;000010079214;TECO - Technically completed;2026-07-04 00:00:00;2026-06-29 00:00:00;2026-07-11 00:00:00;00065;260704C04;RC65OT5M;RC65OT5M;BTP cắt tách,ép,cuộn lại 2 OT5M;BTP cắt tách,ép,cuộn lại 2 OT5M;;;RFS;800;790;0;0;RC60OT5M;RC60OT5M;BTP đan lưới thép,cuộn lại 1OT5M;BTP đan lưới thép,cuộn lại 1OT5M;ZHAL;260630C29;800;3005;790;0010
260704C12;000010079222;TECO - Technically completed;2026-07-04 00:00:00;2026-06-29 00:00:00;2026-07-11 00:00:00;00065;260704C12;RC65OT5M;RC65OT5M;BTP cắt tách,ép,cuộn lại 2 OT5M;BTP cắt tách,ép,cuộn lại 2 OT5M;;;RFS;800;788;2;0;RC60OT5M;RC60OT5M;BTP đan lưới thép,cuộn lại 1OT5M;BTP đan lưới thép,cuộn lại 1OT5M;ZHAL;260701C01;800;3005;790;0010
260704C13;000010079223;TECO - Technically completed;2026-07-04 00:00:00;2026-06-29 00:00:00;2026-07-11 00:00:00;00065;260704C13;RC65OT5M;RC65OT5M;BTP cắt tách,ép,cuộn lại 2 OT5M;BTP cắt tách,ép,cuộn lại 2 OT5M;;;RFS;800;788;3;0;RC60OT5M;RC60OT5M;BTP đan lưới thép,cuộn lại 1OT5M;BTP đan lưới thép,cuộn lại 1OT5M;ZHAL;260701C02;800;3005;791;0010
260704C14;000010079224;TECO - Technically completed;2026-07-04 00:00:00;2026-06-29 00:00:00;2026-07-11 00:00:00;00065;260704C14;RC65OT5M;RC65OT5M;BTP cắt tách,ép,cuộn lại 2 OT5M;BTP cắt tách,ép,cuộn lại 2 OT5M;;;RFS;800;789;0;0;RC60OT5M;RC60OT5M;BTP đan lưới thép,cuộn lại 1OT5M;BTP đan lưới thép,cuộn lại 1OT5M;ZHAL;260701C03;800;3005;789;0010
260704C16;000010079226;TECO - Technically completed;2026-07-04 00:00:00;2026-06-29 00:00:00;2026-07-11 00:00:00;00065;260704C16;RC65OT5M;RC65OT5M;BTP cắt tách,ép,cuộn lại 2 OT5M;BTP cắt tách,ép,cuộn lại 2 OT5M;;;RFS;800;794;3;0;RC60OT5M;RC60OT5M;BTP đan lưới thép,cuộn lại 1OT5M;BTP đan lưới thép,cuộn lại 1OT5M;ZHAL;260701C05;800;3005;797;0010
260704C05;000010079239;TECO - Technically completed;2026-07-04 00:00:00;2026-06-29 00:00:00;2026-07-11 00:00:00;00065;260704C05;RC65OT5MSU;RC65OT5MSU;BTP cắt tách,ép,CL2OT5M SUS304;BTP cắt tách,ép,CL2OT5M SUS304;;;RFS;800;795;0;0;RC60OT5MSU;RC60OT5MSU;BTPđan lưới thép,CL1OT5MSUS304;BTPđan lưới thép,CL1OT5MSUS304;ZHAL;260702C05;800;3005;795;0010
260704C01;000010079240;REL - Released;2026-07-04 00:00:00;2026-06-29 00:00:00;2026-07-11 00:00:00;00070;260704C01;RC70GOT5MSU;RC70GOT5MSU;BTP đã đúc Outer HGOT5M SUS304;BTP đã đúc Outer HGOT5M SUS304;;;RFS;800;784;0;0;RF80XHT002V;RF80XHT002V;Urethane resin heart G;Nhựa Urethane Heart G;ZROH;250423;609.008;3005;602;0010
260704C01;000010079240;REL - Released;2026-07-04 00:00:00;2026-06-29 00:00:00;2026-07-11 00:00:00;00070;260704C01;RC70GOT5MSU;RC70GOT5MSU;BTP đã đúc Outer HGOT5M SUS304;BTP đã đúc Outer HGOT5M SUS304;;;RFS;800;784;0;0;RC65OT5MSU;RC65OT5MSU;BTP cắt tách,ép,CL2OT5M SUS304;BTP cắt tách,ép,CL2OT5M SUS304;ZHAL;260702C11;800;3005;792;0020
260706C01;000010079298;REL - Released;2026-07-06 00:00:00;2026-06-29 00:00:00;2026-07-13 00:00:00;00055;260706C01;RC5505DOT5L;RC5505DOT5L;BTP đã chia cuộn OT5L;BTP đã chia cuộn OT5L;;;RFS;5856;488;0;0;RF00X300V;RF00X300V;SUS316 Blader φ0.05 Double (TVC);Sợi lưới thép SUS316 φ0.05 kép (TVC);ZROH;HC2601J;5856;3005;488;0010
260706C01;000010079361;TECO - Technically completed;2026-07-06 00:00:00;2026-06-29 00:00:00;2026-07-13 00:00:00;00065;260706C01;RC65OT5L;RC65OT5L;BTP cắt tách, ép, cuộn lại 2 OT5L;BTP cắt tách, ép, cuộn lại 2 OT5L;;;RFS;800;779;0;0;RC60OT5L;RC60OT5L;BTP đan lưới thép, cuộn lại 1 OT5L;BTP đan lưới thép, cuộn lại 1 OT5L;ZHAL;260703C01;800;3005;779;0010
260706C06;000010079366;TECO - Technically completed;2026-07-06 00:00:00;2026-06-29 00:00:00;2026-07-13 00:00:00;00065;260706C06;RC65OT5L;RC65OT5L;BTP cắt tách, ép, cuộn lại 2 OT5L;BTP cắt tách, ép, cuộn lại 2 OT5L;;;RFS;800;776;2;0;RC60OT5L;RC60OT5L;BTP đan lưới thép, cuộn lại 1 OT5L;BTP đan lưới thép, cuộn lại 1 OT5L;ZHAL;260703C06;800;3005;778;0010
260706C08;000010079368;TECO - Technically completed;2026-07-06 00:00:00;2026-06-29 00:00:00;2026-07-13 00:00:00;00065;260706C08;RC65OT5L;RC65OT5L;BTP cắt tách, ép, cuộn lại 2 OT5L;BTP cắt tách, ép, cuộn lại 2 OT5L;;;RFS;800;771;0;0;RC60OT5L;RC60OT5L;BTP đan lưới thép, cuộn lại 1 OT5L;BTP đan lưới thép, cuộn lại 1 OT5L;ZHAL;260703C08;800;3005;771;0010
260706C09;000010079369;TECO - Technically completed;2026-07-06 00:00:00;2026-06-29 00:00:00;2026-07-13 00:00:00;00065;260706C09;RC65OT5L;RC65OT5L;BTP cắt tách, ép, cuộn lại 2 OT5L;BTP cắt tách, ép, cuộn lại 2 OT5L;;;RFS;800;774;0;0;RC60OT5L;RC60OT5L;BTP đan lưới thép, cuộn lại 1 OT5L;BTP đan lưới thép, cuộn lại 1 OT5L;ZHAL;260703C09;800;3005;774;0010
260706C03;000010079411;TECO - Technically completed;2026-07-06 00:00:00;2026-06-29 00:00:00;2026-07-13 00:00:00;00065;260706C03;RC65OT5MSU;RC65OT5MSU;BTP cắt tách,ép,CL2OT5M SUS304;BTP cắt tách,ép,CL2OT5M SUS304;;;RFS;800;796;2;0;RC60OT5MSU;RC60OT5MSU;BTPđan lưới thép,CL1OT5MSUS304;BTPđan lưới thép,CL1OT5MSUS304;ZHAL;260704C03;800;3005;798;0010
260706C06;000010079414;TECO - Technically completed;2026-07-06 00:00:00;2026-06-29 00:00:00;2026-07-13 00:00:00;00065;260706C06;RC65OT5MSU;RC65OT5MSU;BTP cắt tách,ép,CL2OT5M SUS304;BTP cắt tách,ép,CL2OT5M SUS304;;;RFS;800;772;3;0;RC60OT5MSU;RC60OT5MSU;BTPđan lưới thép,CL1OT5MSUS304;BTPđan lưới thép,CL1OT5MSUS304;ZHAL;260704C06;800;3005;775;0010
260706C01;000010079419;TECO - Technically completed;2026-07-06 00:00:00;2026-06-29 00:00:00;2026-07-13 00:00:00;00065;260706C01;RC65OT6M;RC65OT6M;BTP cắt tách, ép, cuộn lại 2 OT6M;BTP cắt tách, ép, cuộn lại 2 OT6M;;;RFS;670;648;0;0;RC60OT6M;RC60OT6M;BTP đan lưới thép, cuộn lại 1 OT6M;BTP đan lưới thép, cuộn lại 1 OT6M;ZHAL;260703C01;670;3005;648;0010
260707C01;000010079467;TECO - Technically completed;2026-07-07 00:00:00;2026-06-29 00:00:00;2026-07-14 00:00:00;00050;260707C01;RC50OT6M;RC50OT6M;BTP đúc inner, kiểm tra lồi OT6M;BTP đúc inner, kiểm tra lồi OT6M;;;RFS;4020;4020;58;0;PL02X073V;PL02X073V;HEART 1 RESIN;Nhựa Heart 1;ZROH;260206;5127.51;3005;5378;0010
260707C01;000010079467;TECO - Technically completed;2026-07-07 00:00:00;2026-06-29 00:00:00;2026-07-14 00:00:00;00050;260707C01;RC50OT6M;RC50OT6M;BTP đúc inner, kiểm tra lồi OT6M;BTP đúc inner, kiểm tra lồi OT6M;;;RFS;4020;4020;58;0;RF00X132V;RF00X132V;COPPER WIRE RFC φ1.32 (TVC);Dây đồng mạ thiếc RFC φ1.32 (TVC);ZROH;260416539;49557.756;3005;6571;0020
260707C01;000010079467;TECO - Technically completed;2026-07-07 00:00:00;2026-06-29 00:00:00;2026-07-14 00:00:00;00050;260707C01;RC50OT6M;RC50OT6M;BTP đúc inner, kiểm tra lồi OT6M;BTP đúc inner, kiểm tra lồi OT6M;;;RFS;4020;4020;58;0;RF00X132V;RF00X132V;COPPER WIRE RFC φ1.32 (TVC);Dây đồng mạ thiếc RFC φ1.32 (TVC);ZROH;260416540;0;3005;43702;0020
260707C02;000010079560;TECO - Technically completed;2026-07-07 00:00:00;2026-06-29 00:00:00;2026-07-14 00:00:00;00070;260707C02;RC70OT5M;RC70OT5M;BTP đã đúc outer HU OT5M;BTP đã đúc outer HU OT5M;;;RFS;800;793;7;0;PL02X173V;PL02X173V;Urethane Ubeheart Resin;Nhựa Urethane Ubeheart;ZROH;250930;561.6;;562;0010
260707C02;000010079560;TECO - Technically completed;2026-07-07 00:00:00;2026-06-29 00:00:00;2026-07-14 00:00:00;00070;260707C02;RC70OT5M;RC70OT5M;BTP đã đúc outer HU OT5M;BTP đã đúc outer HU OT5M;;;RFS;800;793;7;0;RC65OT5M;RC65OT5M;BTP cắt tách,ép,cuộn lại 2 OT5M;BTP cắt tách,ép,cuộn lại 2 OT5M;ZHAL;260703C35;800;;800;0020
260707C01;000010079618;REL - Released;2026-07-07 00:00:00;2026-06-29 00:00:00;2026-07-14 00:00:00;00055;260707C01;RC5505SXS;RC5505SXS;BTP đã chia cuộn 5SS;BTP đã chia cuộn 5SS;;;RFS;1608;536;0;0;RF00X200V;RF00X200V;SUS316 Blader φ0.05 Single (TVC);Sợi lưới thép SUS316 φ0.05 đơn (TVC);ZROH;HC2601;1608;3005;536;0010
260704C03;000010079636;TECO - Technically completed;2026-07-04 00:00:00;2026-06-29 00:00:00;2026-07-11 00:00:00;00065;260704C03;RC65GL5MSU;RC65GL5MSU;BTP CT, ép,cuộn lại 2 GL5MSUS304;BTP CT, ép,cuộn lại 2 GL5MSUS304;;;RFS;800;776;7;0;RC60GL5MSU;RC60GL5MSU;BTP ĐLT, cuộn lại 1 GL5MSUS304;BTP ĐLT, cuộn lại 1 GL5MSUS304;ZHAL;260702C03;800;3005;783;0010
260706C01;000010079638;TECO - Technically completed;2026-07-06 00:00:00;2026-06-29 00:00:00;2026-07-13 00:00:00;00061;260706C01;RC60GL4SSU;RC60GL4SSU;BTP đan lưới thép GL4SSUS304;BTP đan lưới thép GL4SSUS304;;;RFS;800;754;44;0;RC50GL4SSU;RC50GL4SSU;BTP đúc inner, KTL GL4SSUS304;BTP đúc inner, KTL GL4SSUS304;ZHAL;260704C01;800;3005;800;0010
260706C01;000010079638;TECO - Technically completed;2026-07-06 00:00:00;2026-06-29 00:00:00;2026-07-13 00:00:00;00061;260706C01;RC60GL4SSU;RC60GL4SSU;BTP đan lưới thép GL4SSUS304;BTP đan lưới thép GL4SSUS304;;;RFS;800;754;44;0;RC5504DGL4S;RC5504DGL4S;BTP đã chia cuộn GL4S;BTP đã chia cuộn GL4S;ZHAL;260702C01;283.152;3005;283;0020
260706C03;000010079640;TECO - Technically completed;2026-07-06 00:00:00;2026-06-29 00:00:00;2026-07-13 00:00:00;00061;260706C03;RC60GL4SSU;RC60GL4SSU;BTP đan lưới thép GL4SSUS304;BTP đan lưới thép GL4SSUS304;;;RFS;800;763;35;0;RC50GL4SSU;RC50GL4SSU;BTP đúc inner, KTL GL4SSUS304;BTP đúc inner, KTL GL4SSUS304;ZHAL;260704C01;800;3005;800;0010
260706C03;000010079640;TECO - Technically completed;2026-07-06 00:00:00;2026-06-29 00:00:00;2026-07-13 00:00:00;00061;260706C03;RC60GL4SSU;RC60GL4SSU;BTP đan lưới thép GL4SSUS304;BTP đan lưới thép GL4SSUS304;;;RFS;800;763;35;0;RC5504DGL4S;RC5504DGL4S;BTP đã chia cuộn GL4S;BTP đã chia cuộn GL4S;ZHAL;260702C01;283.152;3005;283;0020
260706C05;000010079642;TECO - Technically completed;2026-07-06 00:00:00;2026-06-29 00:00:00;2026-07-13 00:00:00;00061;260706C05;RC60GL4SSU;RC60GL4SSU;BTP đan lưới thép GL4SSUS304;BTP đan lưới thép GL4SSUS304;;;RFS;800;785;13;0;RC50GL4SSU;RC50GL4SSU;BTP đúc inner, KTL GL4SSUS304;BTP đúc inner, KTL GL4SSUS304;ZHAL;260704C02;800;3005;800;0010
260706C05;000010079642;TECO - Technically completed;2026-07-06 00:00:00;2026-06-29 00:00:00;2026-07-13 00:00:00;00061;260706C05;RC60GL4SSU;RC60GL4SSU;BTP đan lưới thép GL4SSUS304;BTP đan lưới thép GL4SSUS304;;;RFS;800;785;13;0;RC5504DGL4S;RC5504DGL4S;BTP đã chia cuộn GL4S;BTP đã chia cuộn GL4S;ZHAL;260704C01;283.152;3005;283;0020
260706C06;000010079643;TECO - Technically completed;2026-07-06 00:00:00;2026-06-29 00:00:00;2026-07-13 00:00:00;00061;260706C06;RC60GL4SSU;RC60GL4SSU;BTP đan lưới thép GL4SSUS304;BTP đan lưới thép GL4SSUS304;;;RFS;800;786;12;0;RC50GL4SSU;RC50GL4SSU;BTP đúc inner, KTL GL4SSUS304;BTP đúc inner, KTL GL4SSUS304;ZHAL;260704C02;800;3005;800;0010
260706C06;000010079643;TECO - Technically completed;2026-07-06 00:00:00;2026-06-29 00:00:00;2026-07-13 00:00:00;00061;260706C06;RC60GL4SSU;RC60GL4SSU;BTP đan lưới thép GL4SSUS304;BTP đan lưới thép GL4SSUS304;;;RFS;800;786;12;0;RC5504DGL4S;RC5504DGL4S;BTP đã chia cuộn GL4S;BTP đã chia cuộn GL4S;ZHAL;260704C01;283.152;3005;283;0020
260706C08;000010079645;TECO - Technically completed;2026-07-06 00:00:00;2026-06-29 00:00:00;2026-07-13 00:00:00;00061;260706C08;RC60GL4SSU;RC60GL4SSU;BTP đan lưới thép GL4SSUS304;BTP đan lưới thép GL4SSUS304;;;RFS;800;786;12;0;RC50GL4SSU;RC50GL4SSU;BTP đúc inner, KTL GL4SSUS304;BTP đúc inner, KTL GL4SSUS304;ZHAL;260704C02;800;3005;800;0010
260706C08;000010079645;TECO - Technically completed;2026-07-06 00:00:00;2026-06-29 00:00:00;2026-07-13 00:00:00;00061;260706C08;RC60GL4SSU;RC60GL4SSU;BTP đan lưới thép GL4SSUS304;BTP đan lưới thép GL4SSUS304;;;RFS;800;786;12;0;RC5504DGL4S;RC5504DGL4S;BTP đã chia cuộn GL4S;BTP đã chia cuộn GL4S;ZHAL;260704C01;283.152;3005;283;0020
260707C01;000010079656;TECO - Technically completed;2026-07-07 00:00:00;2026-06-29 00:00:00;2026-07-14 00:00:00;00069;260707C01;RC68GL4SSU;RC68GL4SSU;BTP CT, ép 2,cuộn lại GL4SSUS304;BTP CT, ép 2,cuộn lại GL4SSUS304;;;RFS;800;717;28;0;RC64GL4SSU;RC64GL4SSU;BTP sau ép 1 GL4SSUS304;BTP sau ép 1 GL4SSUS304;ZHAL;260706C01;800;3005;745;0010
260707C07;000010079662;TECO - Technically completed;2026-07-07 00:00:00;2026-06-29 00:00:00;2026-07-14 00:00:00;00069;260707C07;RC68GL4SSU;RC68GL4SSU;BTP CT, ép 2,cuộn lại GL4SSUS304;BTP CT, ép 2,cuộn lại GL4SSUS304;;;RFS;800;781;9;0;RC64GL4SSU;RC64GL4SSU;BTP sau ép 1 GL4SSUS304;BTP sau ép 1 GL4SSUS304;ZHAL;260706C07;800;3005;790;0010
260707C08;000010079663;TECO - Technically completed;2026-07-07 00:00:00;2026-06-29 00:00:00;2026-07-14 00:00:00;00069;260707C08;RC68GL4SSU;RC68GL4SSU;BTP CT, ép 2,cuộn lại GL4SSUS304;BTP CT, ép 2,cuộn lại GL4SSUS304;;;RFS;800;771;4;0;RC64GL4SSU;RC64GL4SSU;BTP sau ép 1 GL4SSUS304;BTP sau ép 1 GL4SSUS304;ZHAL;260706C08;800;3005;775;0010
260704E13;000010079676;TECO - Technically completed;2026-07-04 00:00:00;2026-06-29 00:00:00;2026-07-11 00:00:00;30070;260704E13;RC70OT5M;RC70OT5M;BTP đã đúc outer HU OT5M;BTP đã đúc outer HU OT5M;;;RFS;800;790;8;0;PL02X173V;PL02X173V;Urethane Ubeheart Resin;Nhựa Urethane Ubeheart;ZROH;250930;561.6;;560;0010
260704E13;000010079676;TECO - Technically completed;2026-07-04 00:00:00;2026-06-29 00:00:00;2026-07-11 00:00:00;30070;260704E13;RC70OT5M;RC70OT5M;BTP đã đúc outer HU OT5M;BTP đã đúc outer HU OT5M;;;RFS;800;790;8;0;RC65OT5M;RC65OT5M;BTP cắt tách,ép,cuộn lại 2 OT5M;BTP cắt tách,ép,cuộn lại 2 OT5M;ZHAL;260703C22;800;;798;0020
260704E17;000010079680;TECO - Technically completed;2026-07-04 00:00:00;2026-06-29 00:00:00;2026-07-11 00:00:00;30070;260704E17;RC70OT5M;RC70OT5M;BTP đã đúc outer HU OT5M;BTP đã đúc outer HU OT5M;;;RFS;800;793;7;0;PL02X173V;PL02X173V;Urethane Ubeheart Resin;Nhựa Urethane Ubeheart;ZROH;250930;561.6;;562;0010
260704E17;000010079680;TECO - Technically completed;2026-07-04 00:00:00;2026-06-29 00:00:00;2026-07-11 00:00:00;30070;260704E17;RC70OT5M;RC70OT5M;BTP đã đúc outer HU OT5M;BTP đã đúc outer HU OT5M;;;RFS;800;793;7;0;RC65OT5M;RC65OT5M;BTP cắt tách,ép,cuộn lại 2 OT5M;BTP cắt tách,ép,cuộn lại 2 OT5M;ZHAL;260703C26;800;;800;0020
260704E18;000010079681;TECO - Technically completed;2026-07-04 00:00:00;2026-06-29 00:00:00;2026-07-11 00:00:00;30070;260704E18;RC70OT5M;RC70OT5M;BTP đã đúc outer HU OT5M;BTP đã đúc outer HU OT5M;;;RFS;800;768;24;0;PL02X173V;PL02X173V;Urethane Ubeheart Resin;Nhựa Urethane Ubeheart;ZROH;250930;561.6;;555;0010
260704E18;000010079681;TECO - Technically completed;2026-07-04 00:00:00;2026-06-29 00:00:00;2026-07-11 00:00:00;30070;260704E18;RC70OT5M;RC70OT5M;BTP đã đúc outer HU OT5M;BTP đã đúc outer HU OT5M;;;RFS;800;768;24;0;RC65OT5M;RC65OT5M;BTP cắt tách,ép,cuộn lại 2 OT5M;BTP cắt tách,ép,cuộn lại 2 OT5M;ZHAL;260703C27;800;;792;0020
260704E19;000010079682;TECO - Technically completed;2026-07-04 00:00:00;2026-06-29 00:00:00;2026-07-11 00:00:00;30070;260704E19;RC70OT5M;RC70OT5M;BTP đã đúc outer HU OT5M;BTP đã đúc outer HU OT5M;;;RFS;800;786;7;0;PL02X173V;PL02X173V;Urethane Ubeheart Resin;Nhựa Urethane Ubeheart;ZROH;250930;561.6;;556;0010
260704E19;000010079682;TECO - Technically completed;2026-07-04 00:00:00;2026-06-29 00:00:00;2026-07-11 00:00:00;30070;260704E19;RC70OT5M;RC70OT5M;BTP đã đúc outer HU OT5M;BTP đã đúc outer HU OT5M;;;RFS;800;786;7;0;RC65OT5M;RC65OT5M;BTP cắt tách,ép,cuộn lại 2 OT5M;BTP cắt tách,ép,cuộn lại 2 OT5M;ZHAL;260703C28;800;;793;0020
260704E20;000010079683;TECO - Technically completed;2026-07-04 00:00:00;2026-06-29 00:00:00;2026-07-11 00:00:00;30070;260704E20;RC70OT5M;RC70OT5M;BTP đã đúc outer HU OT5M;BTP đã đúc outer HU OT5M;;;RFS;800;776;13;0;PL02X173V;PL02X173V;Urethane Ubeheart Resin;Nhựa Urethane Ubeheart;ZROH;250930;561.6;;704;0010
260704E20;000010079683;TECO - Technically completed;2026-07-04 00:00:00;2026-06-29 00:00:00;2026-07-11 00:00:00;30070;260704E20;RC70OT5M;RC70OT5M;BTP đã đúc outer HU OT5M;BTP đã đúc outer HU OT5M;;;RFS;800;776;13;0;RC65OT5M;RC65OT5M;BTP cắt tách,ép,cuộn lại 2 OT5M;BTP cắt tách,ép,cuộn lại 2 OT5M;ZHAL;260703C29;800;;789;0020
260704E21;000010079684;TECO - Technically completed;2026-07-04 00:00:00;2026-06-29 00:00:00;2026-07-11 00:00:00;30070;260704E21;RC70OT5M;RC70OT5M;BTP đã đúc outer HU OT5M;BTP đã đúc outer HU OT5M;;;RFS;800;779;7;0;PL02X173V;PL02X173V;Urethane Ubeheart Resin;Nhựa Urethane Ubeheart;ZROH;250930;561.6;;552;0010
260704E21;000010079684;TECO - Technically completed;2026-07-04 00:00:00;2026-06-29 00:00:00;2026-07-11 00:00:00;30070;260704E21;RC70OT5M;RC70OT5M;BTP đã đúc outer HU OT5M;BTP đã đúc outer HU OT5M;;;RFS;800;779;7;0;RC65OT5M;RC65OT5M;BTP cắt tách,ép,cuộn lại 2 OT5M;BTP cắt tách,ép,cuộn lại 2 OT5M;ZHAL;260703C30;800;;786;0020
260704E01;000010079688;TECO - Technically completed;2026-07-04 00:00:00;2026-06-29 00:00:00;2026-07-11 00:00:00;30075;260704E01;RC75OT5M;RC75OT5M;BTP đã cắt rút lõi, sấy HU OT5M;BTP đã cắt rút lõi, sấy HU OT5M;;;RFS;600;580;2;0;RC70OT5M;RC70OT5M;BTP đã đúc outer HU OT5M;BTP đã đúc outer HU OT5M;ZHAL;260704E01;799.2;;776;0010
260704E02;000010079689;TECO - Technically completed;2026-07-04 00:00:00;2026-06-29 00:00:00;2026-07-11 00:00:00;30075;260704E02;RC75OT5M;RC75OT5M;BTP đã cắt rút lõi, sấy HU OT5M;BTP đã cắt rút lõi, sấy HU OT5M;;;RFS;600;572;7;0;RC70OT5M;RC70OT5M;BTP đã đúc outer HU OT5M;BTP đã đúc outer HU OT5M;ZHAL;260704E02;799.2;;772;0010
260704E03;000010079690;TECO - Technically completed;2026-07-04 00:00:00;2026-06-29 00:00:00;2026-07-11 00:00:00;30075;260704E03;RC75OT5M;RC75OT5M;BTP đã cắt rút lõi, sấy HU OT5M;BTP đã cắt rút lõi, sấy HU OT5M;;;RFS;600;561;6;0;RC70OT5M;RC70OT5M;BTP đã đúc outer HU OT5M;BTP đã đúc outer HU OT5M;ZHAL;260704E03;799.2;;756;0010
260704E04;000010079691;TECO - Technically completed;2026-07-04 00:00:00;2026-06-29 00:00:00;2026-07-11 00:00:00;30075;260704E04;RC75OT5M;RC75OT5M;BTP đã cắt rút lõi, sấy HU OT5M;BTP đã cắt rút lõi, sấy HU OT5M;;;RFS;600;588;2;0;RC70OT5M;RC70OT5M;BTP đã đúc outer HU OT5M;BTP đã đúc outer HU OT5M;ZHAL;260704E04;799.2;;787;0010
260704E05;000010079692;TECO - Technically completed;2026-07-04 00:00:00;2026-06-29 00:00:00;2026-07-11 00:00:00;30075;260704E05;RC75OT5M;RC75OT5M;BTP đã cắt rút lõi, sấy HU OT5M;BTP đã cắt rút lõi, sấy HU OT5M;;;RFS;600;586;5;0;RC70OT5M;RC70OT5M;BTP đã đúc outer HU OT5M;BTP đã đúc outer HU OT5M;ZHAL;260704E05;799.2;;788;0010
260704E06;000010079693;TECO - Technically completed;2026-07-04 00:00:00;2026-06-29 00:00:00;2026-07-11 00:00:00;30075;260704E06;RC75OT5M;RC75OT5M;BTP đã cắt rút lõi, sấy HU OT5M;BTP đã cắt rút lõi, sấy HU OT5M;;;RFS;600;561;20;0;RC70OT5M;RC70OT5M;BTP đã đúc outer HU OT5M;BTP đã đúc outer HU OT5M;ZHAL;260704E06;799.2;;775;0010
260704E07;000010079694;TECO - Technically completed;2026-07-04 00:00:00;2026-06-29 00:00:00;2026-07-11 00:00:00;30075;260704E07;RC75OT5M;RC75OT5M;BTP đã cắt rút lõi, sấy HU OT5M;BTP đã cắt rút lõi, sấy HU OT5M;;;RFS;600;590;4;0;RC70OT5M;RC70OT5M;BTP đã đúc outer HU OT5M;BTP đã đúc outer HU OT5M;ZHAL;260704E07;799.2;;792;0010
260704E08;000010079695;TECO - Technically completed;2026-07-04 00:00:00;2026-06-29 00:00:00;2026-07-11 00:00:00;30075;260704E08;RC75OT5M;RC75OT5M;BTP đã cắt rút lõi, sấy HU OT5M;BTP đã cắt rút lõi, sấy HU OT5M;;;RFS;600;586;0;0;RC70OT5M;RC70OT5M;BTP đã đúc outer HU OT5M;BTP đã đúc outer HU OT5M;ZHAL;260704E08;799.2;;781;0010
260704E09;000010079696;TECO - Technically completed;2026-07-04 00:00:00;2026-06-29 00:00:00;2026-07-11 00:00:00;30075;260704E09;RC75OT5M;RC75OT5M;BTP đã cắt rút lõi, sấy HU OT5M;BTP đã cắt rút lõi, sấy HU OT5M;;;RFS;600;593;1;0;RC70OT5M;RC70OT5M;BTP đã đúc outer HU OT5M;BTP đã đúc outer HU OT5M;ZHAL;260704E09;799.2;;792;0010
260704E10;000010079697;TECO - Technically completed;2026-07-04 00:00:00;2026-06-29 00:00:00;2026-07-11 00:00:00;30075;260704E10;RC75OT5M;RC75OT5M;BTP đã cắt rút lõi, sấy HU OT5M;BTP đã cắt rút lõi, sấy HU OT5M;;;RFS;600;579;10;0;RC70OT5M;RC70OT5M;BTP đã đúc outer HU OT5M;BTP đã đúc outer HU OT5M;ZHAL;260704E10;799.2;;785;0010
260704E11;000010079698;TECO - Technically completed;2026-07-04 00:00:00;2026-06-29 00:00:00;2026-07-11 00:00:00;30075;260704E11;RC75OT5M;RC75OT5M;BTP đã cắt rút lõi, sấy HU OT5M;BTP đã cắt rút lõi, sấy HU OT5M;;;RFS;600;593;2;0;RC70OT5M;RC70OT5M;BTP đã đúc outer HU OT5M;BTP đã đúc outer HU OT5M;ZHAL;260704E11;799.2;;793;0010
260704E12;000010079699;TECO - Technically completed;2026-07-04 00:00:00;2026-06-29 00:00:00;2026-07-11 00:00:00;30075;260704E12;RC75OT5M;RC75OT5M;BTP đã cắt rút lõi, sấy HU OT5M;BTP đã cắt rút lõi, sấy HU OT5M;;;RFS;600;591;2;0;RC70OT5M;RC70OT5M;BTP đã đúc outer HU OT5M;BTP đã đúc outer HU OT5M;ZHAL;260704E12;799.2;;791;0010
260704E13;000010079700;TECO - Technically completed;2026-07-04 00:00:00;2026-06-29 00:00:00;2026-07-11 00:00:00;30075;260704E13;RC75OT5M;RC75OT5M;BTP đã cắt rút lõi, sấy HU OT5M;BTP đã cắt rút lõi, sấy HU OT5M;;;RFS;600;569;24;0;RC70OT5M;RC70OT5M;BTP đã đúc outer HU OT5M;BTP đã đúc outer HU OT5M;ZHAL;260704E13;799.2;;790;0010
260704E14;000010079701;TECO - Technically completed;2026-07-04 00:00:00;2026-06-29 00:00:00;2026-07-11 00:00:00;30075;260704E14;RC75OT5M;RC75OT5M;BTP đã cắt rút lõi, sấy HU OT5M;BTP đã cắt rút lõi, sấy HU OT5M;;;RFS;600;587;3;0;RC70OT5M;RC70OT5M;BTP đã đúc outer HU OT5M;BTP đã đúc outer HU OT5M;ZHAL;260704E14;799.2;;786;0010
260704E15;000010079702;TECO - Technically completed;2026-07-04 00:00:00;2026-06-29 00:00:00;2026-07-11 00:00:00;30075;260704E15;RC75OT5M;RC75OT5M;BTP đã cắt rút lõi, sấy HU OT5M;BTP đã cắt rút lõi, sấy HU OT5M;;;RFS;600;582;8;0;RC70OT5M;RC70OT5M;BTP đã đúc outer HU OT5M;BTP đã đúc outer HU OT5M;ZHAL;260704E15;799.2;;786;0010
260704E16;000010079703;TECO - Technically completed;2026-07-04 00:00:00;2026-06-29 00:00:00;2026-07-11 00:00:00;30075;260704E16;RC75OT5M;RC75OT5M;BTP đã cắt rút lõi, sấy HU OT5M;BTP đã cắt rút lõi, sấy HU OT5M;;;RFS;600;551;14;0;RC70OT5M;RC70OT5M;BTP đã đúc outer HU OT5M;BTP đã đúc outer HU OT5M;ZHAL;260704E16;799.2;;753;0010
260704E17;000010079704;TECO - Technically completed;2026-07-04 00:00:00;2026-06-29 00:00:00;2026-07-11 00:00:00;30075;260704E17;RC75OT5M;RC75OT5M;BTP đã cắt rút lõi, sấy HU OT5M;BTP đã cắt rút lõi, sấy HU OT5M;;;RFS;600;593;2;0;RC70OT5M;RC70OT5M;BTP đã đúc outer HU OT5M;BTP đã đúc outer HU OT5M;ZHAL;260704E17;799.2;;793;0010
260704E18;000010079705;REL - Released;2026-07-04 00:00:00;2026-06-29 00:00:00;2026-07-11 00:00:00;30075;260704E18;RC75OT5M;RC75OT5M;BTP đã cắt rút lõi, sấy HU OT5M;BTP đã cắt rút lõi, sấy HU OT5M;;;RFS;600;562;0;0;RC70OT5M;RC70OT5M;BTP đã đúc outer HU OT5M;BTP đã đúc outer HU OT5M;ZHAL;260704E18;799.2;;768;0010
260704E20;000010079707;TECO - Technically completed;2026-07-04 00:00:00;2026-06-29 00:00:00;2026-07-11 00:00:00;30075;260704E20;RC75OT5M;RC75OT5M;BTP đã cắt rút lõi, sấy HU OT5M;BTP đã cắt rút lõi, sấy HU OT5M;;;RFS;600;576;6;0;RC70OT5M;RC70OT5M;BTP đã đúc outer HU OT5M;BTP đã đúc outer HU OT5M;ZHAL;260704E20;799.2;;776;0010
260704E01;000010079715;TECO - Technically completed;2026-07-04 00:00:00;2026-06-29 00:00:00;2026-07-11 00:00:00;30085;260704E01;RC85UT5M;RC85UT5M;SP đã kiểm tra RFC UBE HT5M;SP đã kiểm tra RFC UBE HT5M;;;RFS;7189;6817;0;0;RC80OT5M;RC80OT5M;Đã kiểm tra chuyền HU OT5M;Đã kiểm tra chuyền HU OT5M;ZHAL;260704E01;7189;;6817;0010
260707E01;000010079842;TECO - Technically completed;2026-07-07 00:00:00;2026-06-29 00:00:00;2026-07-14 00:00:00;30080;260707E01;RC80OT5M;RC80OT5M;Đã kiểm tra chuyền HU OT5M;Đã kiểm tra chuyền HU OT5M;;;RFS;7200;6863;106;0;RC75OT5M;RC75OT5M;BTP đã cắt rút lõi, sấy HU OT5M;BTP đã cắt rút lõi, sấy HU OT5M;ZHAL;260704E01;7200;;580;0010
260707E01;000010079842;TECO - Technically completed;2026-07-07 00:00:00;2026-06-29 00:00:00;2026-07-14 00:00:00;30080;260707E01;RC80OT5M;RC80OT5M;Đã kiểm tra chuyền HU OT5M;Đã kiểm tra chuyền HU OT5M;;;RFS;7200;6863;106;0;RC75OT5M;RC75OT5M;BTP đã cắt rút lõi, sấy HU OT5M;BTP đã cắt rút lõi, sấy HU OT5M;ZHAL;260704E02;0;;572;0010
260707E01;000010079842;TECO - Technically completed;2026-07-07 00:00:00;2026-06-29 00:00:00;2026-07-14 00:00:00;30080;260707E01;RC80OT5M;RC80OT5M;Đã kiểm tra chuyền HU OT5M;Đã kiểm tra chuyền HU OT5M;;;RFS;7200;6863;106;0;RC75OT5M;RC75OT5M;BTP đã cắt rút lõi, sấy HU OT5M;BTP đã cắt rút lõi, sấy HU OT5M;ZHAL;260704E03;0;;561;0010
260707E01;000010079842;TECO - Technically completed;2026-07-07 00:00:00;2026-06-29 00:00:00;2026-07-14 00:00:00;30080;260707E01;RC80OT5M;RC80OT5M;Đã kiểm tra chuyền HU OT5M;Đã kiểm tra chuyền HU OT5M;;;RFS;7200;6863;106;0;RC75OT5M;RC75OT5M;BTP đã cắt rút lõi, sấy HU OT5M;BTP đã cắt rút lõi, sấy HU OT5M;ZHAL;260704E04;0;;588;0010
260707E01;000010079842;TECO - Technically completed;2026-07-07 00:00:00;2026-06-29 00:00:00;2026-07-14 00:00:00;30080;260707E01;RC80OT5M;RC80OT5M;Đã kiểm tra chuyền HU OT5M;Đã kiểm tra chuyền HU OT5M;;;RFS;7200;6863;106;0;RC75OT5M;RC75OT5M;BTP đã cắt rút lõi, sấy HU OT5M;BTP đã cắt rút lõi, sấy HU OT5M;ZHAL;260704E05;0;;586;0010
260707E01;000010079842;TECO - Technically completed;2026-07-07 00:00:00;2026-06-29 00:00:00;2026-07-14 00:00:00;30080;260707E01;RC80OT5M;RC80OT5M;Đã kiểm tra chuyền HU OT5M;Đã kiểm tra chuyền HU OT5M;;;RFS;7200;6863;106;0;RC75OT5M;RC75OT5M;BTP đã cắt rút lõi, sấy HU OT5M;BTP đã cắt rút lõi, sấy HU OT5M;ZHAL;260704E06;0;;561;0010
260707E01;000010079842;TECO - Technically completed;2026-07-07 00:00:00;2026-06-29 00:00:00;2026-07-14 00:00:00;30080;260707E01;RC80OT5M;RC80OT5M;Đã kiểm tra chuyền HU OT5M;Đã kiểm tra chuyền HU OT5M;;;RFS;7200;6863;106;0;RC75OT5M;RC75OT5M;BTP đã cắt rút lõi, sấy HU OT5M;BTP đã cắt rút lõi, sấy HU OT5M;ZHAL;260704E07;0;;590;0010
260707E01;000010079842;TECO - Technically completed;2026-07-07 00:00:00;2026-06-29 00:00:00;2026-07-14 00:00:00;30080;260707E01;RC80OT5M;RC80OT5M;Đã kiểm tra chuyền HU OT5M;Đã kiểm tra chuyền HU OT5M;;;RFS;7200;6863;106;0;RC75OT5M;RC75OT5M;BTP đã cắt rút lõi, sấy HU OT5M;BTP đã cắt rút lõi, sấy HU OT5M;ZHAL;260704E08;0;;586;0010
260707E01;000010079842;TECO - Technically completed;2026-07-07 00:00:00;2026-06-29 00:00:00;2026-07-14 00:00:00;30080;260707E01;RC80OT5M;RC80OT5M;Đã kiểm tra chuyền HU OT5M;Đã kiểm tra chuyền HU OT5M;;;RFS;7200;6863;106;0;RC75OT5M;RC75OT5M;BTP đã cắt rút lõi, sấy HU OT5M;BTP đã cắt rút lõi, sấy HU OT5M;ZHAL;260704E09;0;;593;0010
260707E01;000010079842;TECO - Technically completed;2026-07-07 00:00:00;2026-06-29 00:00:00;2026-07-14 00:00:00;30080;260707E01;RC80OT5M;RC80OT5M;Đã kiểm tra chuyền HU OT5M;Đã kiểm tra chuyền HU OT5M;;;RFS;7200;6863;106;0;RC75OT5M;RC75OT5M;BTP đã cắt rút lõi, sấy HU OT5M;BTP đã cắt rút lõi, sấy HU OT5M;ZHAL;260704E10;0;;579;0010
260707E01;000010079842;TECO - Technically completed;2026-07-07 00:00:00;2026-06-29 00:00:00;2026-07-14 00:00:00;30080;260707E01;RC80OT5M;RC80OT5M;Đã kiểm tra chuyền HU OT5M;Đã kiểm tra chuyền HU OT5M;;;RFS;7200;6863;106;0;RC75OT5M;RC75OT5M;BTP đã cắt rút lõi, sấy HU OT5M;BTP đã cắt rút lõi, sấy HU OT5M;ZHAL;260704E11;0;;593;0010
260707E01;000010079842;TECO - Technically completed;2026-07-07 00:00:00;2026-06-29 00:00:00;2026-07-14 00:00:00;30080;260707E01;RC80OT5M;RC80OT5M;Đã kiểm tra chuyền HU OT5M;Đã kiểm tra chuyền HU OT5M;;;RFS;7200;6863;106;0;RC75OT5M;RC75OT5M;BTP đã cắt rút lõi, sấy HU OT5M;BTP đã cắt rút lõi, sấy HU OT5M;ZHAL;260704E12;0;;591;0010
260707G01;000010079934;REL - Released;2026-07-07 00:00:00;2026-06-30 00:00:00;2026-07-14 00:00:00;32060;260707G01;CRS25C60D16W;CRS25C60D16W;Ống q/nong sau cắt  60D16CM;Ống q/nong sau cắt 60D16CM;;;IK;3095;3058;0;0;RS92S060A;RS92S060A;BEFORE-CHECK A DILATOR TUBE S6FR;Que nong S6Fr trước kiểm tra A;ZROH;251120B;619;3001;619;0010
260707G01;000010079935;REL - Released;2026-07-07 00:00:00;2026-06-30 00:00:00;2026-07-14 00:00:00;32060;260707G01;CRS25C60G10W;CRS25C60G10W;Ống q/nong sau cắt  60G10CM;Ống q/nong sau cắt 60G10CM;;;IK;6272;6234;0;0;RS92S060A;RS92S060A;BEFORE-CHECK A DILATOR TUBE S6FR;Que nong S6Fr trước kiểm tra A;ZROH;251120B;896;3001;896;0010
260707G01;000010079937;REL - Released;2026-07-07 00:00:00;2026-06-30 00:00:00;2026-07-14 00:00:00;32065;260707G01;RS25C60G10W;RS25C60G10W;RS que nong C60G10;RS que nong C60G10;;;IK;6272;1485;0;0;CRS25C60G10W;CRS25C60G10W;Ống q/nong sau cắt  60G10CM;Ống q/nong sau cắt 60G10CM;ZHAL;260707G01;6272;3001;1485;0010
260707G01;000010079937;REL - Released;2026-07-07 00:00:00;2026-06-30 00:00:00;2026-07-14 00:00:00;32065;260707G01;RS25C60G10W;RS25C60G10W;RS que nong C60G10;RS que nong C60G10;;;IK;6272;1485;0;0;RS27X100V;RS27X100V;DILATOR LOCK PIN A TVC;RS CHỐT QUE NONG LOẠI A TVC;ZROH;251212A;6272;3001;1492;0020
260707G01;000010079937;REL - Released;2026-07-07 00:00:00;2026-06-30 00:00:00;2026-07-14 00:00:00;32065;260707G01;RS25C60G10W;RS25C60G10W;RS que nong C60G10;RS que nong C60G10;;;IK;6272;1485;0;0;RS00X660EV1;RS00X660EV1;DILATOR HUB 6FR;CHUÔI QUE NONG 6FR;ZROH;260325NS;6272;3001;1489;0030
260707G01;000010079944;REL - Released;2026-07-07 00:00:00;2026-06-30 00:00:00;2026-07-14 00:00:00;32060;260707G01;CRS25C60G07W;CRS25C60G07W;Ống q/nong sau cắt  60G07CM;Ống q/nong sau cắt 60G07CM;;;IK;13437;13315;0;0;RS92S060A;RS92S060A;BEFORE-CHECK A DILATOR TUBE S6FR;Que nong S6Fr trước kiểm tra A;ZROH;251120B;1493;3001;1493;0010
260707G01;000010079945;REL - Released;2026-07-07 00:00:00;2026-06-30 00:00:00;2026-07-14 00:00:00;32060;260707G01;CRS25E70K10S;CRS25E70K10S;Ống QN S sau cắt 70K10;Ống QN S sau cắt 70K10;;;IK;13230;905;0;0;RS92S070A;RS92S070A;BEFORE-CHECK A DILATOR TUBE S7FR;Que nong S7Fr trước kiểm tra A;ZROH;250904;1890;3001;130;0010
260707G01;000010079948;REL - Released;2026-07-07 00:00:00;2026-06-30 00:00:00;2026-07-14 00:00:00;32050;260707G01;CRS26Q6007;CRS26Q6007;Ống sheath sau cắt  6FR07CM;Ống sheath sau cắt 6FR07CM;;;IK;13185;13182;0;0;RS04X261V;RS04X261V;ETFE TUBE (SHEATH) 6FR;ỐNG ETFE (SHEATH) 6FR;ZROH;251113VP;1465;3001;204;0010
260707G01;000010079948;REL - Released;2026-07-07 00:00:00;2026-06-30 00:00:00;2026-07-14 00:00:00;32050;260707G01;CRS26Q6007;CRS26Q6007;Ống sheath sau cắt  6FR07CM;Ống sheath sau cắt 6FR07CM;;;IK;13185;13182;0;0;RS04X261V;RS04X261V;ETFE TUBE (SHEATH) 6FR;ỐNG ETFE (SHEATH) 6FR;ZROH;251113VS;0;3001;1126;0010
260707G01;000010079948;REL - Released;2026-07-07 00:00:00;2026-06-30 00:00:00;2026-07-14 00:00:00;32050;260707G01;CRS26Q6007;CRS26Q6007;Ống sheath sau cắt  6FR07CM;Ống sheath sau cắt 6FR07CM;;;IK;13185;13182;0;0;RS04X261V;RS04X261V;ETFE TUBE (SHEATH) 6FR;ỐNG ETFE (SHEATH) 6FR;ZROH;251114VP;0;3001;135;0010
260707G01;000010079949;REL - Released;2026-07-07 00:00:00;2026-06-30 00:00:00;2026-07-14 00:00:00;32050;260707G01;CRS26Q7010;CRS26Q7010;Ống sheath sau cắt  7FR10CM;Ống sheath sau cắt 7FR10CM;;;IK;13286;8376;0;0;RS04X271V;RS04X271V;ETFE TUBE (SHEATH) 7FR;ỐNG ETFE (SHEATH) 7FR;ZROH;251008VM;1898;3001;1197;0010
260707G01;000010079950;REL - Released;2026-07-07 00:00:00;2026-06-30 00:00:00;2026-07-14 00:00:00;32055;260707G01;RS26Q6007;RS26Q6007;RS Sheath 0.20 60X07;RS Sheath 0.20 60X07;;;IK;13185;4779;0;0;CRS26Q6007;CRS26Q6007;Ống sheath sau cắt  6FR07CM;Ống sheath sau cắt 6FR07CM;ZHAL;260707G01;13185;3001;4788;0010
260707G01;000010079950;REL - Released;2026-07-07 00:00:00;2026-06-30 00:00:00;2026-07-14 00:00:00;32055;260707G01;RS26Q6007;RS26Q6007;RS Sheath 0.20 60X07;RS Sheath 0.20 60X07;;;IK;13185;4779;0;0;RS27X006V;RS27X006V;SHEATH LOCK PIN RS 6FR;Chốt sheath RS 6Fr;ZROH;260113=;13185;3001;4796;0020
260707G01;000010079951;REL - Released;2026-07-07 00:00:00;2026-06-30 00:00:00;2026-07-14 00:00:00;32055;260707G01;RS26Q7010;RS26Q7010;RS Sheath 0.20 70X10;RS Sheath 0.20 70X10;;;IK;13286;2384;0;0;CRS26Q7010;CRS26Q7010;Ống sheath sau cắt  7FR10CM;Ống sheath sau cắt 7FR10CM;ZHAL;260707G01;13286;3001;2394;0010
260707G01;000010079951;REL - Released;2026-07-07 00:00:00;2026-06-30 00:00:00;2026-07-14 00:00:00;32055;260707G01;RS26Q7010;RS26Q7010;RS Sheath 0.20 70X10;RS Sheath 0.20 70X10;;;IK;13286;2384;0;0;RS27X007V;RS27X007V;SHEATH LOCK PIN 7FR;Chốt sheath 7Fr;ZROH;251125;13286;3001;2402;0020
260707G01;000010079956;REL - Released;2026-07-07 00:00:00;2026-06-30 00:00:00;2026-07-14 00:00:00;32060;260707G01;CRS25C60G16W;CRS25C60G16W;Ống q/nong sau cắt  60G16CM;Ống q/nong sau cắt 60G16CM;;;IK;13260;5945;0;0;RS92S060A;RS92S060A;BEFORE-CHECK A DILATOR TUBE S6FR;Que nong S6Fr trước kiểm tra A;ZROH;251120B;2652;3001;1200;0010
260707G01;000010079957;REL - Released;2026-07-07 00:00:00;2026-06-30 00:00:00;2026-07-14 00:00:00;32060;260707G01;CRS25C60K10W;CRS25C60K10W;Ống q/nong sau cắt  60K10CM;Ống q/nong sau cắt 60K10CM;;;IK;13433;4459;0;0;RS92S060A;RS92S060A;BEFORE-CHECK A DILATOR TUBE S6FR;Que nong S6Fr trước kiểm tra A;ZROH;251120B;1919;3001;642;0010
260707G01;000010079960;REL - Released;2026-07-07 00:00:00;2026-06-30 00:00:00;2026-07-14 00:00:00;32050;260707G01;CRS26Q6010;CRS26Q6010;Ống sheath sau cắt  6FR10CM;Ống sheath sau cắt 6FR10CM;;;IK;13181;9575;0;0;RS04X261V;RS04X261V;ETFE TUBE (SHEATH) 6FR;ỐNG ETFE (SHEATH) 6FR;ZROH;251113VS;1883;3001;711;0010
260707G01;000010079960;REL - Released;2026-07-07 00:00:00;2026-06-30 00:00:00;2026-07-14 00:00:00;32050;260707G01;CRS26Q6010;CRS26Q6010;Ống sheath sau cắt  6FR10CM;Ống sheath sau cắt 6FR10CM;;;IK;13181;9575;0;0;RS04X261V;RS04X261V;ETFE TUBE (SHEATH) 6FR;ỐNG ETFE (SHEATH) 6FR;ZROH;251114VP;0;3001;657;0010
260707G01;000010079961;REL - Released;2026-07-07 00:00:00;2026-06-30 00:00:00;2026-07-14 00:00:00;32050;260707G01;CRS26Q6016;CRS26Q6016;Ống sheath sau cắt  6FR16CM;Ống sheath sau cắt 6FR16CM;;;IK;13036;13036;0;0;RS04X261VS;RS04X261VS;ETFE TUBE (SHEATH) 6FR S;ỐNG ETFE (SHEATH) 6FR S;ZROH;251024VK;3259;3001;1887;0010
260707G01;000010079961;REL - Released;2026-07-07 00:00:00;2026-06-30 00:00:00;2026-07-14 00:00:00;32050;260707G01;CRS26Q6016;CRS26Q6016;Ống sheath sau cắt  6FR16CM;Ống sheath sau cắt 6FR16CM;;;IK;13036;13036;0;0;RS04X261VS;RS04X261VS;ETFE TUBE (SHEATH) 6FR S;ỐNG ETFE (SHEATH) 6FR S;ZROH;251025VK;0;3001;1372;0010
260707G01;000010079963;REL - Released;2026-07-07 00:00:00;2026-06-30 00:00:00;2026-07-14 00:00:00;32055;260707G01;RS26Q6016;RS26Q6016;RS Sheath 0.20 60X16;RS Sheath 0.20 60X16;;;IK;13036;5990;0;0;CRS26Q6016;CRS26Q6016;Ống sheath sau cắt  6FR16CM;Ống sheath sau cắt 6FR16CM;ZHAL;260707G01;13036;3001;6000;0010
260707G01;000010079963;REL - Released;2026-07-07 00:00:00;2026-06-30 00:00:00;2026-07-14 00:00:00;32055;260707G01;RS26Q6016;RS26Q6016;RS Sheath 0.20 60X16;RS Sheath 0.20 60X16;;;IK;13036;5990;0;0;RS27X006V;RS27X006V;SHEATH LOCK PIN RS 6FR;Chốt sheath RS 6Fr;ZROH;260113=;13036;3001;6008;0020
H260703017;000010080321;TECO - Technically completed;2026-07-03 00:00:00;2026-06-29 00:00:00;2026-07-10 00:00:00;3010;H260703017;EV068-D015T01;EV068-D015t01;Sub-a endo section;Thoraflex Hybrid;07;;EVS;1;1;0;0;100-032;100-032;Braided Poly Suture;CHỈ KHÂU POLY;ZROH;RN00061434;3.5;3010;3.5;0010
H260703017;000010080321;TECO - Technically completed;2026-07-03 00:00:00;2026-06-29 00:00:00;2026-07-10 00:00:00;3010;H260703017;EV068-D015T01;EV068-D015t01;Sub-a endo section;Thoraflex Hybrid;07;;EVS;1;1;0;0;100-047;100-047;Green Poly.Braided;CHỈ KHÂU MÀU XANH LÁ CÂY;ZROH;RN00062748;2.5;3010;2.5;0020
H260703017;000010080321;TECO - Technically completed;2026-07-03 00:00:00;2026-06-29 00:00:00;2026-07-10 00:00:00;3010;H260703017;EV068-D015T01;EV068-D015t01;Sub-a endo section;Thoraflex Hybrid;07;;EVS;1;1;0;0;102-102-30;102-102-30;30MM T/Wall Plain Weave;ỐNG VẢI 30MM;ZROH;26535694;0.14;3010;0.14;0030
H260703017;000010080321;TECO - Technically completed;2026-07-03 00:00:00;2026-06-29 00:00:00;2026-07-10 00:00:00;3010;H260703017;EV068-D015T01;EV068-D015t01;Sub-a endo section;Thoraflex Hybrid;07;;EVS;1;1;0;0;208-028;208-028;Tantalum Marker Bands;ĐIỂM ĐÁNH DẤU TANTALUM;ZROH;RN00063275;6;3010;6;0040
H260703017;000010080321;TECO - Technically completed;2026-07-03 00:00:00;2026-06-29 00:00:00;2026-07-10 00:00:00;3010;H260703017;EV068-D015T01;EV068-D015t01;Sub-a endo section;Thoraflex Hybrid;07;;EVS;1;1;0;0;EV036-Z001T32-01;EV036-Z001t32-01;VÒNG ĐẦU XA HYBRID;VÒNG ĐẦU XA HYBRID;ZHAL;H260623005;1;3010;1;0050
H260703017;000010080321;TECO - Technically completed;2026-07-03 00:00:00;2026-06-29 00:00:00;2026-07-10 00:00:00;3010;H260703017;EV068-D015T01;EV068-D015t01;Sub-a endo section;Thoraflex Hybrid;07;;EVS;1;1;0;0;EV036-Z001T32-02;EV036-Z001t32-02;VÒNG GIỮA HYBRID;VÒNG GIỮA HYBRID;ZHAL;H260624004;5;3010;5;0060
H260703017;000010080321;TECO - Technically completed;2026-07-03 00:00:00;2026-06-29 00:00:00;2026-07-10 00:00:00;3010;H260703017;EV068-D015T01;EV068-D015t01;Sub-a endo section;Thoraflex Hybrid;07;;EVS;1;1;0;0;EV036-Z001T32-03;EV036-Z001t32-03;VÒNG NỐI/ĐẦU GẦN HYBRID;VÒNG NỐI/ĐẦU GẦN HYBRID;ZHAL;H260624006;1;3010;1;0070
H260703017;000010080321;TECO - Technically completed;2026-07-03 00:00:00;2026-06-29 00:00:00;2026-07-10 00:00:00;3010;H260703017;EV068-D015T01;EV068-D015t01;Sub-a endo section;Thoraflex Hybrid;07;;EVS;1;1;0;0;TS63X004V;TS63X004V;Peel Pouch 115 X 240 mm;Túi đóng gói trơn 115 x 240 mm;ZROH;250522;1;3010;1;0080
H260703020;000010080324;TECO - Technically completed;2026-07-03 00:00:00;2026-06-29 00:00:00;2026-07-10 00:00:00;3010;H260703020;EV068-D017T01;EV068-D017t01;Sub-a endo section;Thoraflex Hybrid;08;;EVS;1;1;0;0;100-032;100-032;Braided Poly Suture;CHỈ KHÂU POLY;ZROH;RN00061434;3;3010;3;0010
H260703020;000010080324;TECO - Technically completed;2026-07-03 00:00:00;2026-06-29 00:00:00;2026-07-10 00:00:00;3010;H260703020;EV068-D017T01;EV068-D017t01;Sub-a endo section;Thoraflex Hybrid;08;;EVS;1;1;0;0;100-047;100-047;Green Poly.Braided;CHỈ KHÂU MÀU XANH LÁ CÂY;ZROH;RN00062748;2.5;3010;2.5;0020
H260703020;000010080324;TECO - Technically completed;2026-07-03 00:00:00;2026-06-29 00:00:00;2026-07-10 00:00:00;3010;H260703020;EV068-D017T01;EV068-D017t01;Sub-a endo section;Thoraflex Hybrid;08;;EVS;1;1;0;0;102-102-34;102-102-34;34MM T/Wall Plain Weave;ỐNG VẢI 34MM;ZROH;26333034;0.14;3010;0.14;0030
H260703020;000010080324;TECO - Technically completed;2026-07-03 00:00:00;2026-06-29 00:00:00;2026-07-10 00:00:00;3010;H260703020;EV068-D017T01;EV068-D017t01;Sub-a endo section;Thoraflex Hybrid;08;;EVS;1;1;0;0;208-028;208-028;Tantalum Marker Bands;ĐIỂM ĐÁNH DẤU TANTALUM;ZROH;RN00063275;6;3010;6;0040
H260703020;000010080324;TECO - Technically completed;2026-07-03 00:00:00;2026-06-29 00:00:00;2026-07-10 00:00:00;3010;H260703020;EV068-D017T01;EV068-D017t01;Sub-a endo section;Thoraflex Hybrid;08;;EVS;1;1;0;0;EV036-Z001T36-01;EV036-Z001t36-01;VÒNG ĐẦU XA HYBRID;VÒNG ĐẦU XA HYBRID;ZHAL;H260625008;1;3010;1;0050
H260703020;000010080324;TECO - Technically completed;2026-07-03 00:00:00;2026-06-29 00:00:00;2026-07-10 00:00:00;3010;H260703020;EV068-D017T01;EV068-D017t01;Sub-a endo section;Thoraflex Hybrid;08;;EVS;1;1;0;0;EV036-Z001T36-02;EV036-Z001t36-02;VÒNG GIỮA HYBRID;VÒNG GIỮA HYBRID;ZHAL;H260626008;4;3010;4;0060
H260703020;000010080324;TECO - Technically completed;2026-07-03 00:00:00;2026-06-29 00:00:00;2026-07-10 00:00:00;3010;H260703020;EV068-D017T01;EV068-D017t01;Sub-a endo section;Thoraflex Hybrid;08;;EVS;1;1;0;0;EV036-Z001T36-03;EV036-Z001t36-03;VÒNG NỐI/ĐẦU GẦN HYBRID;VÒNG NỐI/ĐẦU GẦN HYBRID;ZHAL;H260625010;1;3010;1;0070
H260703020;000010080324;TECO - Technically completed;2026-07-03 00:00:00;2026-06-29 00:00:00;2026-07-10 00:00:00;3010;H260703020;EV068-D017T01;EV068-D017t01;Sub-a endo section;Thoraflex Hybrid;08;;EVS;1;1;0;0;TS63X004V;TS63X004V;Peel Pouch 115 X 240 mm;Túi đóng gói trơn 115 x 240 mm;ZROH;250522;1;3010;1;0080
H260703021;000010080325;TECO - Technically completed;2026-07-03 00:00:00;2026-06-29 00:00:00;2026-07-10 00:00:00;3010;H260703021;EV068-D017T01;EV068-D017t01;Sub-a endo section;Thoraflex Hybrid;08;;EVS;1;1;0;0;100-032;100-032;Braided Poly Suture;CHỈ KHÂU POLY;ZROH;RN00061434;3;3010;3;0010
H260703021;000010080325;TECO - Technically completed;2026-07-03 00:00:00;2026-06-29 00:00:00;2026-07-10 00:00:00;3010;H260703021;EV068-D017T01;EV068-D017t01;Sub-a endo section;Thoraflex Hybrid;08;;EVS;1;1;0;0;100-047;100-047;Green Poly.Braided;CHỈ KHÂU MÀU XANH LÁ CÂY;ZROH;RN00062748;2.5;3010;2.5;0020
H260703021;000010080325;TECO - Technically completed;2026-07-03 00:00:00;2026-06-29 00:00:00;2026-07-10 00:00:00;3010;H260703021;EV068-D017T01;EV068-D017t01;Sub-a endo section;Thoraflex Hybrid;08;;EVS;1;1;0;0;102-102-34;102-102-34;34MM T/Wall Plain Weave;ỐNG VẢI 34MM;ZROH;26333034;0.14;3010;0.14;0030
H260703021;000010080325;TECO - Technically completed;2026-07-03 00:00:00;2026-06-29 00:00:00;2026-07-10 00:00:00;3010;H260703021;EV068-D017T01;EV068-D017t01;Sub-a endo section;Thoraflex Hybrid;08;;EVS;1;1;0;0;208-028;208-028;Tantalum Marker Bands;ĐIỂM ĐÁNH DẤU TANTALUM;ZROH;RN00063275;6;3010;6;0040
H260703021;000010080325;TECO - Technically completed;2026-07-03 00:00:00;2026-06-29 00:00:00;2026-07-10 00:00:00;3010;H260703021;EV068-D017T01;EV068-D017t01;Sub-a endo section;Thoraflex Hybrid;08;;EVS;1;1;0;0;EV036-Z001T36-01;EV036-Z001t36-01;VÒNG ĐẦU XA HYBRID;VÒNG ĐẦU XA HYBRID;ZHAL;H260625008;1;3010;1;0050
H260703021;000010080325;TECO - Technically completed;2026-07-03 00:00:00;2026-06-29 00:00:00;2026-07-10 00:00:00;3010;H260703021;EV068-D017T01;EV068-D017t01;Sub-a endo section;Thoraflex Hybrid;08;;EVS;1;1;0;0;EV036-Z001T36-02;EV036-Z001t36-02;VÒNG GIỮA HYBRID;VÒNG GIỮA HYBRID;ZHAL;H260626008;4;3010;4;0060
H260703021;000010080325;TECO - Technically completed;2026-07-03 00:00:00;2026-06-29 00:00:00;2026-07-10 00:00:00;3010;H260703021;EV068-D017T01;EV068-D017t01;Sub-a endo section;Thoraflex Hybrid;08;;EVS;1;1;0;0;EV036-Z001T36-03;EV036-Z001t36-03;VÒNG NỐI/ĐẦU GẦN HYBRID;VÒNG NỐI/ĐẦU GẦN HYBRID;ZHAL;H260625010;1;3010;1;0070
H260703021;000010080325;TECO - Technically completed;2026-07-03 00:00:00;2026-06-29 00:00:00;2026-07-10 00:00:00;3010;H260703021;EV068-D017T01;EV068-D017t01;Sub-a endo section;Thoraflex Hybrid;08;;EVS;1;1;0;0;TS63X004V;TS63X004V;Peel Pouch 115 X 240 mm;Túi đóng gói trơn 115 x 240 mm;ZROH;250522;1;3010;1;0080
H260703022;000010080326;TECO - Technically completed;2026-07-03 00:00:00;2026-06-29 00:00:00;2026-07-10 00:00:00;3010;H260703022;EV068-D017T01;EV068-D017t01;Sub-a endo section;Thoraflex Hybrid;08;;EVS;1;1;0;0;100-032;100-032;Braided Poly Suture;CHỈ KHÂU POLY;ZROH;RN00061434;3;3010;3;0010
H260703022;000010080326;TECO - Technically completed;2026-07-03 00:00:00;2026-06-29 00:00:00;2026-07-10 00:00:00;3010;H260703022;EV068-D017T01;EV068-D017t01;Sub-a endo section;Thoraflex Hybrid;08;;EVS;1;1;0;0;100-047;100-047;Green Poly.Braided;CHỈ KHÂU MÀU XANH LÁ CÂY;ZROH;RN00062748;2.5;3010;2.5;0020
H260703022;000010080326;TECO - Technically completed;2026-07-03 00:00:00;2026-06-29 00:00:00;2026-07-10 00:00:00;3010;H260703022;EV068-D017T01;EV068-D017t01;Sub-a endo section;Thoraflex Hybrid;08;;EVS;1;1;0;0;102-102-34;102-102-34;34MM T/Wall Plain Weave;ỐNG VẢI 34MM;ZROH;26333034;0.14;3010;0.14;0030
H260703022;000010080326;TECO - Technically completed;2026-07-03 00:00:00;2026-06-29 00:00:00;2026-07-10 00:00:00;3010;H260703022;EV068-D017T01;EV068-D017t01;Sub-a endo section;Thoraflex Hybrid;08;;EVS;1;1;0;0;208-028;208-028;Tantalum Marker Bands;ĐIỂM ĐÁNH DẤU TANTALUM;ZROH;RN00063275;6;3010;6;0040
H260703022;000010080326;TECO - Technically completed;2026-07-03 00:00:00;2026-06-29 00:00:00;2026-07-10 00:00:00;3010;H260703022;EV068-D017T01;EV068-D017t01;Sub-a endo section;Thoraflex Hybrid;08;;EVS;1;1;0;0;EV036-Z001T36-01;EV036-Z001t36-01;VÒNG ĐẦU XA HYBRID;VÒNG ĐẦU XA HYBRID;ZHAL;H260625008;1;3010;1;0050
H260703022;000010080326;TECO - Technically completed;2026-07-03 00:00:00;2026-06-29 00:00:00;2026-07-10 00:00:00;3010;H260703022;EV068-D017T01;EV068-D017t01;Sub-a endo section;Thoraflex Hybrid;08;;EVS;1;1;0;0;EV036-Z001T36-02;EV036-Z001t36-02;VÒNG GIỮA HYBRID;VÒNG GIỮA HYBRID;ZHAL;H260626008;4;3010;4;0060
H260703022;000010080326;TECO - Technically completed;2026-07-03 00:00:00;2026-06-29 00:00:00;2026-07-10 00:00:00;3010;H260703022;EV068-D017T01;EV068-D017t01;Sub-a endo section;Thoraflex Hybrid;08;;EVS;1;1;0;0;EV036-Z001T36-03;EV036-Z001t36-03;VÒNG NỐI/ĐẦU GẦN HYBRID;VÒNG NỐI/ĐẦU GẦN HYBRID;ZHAL;H260625010;1;3010;1;0070
H260703022;000010080326;TECO - Technically completed;2026-07-03 00:00:00;2026-06-29 00:00:00;2026-07-10 00:00:00;3010;H260703022;EV068-D017T01;EV068-D017t01;Sub-a endo section;Thoraflex Hybrid;08;;EVS;1;1;0;0;TS63X004V;TS63X004V;Peel Pouch 115 X 240 mm;Túi đóng gói trơn 115 x 240 mm;ZROH;250522;1;3010;1;0080
H260703023;000010080327;TECO - Technically completed;2026-07-03 00:00:00;2026-06-29 00:00:00;2026-07-10 00:00:00;3010;H260703023;EV068-D017T01;EV068-D017t01;Sub-a endo section;Thoraflex Hybrid;08;;EVS;1;1;0;0;100-032;100-032;Braided Poly Suture;CHỈ KHÂU POLY;ZROH;RN00061434;3;3010;3;0010
H260703023;000010080327;TECO - Technically completed;2026-07-03 00:00:00;2026-06-29 00:00:00;2026-07-10 00:00:00;3010;H260703023;EV068-D017T01;EV068-D017t01;Sub-a endo section;Thoraflex Hybrid;08;;EVS;1;1;0;0;100-047;100-047;Green Poly.Braided;CHỈ KHÂU MÀU XANH LÁ CÂY;ZROH;RN00062748;2.5;3010;2.5;0020
H260703023;000010080327;TECO - Technically completed;2026-07-03 00:00:00;2026-06-29 00:00:00;2026-07-10 00:00:00;3010;H260703023;EV068-D017T01;EV068-D017t01;Sub-a endo section;Thoraflex Hybrid;08;;EVS;1;1;0;0;102-102-34;102-102-34;34MM T/Wall Plain Weave;ỐNG VẢI 34MM;ZROH;26333034;0.14;3010;0.14;0030
H260703023;000010080327;TECO - Technically completed;2026-07-03 00:00:00;2026-06-29 00:00:00;2026-07-10 00:00:00;3010;H260703023;EV068-D017T01;EV068-D017t01;Sub-a endo section;Thoraflex Hybrid;08;;EVS;1;1;0;0;208-028;208-028;Tantalum Marker Bands;ĐIỂM ĐÁNH DẤU TANTALUM;ZROH;RN00063275;6;3010;6;0040
H260703023;000010080327;TECO - Technically completed;2026-07-03 00:00:00;2026-06-29 00:00:00;2026-07-10 00:00:00;3010;H260703023;EV068-D017T01;EV068-D017t01;Sub-a endo section;Thoraflex Hybrid;08;;EVS;1;1;0;0;EV036-Z001T36-01;EV036-Z001t36-01;VÒNG ĐẦU XA HYBRID;VÒNG ĐẦU XA HYBRID;ZHAL;H260625008;1;3010;1;0050
H260703023;000010080327;TECO - Technically completed;2026-07-03 00:00:00;2026-06-29 00:00:00;2026-07-10 00:00:00;3010;H260703023;EV068-D017T01;EV068-D017t01;Sub-a endo section;Thoraflex Hybrid;08;;EVS;1;1;0;0;EV036-Z001T36-02;EV036-Z001t36-02;VÒNG GIỮA HYBRID;VÒNG GIỮA HYBRID;ZHAL;H260626008;4;3010;4;0060
H260703023;000010080327;TECO - Technically completed;2026-07-03 00:00:00;2026-06-29 00:00:00;2026-07-10 00:00:00;3010;H260703023;EV068-D017T01;EV068-D017t01;Sub-a endo section;Thoraflex Hybrid;08;;EVS;1;1;0;0;EV036-Z001T36-03;EV036-Z001t36-03;VÒNG NỐI/ĐẦU GẦN HYBRID;VÒNG NỐI/ĐẦU GẦN HYBRID;ZHAL;H260625010;1;3010;1;0070
H260703023;000010080327;TECO - Technically completed;2026-07-03 00:00:00;2026-06-29 00:00:00;2026-07-10 00:00:00;3010;H260703023;EV068-D017T01;EV068-D017t01;Sub-a endo section;Thoraflex Hybrid;08;;EVS;1;1;0;0;TS63X004V;TS63X004V;Peel Pouch 115 X 240 mm;Túi đóng gói trơn 115 x 240 mm;ZROH;250522;1;3010;1;0080
H260703024;000010080328;TECO - Technically completed;2026-07-03 00:00:00;2026-06-29 00:00:00;2026-07-10 00:00:00;3010;H260703024;EV068-D017T01;EV068-D017t01;Sub-a endo section;Thoraflex Hybrid;08;;EVS;1;1;0;0;100-032;100-032;Braided Poly Suture;CHỈ KHÂU POLY;ZROH;RN00061434;3;3010;3;0010
H260703024;000010080328;TECO - Technically completed;2026-07-03 00:00:00;2026-06-29 00:00:00;2026-07-10 00:00:00;3010;H260703024;EV068-D017T01;EV068-D017t01;Sub-a endo section;Thoraflex Hybrid;08;;EVS;1;1;0;0;100-047;100-047;Green Poly.Braided;CHỈ KHÂU MÀU XANH LÁ CÂY;ZROH;RN00062748;2.5;3010;2.5;0020
H260703024;000010080328;TECO - Technically completed;2026-07-03 00:00:00;2026-06-29 00:00:00;2026-07-10 00:00:00;3010;H260703024;EV068-D017T01;EV068-D017t01;Sub-a endo section;Thoraflex Hybrid;08;;EVS;1;1;0;0;102-102-34;102-102-34;34MM T/Wall Plain Weave;ỐNG VẢI 34MM;ZROH;26333035;0.14;3010;0.14;0030
H260703024;000010080328;TECO - Technically completed;2026-07-03 00:00:00;2026-06-29 00:00:00;2026-07-10 00:00:00;3010;H260703024;EV068-D017T01;EV068-D017t01;Sub-a endo section;Thoraflex Hybrid;08;;EVS;1;1;0;0;208-028;208-028;Tantalum Marker Bands;ĐIỂM ĐÁNH DẤU TANTALUM;ZROH;RN00063275;6;3010;6;0040
H260703024;000010080328;TECO - Technically completed;2026-07-03 00:00:00;2026-06-29 00:00:00;2026-07-10 00:00:00;3010;H260703024;EV068-D017T01;EV068-D017t01;Sub-a endo section;Thoraflex Hybrid;08;;EVS;1;1;0;0;EV036-Z001T36-01;EV036-Z001t36-01;VÒNG ĐẦU XA HYBRID;VÒNG ĐẦU XA HYBRID;ZHAL;H260625008;1;3010;1;0050
H260703024;000010080328;TECO - Technically completed;2026-07-03 00:00:00;2026-06-29 00:00:00;2026-07-10 00:00:00;3010;H260703024;EV068-D017T01;EV068-D017t01;Sub-a endo section;Thoraflex Hybrid;08;;EVS;1;1;0;0;EV036-Z001T36-02;EV036-Z001t36-02;VÒNG GIỮA HYBRID;VÒNG GIỮA HYBRID;ZHAL;H260626008;4;3010;4;0060
H260703024;000010080328;TECO - Technically completed;2026-07-03 00:00:00;2026-06-29 00:00:00;2026-07-10 00:00:00;3010;H260703024;EV068-D017T01;EV068-D017t01;Sub-a endo section;Thoraflex Hybrid;08;;EVS;1;1;0;0;EV036-Z001T36-03;EV036-Z001t36-03;VÒNG NỐI/ĐẦU GẦN HYBRID;VÒNG NỐI/ĐẦU GẦN HYBRID;ZHAL;H260625010;1;3010;1;0070
H260703024;000010080328;TECO - Technically completed;2026-07-03 00:00:00;2026-06-29 00:00:00;2026-07-10 00:00:00;3010;H260703024;EV068-D017T01;EV068-D017t01;Sub-a endo section;Thoraflex Hybrid;08;;EVS;1;1;0;0;TS63X004V;TS63X004V;Peel Pouch 115 X 240 mm;Túi đóng gói trơn 115 x 240 mm;ZROH;250522;1;3010;1;0080
H260704011;000010080331;TECO - Technically completed;2026-07-04 00:00:00;2026-06-29 00:00:00;2026-07-11 00:00:00;3010;H260704011;EV068-D014T01;EV068-D014t01;Sub-a endo section;Thoraflex Hybrid;06;;EVS;1;1;0;0;100-032;100-032;Braided Poly Suture;CHỈ KHÂU POLY;ZROH;RN00061434;3.5;3010;3.5;0010
H260704011;000010080331;TECO - Technically completed;2026-07-04 00:00:00;2026-06-29 00:00:00;2026-07-11 00:00:00;3010;H260704011;EV068-D014T01;EV068-D014t01;Sub-a endo section;Thoraflex Hybrid;06;;EVS;1;1;0;0;100-047;100-047;Green Poly.Braided;CHỈ KHÂU MÀU XANH LÁ CÂY;ZROH;RN00062748;2.5;3010;2.5;0020
H260704011;000010080331;TECO - Technically completed;2026-07-04 00:00:00;2026-06-29 00:00:00;2026-07-11 00:00:00;3010;H260704011;EV068-D014T01;EV068-D014t01;Sub-a endo section;Thoraflex Hybrid;06;;EVS;1;1;0;0;102-102-28;102-102-28;28MM T/Wall Plain Weave;ỐNG VẢI 28MM;ZROH;26299186;0.14;3010;0.14;0030
H260704011;000010080331;TECO - Technically completed;2026-07-04 00:00:00;2026-06-29 00:00:00;2026-07-11 00:00:00;3010;H260704011;EV068-D014T01;EV068-D014t01;Sub-a endo section;Thoraflex Hybrid;06;;EVS;1;1;0;0;208-028;208-028;Tantalum Marker Bands;ĐIỂM ĐÁNH DẤU TANTALUM;ZROH;RN00063275;6;3010;6;0040
H260704011;000010080331;TECO - Technically completed;2026-07-04 00:00:00;2026-06-29 00:00:00;2026-07-11 00:00:00;3010;H260704011;EV068-D014T01;EV068-D014t01;Sub-a endo section;Thoraflex Hybrid;06;;EVS;1;1;0;0;EV036-Z001T30-01;EV036-Z001t30-01;VÒNG ĐẦU XA HYBRID;VÒNG ĐẦU XA HYBRID;ZHAL;H260625001;1;3010;1;0050
H260704011;000010080331;TECO - Technically completed;2026-07-04 00:00:00;2026-06-29 00:00:00;2026-07-11 00:00:00;3010;H260704011;EV068-D014T01;EV068-D014t01;Sub-a endo section;Thoraflex Hybrid;06;;EVS;1;1;0;0;EV036-Z001T30-02;EV036-Z001t30-02;VÒNG GIỮA HYBRID;VÒNG GIỮA HYBRID;ZHAL;H260627006;5;3010;5;0060
H260704011;000010080331;TECO - Technically completed;2026-07-04 00:00:00;2026-06-29 00:00:00;2026-07-11 00:00:00;3010;H260704011;EV068-D014T01;EV068-D014t01;Sub-a endo section;Thoraflex Hybrid;06;;EVS;1;1;0;0;EV036-Z001T30-03;EV036-Z001t30-03;VÒNG NỐI/ĐẦU GẦN HYBRID;VÒNG NỐI/ĐẦU GẦN HYBRID;ZHAL;H260625004;1;3010;1;0070
H260704011;000010080331;TECO - Technically completed;2026-07-04 00:00:00;2026-06-29 00:00:00;2026-07-11 00:00:00;3010;H260704011;EV068-D014T01;EV068-D014t01;Sub-a endo section;Thoraflex Hybrid;06;;EVS;1;1;0;0;TS63X004V;TS63X004V;Peel Pouch 115 X 240 mm;Túi đóng gói trơn 115 x 240 mm;ZROH;250522;1;3010;1;0080
H260704012;000010080332;TECO - Technically completed;2026-07-04 00:00:00;2026-06-29 00:00:00;2026-07-11 00:00:00;3010;H260704012;EV068-D014T01;EV068-D014t01;Sub-a endo section;Thoraflex Hybrid;06;;EVS;1;1;0;0;100-032;100-032;Braided Poly Suture;CHỈ KHÂU POLY;ZROH;RN00061434;3.5;3010;3.5;0010
H260704012;000010080332;TECO - Technically completed;2026-07-04 00:00:00;2026-06-29 00:00:00;2026-07-11 00:00:00;3010;H260704012;EV068-D014T01;EV068-D014t01;Sub-a endo section;Thoraflex Hybrid;06;;EVS;1;1;0;0;100-047;100-047;Green Poly.Braided;CHỈ KHÂU MÀU XANH LÁ CÂY;ZROH;RN00062748;2.5;3010;2.5;0020
H260704012;000010080332;TECO - Technically completed;2026-07-04 00:00:00;2026-06-29 00:00:00;2026-07-11 00:00:00;3010;H260704012;EV068-D014T01;EV068-D014t01;Sub-a endo section;Thoraflex Hybrid;06;;EVS;1;1;0;0;102-102-28;102-102-28;28MM T/Wall Plain Weave;ỐNG VẢI 28MM;ZROH;26299186;0.14;3010;0.14;0030
H260704012;000010080332;TECO - Technically completed;2026-07-04 00:00:00;2026-06-29 00:00:00;2026-07-11 00:00:00;3010;H260704012;EV068-D014T01;EV068-D014t01;Sub-a endo section;Thoraflex Hybrid;06;;EVS;1;1;0;0;208-028;208-028;Tantalum Marker Bands;ĐIỂM ĐÁNH DẤU TANTALUM;ZROH;RN00063275;6;3010;6;0040
H260704012;000010080332;TECO - Technically completed;2026-07-04 00:00:00;2026-06-29 00:00:00;2026-07-11 00:00:00;3010;H260704012;EV068-D014T01;EV068-D014t01;Sub-a endo section;Thoraflex Hybrid;06;;EVS;1;1;0;0;EV036-Z001T30-01;EV036-Z001t30-01;VÒNG ĐẦU XA HYBRID;VÒNG ĐẦU XA HYBRID;ZHAL;H260625001;1;3010;1;0050
H260704012;000010080332;TECO - Technically completed;2026-07-04 00:00:00;2026-06-29 00:00:00;2026-07-11 00:00:00;3010;H260704012;EV068-D014T01;EV068-D014t01;Sub-a endo section;Thoraflex Hybrid;06;;EVS;1;1;0;0;EV036-Z001T30-02;EV036-Z001t30-02;VÒNG GIỮA HYBRID;VÒNG GIỮA HYBRID;ZHAL;H260627006;5;3010;5;0060
H260704012;000010080332;TECO - Technically completed;2026-07-04 00:00:00;2026-06-29 00:00:00;2026-07-11 00:00:00;3010;H260704012;EV068-D014T01;EV068-D014t01;Sub-a endo section;Thoraflex Hybrid;06;;EVS;1;1;0;0;EV036-Z001T30-03;EV036-Z001t30-03;VÒNG NỐI/ĐẦU GẦN HYBRID;VÒNG NỐI/ĐẦU GẦN HYBRID;ZHAL;H260625004;1;3010;1;0070
H260704012;000010080332;TECO - Technically completed;2026-07-04 00:00:00;2026-06-29 00:00:00;2026-07-11 00:00:00;3010;H260704012;EV068-D014T01;EV068-D014t01;Sub-a endo section;Thoraflex Hybrid;06;;EVS;1;1;0;0;TS63X004V;TS63X004V;Peel Pouch 115 X 240 mm;Túi đóng gói trơn 115 x 240 mm;ZROH;250522;1;3010;1;0080
H260704014;000010080334;TECO - Technically completed;2026-07-04 00:00:00;2026-06-29 00:00:00;2026-07-11 00:00:00;3010;H260704014;EV068-D014T01;EV068-D014t01;Sub-a endo section;Thoraflex Hybrid;06;;EVS;1;1;0;0;100-032;100-032;Braided Poly Suture;CHỈ KHÂU POLY;ZROH;RN00061434;3.5;3010;3.5;0010
H260704014;000010080334;TECO - Technically completed;2026-07-04 00:00:00;2026-06-29 00:00:00;2026-07-11 00:00:00;3010;H260704014;EV068-D014T01;EV068-D014t01;Sub-a endo section;Thoraflex Hybrid;06;;EVS;1;1;0;0;100-047;100-047;Green Poly.Braided;CHỈ KHÂU MÀU XANH LÁ CÂY;ZROH;RN00062748;2.5;3010;2.5;0020
H260704014;000010080334;TECO - Technically completed;2026-07-04 00:00:00;2026-06-29 00:00:00;2026-07-11 00:00:00;3010;H260704014;EV068-D014T01;EV068-D014t01;Sub-a endo section;Thoraflex Hybrid;06;;EVS;1;1;0;0;102-102-28;102-102-28;28MM T/Wall Plain Weave;ỐNG VẢI 28MM;ZROH;26299186;0.14;3010;0.14;0030
H260704014;000010080334;TECO - Technically completed;2026-07-04 00:00:00;2026-06-29 00:00:00;2026-07-11 00:00:00;3010;H260704014;EV068-D014T01;EV068-D014t01;Sub-a endo section;Thoraflex Hybrid;06;;EVS;1;1;0;0;208-028;208-028;Tantalum Marker Bands;ĐIỂM ĐÁNH DẤU TANTALUM;ZROH;RN00063275;6;3010;6;0040
H260704014;000010080334;TECO - Technically completed;2026-07-04 00:00:00;2026-06-29 00:00:00;2026-07-11 00:00:00;3010;H260704014;EV068-D014T01;EV068-D014t01;Sub-a endo section;Thoraflex Hybrid;06;;EVS;1;1;0;0;EV036-Z001T30-01;EV036-Z001t30-01;VÒNG ĐẦU XA HYBRID;VÒNG ĐẦU XA HYBRID;ZHAL;H260625001;1;3010;1;0050
H260704014;000010080334;TECO - Technically completed;2026-07-04 00:00:00;2026-06-29 00:00:00;2026-07-11 00:00:00;3010;H260704014;EV068-D014T01;EV068-D014t01;Sub-a endo section;Thoraflex Hybrid;06;;EVS;1;1;0;0;EV036-Z001T30-02;EV036-Z001t30-02;VÒNG GIỮA HYBRID;VÒNG GIỮA HYBRID;ZHAL;H260627006;5;3010;5;0060
H260704014;000010080334;TECO - Technically completed;2026-07-04 00:00:00;2026-06-29 00:00:00;2026-07-11 00:00:00;3010;H260704014;EV068-D014T01;EV068-D014t01;Sub-a endo section;Thoraflex Hybrid;06;;EVS;1;1;0;0;EV036-Z001T30-03;EV036-Z001t30-03;VÒNG NỐI/ĐẦU GẦN HYBRID;VÒNG NỐI/ĐẦU GẦN HYBRID;ZHAL;H260625004;1;3010;1;0070
H260704014;000010080334;TECO - Technically completed;2026-07-04 00:00:00;2026-06-29 00:00:00;2026-07-11 00:00:00;3010;H260704014;EV068-D014T01;EV068-D014t01;Sub-a endo section;Thoraflex Hybrid;06;;EVS;1;1;0;0;TS63X004V;TS63X004V;Peel Pouch 115 X 240 mm;Túi đóng gói trơn 115 x 240 mm;ZROH;250522;1;3010;1;0080
H260704015;000010080335;TECO - Technically completed;2026-07-04 00:00:00;2026-06-29 00:00:00;2026-07-11 00:00:00;3010;H260704015;EV068-D014T01;EV068-D014t01;Sub-a endo section;Thoraflex Hybrid;06;;EVS;1;1;0;0;100-032;100-032;Braided Poly Suture;CHỈ KHÂU POLY;ZROH;RN00061434;3.5;3010;3.5;0010
H260704015;000010080335;TECO - Technically completed;2026-07-04 00:00:00;2026-06-29 00:00:00;2026-07-11 00:00:00;3010;H260704015;EV068-D014T01;EV068-D014t01;Sub-a endo section;Thoraflex Hybrid;06;;EVS;1;1;0;0;100-047;100-047;Green Poly.Braided;CHỈ KHÂU MÀU XANH LÁ CÂY;ZROH;RN00062748;2.5;3010;2.5;0020
H260704015;000010080335;TECO - Technically completed;2026-07-04 00:00:00;2026-06-29 00:00:00;2026-07-11 00:00:00;3010;H260704015;EV068-D014T01;EV068-D014t01;Sub-a endo section;Thoraflex Hybrid;06;;EVS;1;1;0;0;102-102-28;102-102-28;28MM T/Wall Plain Weave;ỐNG VẢI 28MM;ZROH;26299186;0.14;3010;0.14;0030
H260704015;000010080335;TECO - Technically completed;2026-07-04 00:00:00;2026-06-29 00:00:00;2026-07-11 00:00:00;3010;H260704015;EV068-D014T01;EV068-D014t01;Sub-a endo section;Thoraflex Hybrid;06;;EVS;1;1;0;0;208-028;208-028;Tantalum Marker Bands;ĐIỂM ĐÁNH DẤU TANTALUM;ZROH;RN00063275;6;3010;6;0040
H260704015;000010080335;TECO - Technically completed;2026-07-04 00:00:00;2026-06-29 00:00:00;2026-07-11 00:00:00;3010;H260704015;EV068-D014T01;EV068-D014t01;Sub-a endo section;Thoraflex Hybrid;06;;EVS;1;1;0;0;EV036-Z001T30-01;EV036-Z001t30-01;VÒNG ĐẦU XA HYBRID;VÒNG ĐẦU XA HYBRID;ZHAL;H260625001;1;3010;1;0050
H260704015;000010080335;TECO - Technically completed;2026-07-04 00:00:00;2026-06-29 00:00:00;2026-07-11 00:00:00;3010;H260704015;EV068-D014T01;EV068-D014t01;Sub-a endo section;Thoraflex Hybrid;06;;EVS;1;1;0;0;EV036-Z001T30-02;EV036-Z001t30-02;VÒNG GIỮA HYBRID;VÒNG GIỮA HYBRID;ZHAL;H260627007;5;3010;5;0060
H260704015;000010080335;TECO - Technically completed;2026-07-04 00:00:00;2026-06-29 00:00:00;2026-07-11 00:00:00;3010;H260704015;EV068-D014T01;EV068-D014t01;Sub-a endo section;Thoraflex Hybrid;06;;EVS;1;1;0;0;EV036-Z001T30-03;EV036-Z001t30-03;VÒNG NỐI/ĐẦU GẦN HYBRID;VÒNG NỐI/ĐẦU GẦN HYBRID;ZHAL;H260625004;1;3010;1;0070
H260704015;000010080335;TECO - Technically completed;2026-07-04 00:00:00;2026-06-29 00:00:00;2026-07-11 00:00:00;3010;H260704015;EV068-D014T01;EV068-D014t01;Sub-a endo section;Thoraflex Hybrid;06;;EVS;1;1;0;0;TS63X004V;TS63X004V;Peel Pouch 115 X 240 mm;Túi đóng gói trơn 115 x 240 mm;ZROH;250522;1;3010;1;0080
H260704016;000010080336;TECO - Technically completed;2026-07-04 00:00:00;2026-06-29 00:00:00;2026-07-11 00:00:00;3010;H260704016;EV068-D014T01;EV068-D014t01;Sub-a endo section;Thoraflex Hybrid;06;;EVS;1;1;0;0;100-032;100-032;Braided Poly Suture;CHỈ KHÂU POLY;ZROH;RN00061434;3.5;3010;3.5;0010
H260704016;000010080336;TECO - Technically completed;2026-07-04 00:00:00;2026-06-29 00:00:00;2026-07-11 00:00:00;3010;H260704016;EV068-D014T01;EV068-D014t01;Sub-a endo section;Thoraflex Hybrid;06;;EVS;1;1;0;0;100-047;100-047;Green Poly.Braided;CHỈ KHÂU MÀU XANH LÁ CÂY;ZROH;RN00062748;2.5;3010;2.5;0020
H260704016;000010080336;TECO - Technically completed;2026-07-04 00:00:00;2026-06-29 00:00:00;2026-07-11 00:00:00;3010;H260704016;EV068-D014T01;EV068-D014t01;Sub-a endo section;Thoraflex Hybrid;06;;EVS;1;1;0;0;102-102-28;102-102-28;28MM T/Wall Plain Weave;ỐNG VẢI 28MM;ZROH;26299186;0.14;3010;0.14;0030
H260704016;000010080336;TECO - Technically completed;2026-07-04 00:00:00;2026-06-29 00:00:00;2026-07-11 00:00:00;3010;H260704016;EV068-D014T01;EV068-D014t01;Sub-a endo section;Thoraflex Hybrid;06;;EVS;1;1;0;0;208-028;208-028;Tantalum Marker Bands;ĐIỂM ĐÁNH DẤU TANTALUM;ZROH;RN00063275;6;3010;6;0040
H260704016;000010080336;TECO - Technically completed;2026-07-04 00:00:00;2026-06-29 00:00:00;2026-07-11 00:00:00;3010;H260704016;EV068-D014T01;EV068-D014t01;Sub-a endo section;Thoraflex Hybrid;06;;EVS;1;1;0;0;EV036-Z001T30-01;EV036-Z001t30-01;VÒNG ĐẦU XA HYBRID;VÒNG ĐẦU XA HYBRID;ZHAL;H260625001;1;3010;1;0050
H260704016;000010080336;TECO - Technically completed;2026-07-04 00:00:00;2026-06-29 00:00:00;2026-07-11 00:00:00;3010;H260704016;EV068-D014T01;EV068-D014t01;Sub-a endo section;Thoraflex Hybrid;06;;EVS;1;1;0;0;EV036-Z001T30-02;EV036-Z001t30-02;VÒNG GIỮA HYBRID;VÒNG GIỮA HYBRID;ZHAL;H260627007;5;3010;5;0060
H260704016;000010080336;TECO - Technically completed;2026-07-04 00:00:00;2026-06-29 00:00:00;2026-07-11 00:00:00;3010;H260704016;EV068-D014T01;EV068-D014t01;Sub-a endo section;Thoraflex Hybrid;06;;EVS;1;1;0;0;EV036-Z001T30-03;EV036-Z001t30-03;VÒNG NỐI/ĐẦU GẦN HYBRID;VÒNG NỐI/ĐẦU GẦN HYBRID;ZHAL;H260625004;1;3010;1;0070
H260704016;000010080336;TECO - Technically completed;2026-07-04 00:00:00;2026-06-29 00:00:00;2026-07-11 00:00:00;3010;H260704016;EV068-D014T01;EV068-D014t01;Sub-a endo section;Thoraflex Hybrid;06;;EVS;1;1;0;0;TS63X004V;TS63X004V;Peel Pouch 115 X 240 mm;Túi đóng gói trơn 115 x 240 mm;ZROH;250522;1;3010;1;0080
H260704017;000010080337;TECO - Technically completed;2026-07-04 00:00:00;2026-06-29 00:00:00;2026-07-11 00:00:00;3010;H260704017;EV068-D015T01;EV068-D015t01;Sub-a endo section;Thoraflex Hybrid;07;;EVS;1;1;0;0;100-032;100-032;Braided Poly Suture;CHỈ KHÂU POLY;ZROH;RN00061434;3.5;3010;3.5;0010
H260704017;000010080337;TECO - Technically completed;2026-07-04 00:00:00;2026-06-29 00:00:00;2026-07-11 00:00:00;3010;H260704017;EV068-D015T01;EV068-D015t01;Sub-a endo section;Thoraflex Hybrid;07;;EVS;1;1;0;0;100-047;100-047;Green Poly.Braided;CHỈ KHÂU MÀU XANH LÁ CÂY;ZROH;RN00062748;2.5;3010;2.5;0020
H260704017;000010080337;TECO - Technically completed;2026-07-04 00:00:00;2026-06-29 00:00:00;2026-07-11 00:00:00;3010;H260704017;EV068-D015T01;EV068-D015t01;Sub-a endo section;Thoraflex Hybrid;07;;EVS;1;1;0;0;102-102-30;102-102-30;30MM T/Wall Plain Weave;ỐNG VẢI 30MM;ZROH;26535694;0.14;3010;0.14;0030
H260704017;000010080337;TECO - Technically completed;2026-07-04 00:00:00;2026-06-29 00:00:00;2026-07-11 00:00:00;3010;H260704017;EV068-D015T01;EV068-D015t01;Sub-a endo section;Thoraflex Hybrid;07;;EVS;1;1;0;0;208-028;208-028;Tantalum Marker Bands;ĐIỂM ĐÁNH DẤU TANTALUM;ZROH;RN00063275;6;3010;6;0040
H260704017;000010080337;TECO - Technically completed;2026-07-04 00:00:00;2026-06-29 00:00:00;2026-07-11 00:00:00;3010;H260704017;EV068-D015T01;EV068-D015t01;Sub-a endo section;Thoraflex Hybrid;07;;EVS;1;1;0;0;EV036-Z001T32-01;EV036-Z001t32-01;VÒNG ĐẦU XA HYBRID;VÒNG ĐẦU XA HYBRID;ZHAL;H260623005;1;3010;1;0050
H260704017;000010080337;TECO - Technically completed;2026-07-04 00:00:00;2026-06-29 00:00:00;2026-07-11 00:00:00;3010;H260704017;EV068-D015T01;EV068-D015t01;Sub-a endo section;Thoraflex Hybrid;07;;EVS;1;1;0;0;EV036-Z001T32-02;EV036-Z001t32-02;VÒNG GIỮA HYBRID;VÒNG GIỮA HYBRID;ZHAL;H260624004;5;3010;5;0060
H260704017;000010080337;TECO - Technically completed;2026-07-04 00:00:00;2026-06-29 00:00:00;2026-07-11 00:00:00;3010;H260704017;EV068-D015T01;EV068-D015t01;Sub-a endo section;Thoraflex Hybrid;07;;EVS;1;1;0;0;EV036-Z001T32-03;EV036-Z001t32-03;VÒNG NỐI/ĐẦU GẦN HYBRID;VÒNG NỐI/ĐẦU GẦN HYBRID;ZHAL;H260624006;1;3010;1;0070
H260704017;000010080337;TECO - Technically completed;2026-07-04 00:00:00;2026-06-29 00:00:00;2026-07-11 00:00:00;3010;H260704017;EV068-D015T01;EV068-D015t01;Sub-a endo section;Thoraflex Hybrid;07;;EVS;1;1;0;0;TS63X004V;TS63X004V;Peel Pouch 115 X 240 mm;Túi đóng gói trơn 115 x 240 mm;ZROH;250522;1;3010;1;0080
H260704018;000010080338;TECO - Technically completed;2026-07-04 00:00:00;2026-06-29 00:00:00;2026-07-11 00:00:00;3010;H260704018;EV068-D015T01;EV068-D015t01;Sub-a endo section;Thoraflex Hybrid;07;;EVS;1;1;0;0;100-032;100-032;Braided Poly Suture;CHỈ KHÂU POLY;ZROH;RN00061434;3.5;3010;3.5;0010
H260704018;000010080338;TECO - Technically completed;2026-07-04 00:00:00;2026-06-29 00:00:00;2026-07-11 00:00:00;3010;H260704018;EV068-D015T01;EV068-D015t01;Sub-a endo section;Thoraflex Hybrid;07;;EVS;1;1;0;0;100-047;100-047;Green Poly.Braided;CHỈ KHÂU MÀU XANH LÁ CÂY;ZROH;RN00062748;2.5;3010;2.5;0020
H260704018;000010080338;TECO - Technically completed;2026-07-04 00:00:00;2026-06-29 00:00:00;2026-07-11 00:00:00;3010;H260704018;EV068-D015T01;EV068-D015t01;Sub-a endo section;Thoraflex Hybrid;07;;EVS;1;1;0;0;102-102-30;102-102-30;30MM T/Wall Plain Weave;ỐNG VẢI 30MM;ZROH;26535694;0.14;3010;0.14;0030
H260704018;000010080338;TECO - Technically completed;2026-07-04 00:00:00;2026-06-29 00:00:00;2026-07-11 00:00:00;3010;H260704018;EV068-D015T01;EV068-D015t01;Sub-a endo section;Thoraflex Hybrid;07;;EVS;1;1;0;0;208-028;208-028;Tantalum Marker Bands;ĐIỂM ĐÁNH DẤU TANTALUM;ZROH;RN00063275;6;3010;6;0040
H260704018;000010080338;TECO - Technically completed;2026-07-04 00:00:00;2026-06-29 00:00:00;2026-07-11 00:00:00;3010;H260704018;EV068-D015T01;EV068-D015t01;Sub-a endo section;Thoraflex Hybrid;07;;EVS;1;1;0;0;EV036-Z001T32-01;EV036-Z001t32-01;VÒNG ĐẦU XA HYBRID;VÒNG ĐẦU XA HYBRID;ZHAL;H260623005;1;3010;1;0050
H260704018;000010080338;TECO - Technically completed;2026-07-04 00:00:00;2026-06-29 00:00:00;2026-07-11 00:00:00;3010;H260704018;EV068-D015T01;EV068-D015t01;Sub-a endo section;Thoraflex Hybrid;07;;EVS;1;1;0;0;EV036-Z001T32-02;EV036-Z001t32-02;VÒNG GIỮA HYBRID;VÒNG GIỮA HYBRID;ZHAL;H260624004;5;3010;5;0060
H260704018;000010080338;TECO - Technically completed;2026-07-04 00:00:00;2026-06-29 00:00:00;2026-07-11 00:00:00;3010;H260704018;EV068-D015T01;EV068-D015t01;Sub-a endo section;Thoraflex Hybrid;07;;EVS;1;1;0;0;EV036-Z001T32-03;EV036-Z001t32-03;VÒNG NỐI/ĐẦU GẦN HYBRID;VÒNG NỐI/ĐẦU GẦN HYBRID;ZHAL;H260624006;1;3010;1;0070
H260704018;000010080338;TECO - Technically completed;2026-07-04 00:00:00;2026-06-29 00:00:00;2026-07-11 00:00:00;3010;H260704018;EV068-D015T01;EV068-D015t01;Sub-a endo section;Thoraflex Hybrid;07;;EVS;1;1;0;0;TS63X004V;TS63X004V;Peel Pouch 115 X 240 mm;Túi đóng gói trơn 115 x 240 mm;ZROH;250522;1;3010;1;0080
260708G01;000010080350;REL - Released;2026-07-08 00:00:00;2026-06-30 00:00:00;2026-07-15 00:00:00;32050;260708G01;CRS26Q6010S;CRS26Q6010S;RSM2 Slender sau cắt 6FR 10CM;RSM2 Slender sau cắt 6FR 10CM;;;IK;6438;6437;0;0;RS04X262V;RS04X262V;ETFE TUBE 6.0FR 0.12;Ống ETFE 6.0FR 0.12;ZROH;250926VS;1073;3001;1044;0010
260708G01;000010080350;REL - Released;2026-07-08 00:00:00;2026-06-30 00:00:00;2026-07-15 00:00:00;32050;260708G01;CRS26Q6010S;CRS26Q6010S;RSM2 Slender sau cắt 6FR 10CM;RSM2 Slender sau cắt 6FR 10CM;;;IK;6438;6437;0;0;RS04X262V;RS04X262V;ETFE TUBE 6.0FR 0.12;Ống ETFE 6.0FR 0.12;ZROH;251019VS;0;3001;29;0010
260708G01;000010080358;REL - Released;2026-07-08 00:00:00;2026-06-30 00:00:00;2026-07-15 00:00:00;32050;260708G01;CRS26Q6010;CRS26Q6010;Ống sheath sau cắt  6FR10CM;Ống sheath sau cắt 6FR10CM;;;IK;13181;3591;0;0;RS04X261V;RS04X261V;ETFE TUBE (SHEATH) 6FR;ỐNG ETFE (SHEATH) 6FR;ZROH;251114VP;1883;3001;513;0010
T260706003;000010080401;TECO - Technically completed;2026-07-06 00:00:00;2026-06-29 00:00:00;2026-07-13 00:00:00;3008;T260706003;28-33-0651-18;28-33-0651-18;Leg Sewn Graft Components;L2 - 15.3mmx15mm 120mm;C;;EVS;1;1;0;0;28-22-1144-04;28-22-1144-04;15MMx 15MM Leg Graft;ỐNG VẢI CHÂN 15MMX 15MM;ZROH;T00662936;1;3008;1;0010
T260706003;000010080401;TECO - Technically completed;2026-07-06 00:00:00;2026-06-29 00:00:00;2026-07-13 00:00:00;3008;T260706003;28-33-0651-18;28-33-0651-18;Leg Sewn Graft Components;L2 - 15.3mmx15mm 120mm;C;;EVS;1;1;0;0;28-22-1117;28-22-1117;15.3MM Proxi Leg stent;VÒNG CHÂN ĐẦU GẦN 15,3MM;ZROH;T00213581;1;3008;1;0020
T260706003;000010080401;TECO - Technically completed;2026-07-06 00:00:00;2026-06-29 00:00:00;2026-07-13 00:00:00;3008;T260706003;28-33-0651-18;28-33-0651-18;Leg Sewn Graft Components;L2 - 15.3mmx15mm 120mm;C;;EVS;1;1;0;0;28-22-0994-04;28-22-0994-04;AAA 14MM Leg stent;VÒNG CHÂN 14MM AAA;ZROH;T00091492;11;3008;11;0030
T260706003;000010080401;TECO - Technically completed;2026-07-06 00:00:00;2026-06-29 00:00:00;2026-07-13 00:00:00;3008;T260706003;28-33-0651-18;28-33-0651-18;Leg Sewn Graft Components;L2 - 15.3mmx15mm 120mm;C;;EVS;1;1;0;0;28-22-0917;28-22-0917;Tube Marker Band;ỐNG ĐÁNH DẤU;ZROH;T00734504;10;3008;10;0040
T260706003;000010080401;TECO - Technically completed;2026-07-06 00:00:00;2026-06-29 00:00:00;2026-07-13 00:00:00;3008;T260706003;28-33-0651-18;28-33-0651-18;Leg Sewn Graft Components;L2 - 15.3mmx15mm 120mm;C;;EVS;1;1;0;0;28-22-0315;28-22-0315;5-0 Polyester Suture;CHỈ KHÂU POLYESTER 5-0;ZROH;T00044889;12;3008;12;0050
T260706003;000010080401;TECO - Technically completed;2026-07-06 00:00:00;2026-06-29 00:00:00;2026-07-13 00:00:00;3008;T260706003;28-33-0651-18;28-33-0651-18;Leg Sewn Graft Components;L2 - 15.3mmx15mm 120mm;C;;EVS;1;1;0;0;TF25X500V;TF25X500V;Peel Pouch 135x310 mm;TÚI ĐÓNG GÓI 135x310;ZROH;250425;1;3008;1;0060
T260706003;000010080401;TECO - Technically completed;2026-07-06 00:00:00;2026-06-29 00:00:00;2026-07-13 00:00:00;3008;T260706003;28-33-0651-18;28-33-0651-18;Leg Sewn Graft Components;L2 - 15.3mmx15mm 120mm;C;;EVS;1;1;0;0;TS63X004V;TS63X004V;Peel Pouch 115 X 240 mm;Túi đóng gói trơn 115 x 240 mm;ZROH;260121;1;3008;1;0070
260708D01;000010081430;REL - Released;2026-07-08 00:00:00;2026-07-01 00:00:00;2026-07-15 00:00:00;01055;260708D01;RG00X3526A;RG00X3526A;Chuôi đã in 3526A;Chuôi đã in 3526A;;;GW;13841;13841;0;0;RG00X035VN;RG00X035VN;RG HOLDER HUB 035 PURPLE;RG Chuôi ống bọc ngoài 035 tím;ZROH;260427T1;13841;3002;13841;0010
260708E02;000010081697;TECO - Technically completed;2026-07-08 00:00:00;2026-07-01 00:00:00;2026-07-15 00:00:00;30070;260708E02;RC70GL4SSU;RC70GL4SSU;BTP đã đúc Outer GL4SSUS304;BTP đã đúc Outer GL4SSUS304;;;RFS;800;753;7;0;RF80X012V;RF80X012V;PERESEN Ope 60W4001 TVC;Nhựa PERESEN Ope (Ope 60W4001 TVC);ZROH;250709;3500;3006;3820;0010
260708E02;000010081697;TECO - Technically completed;2026-07-08 00:00:00;2026-07-01 00:00:00;2026-07-15 00:00:00;30070;260708E02;RC70GL4SSU;RC70GL4SSU;BTP đã đúc Outer GL4SSUS304;BTP đã đúc Outer GL4SSUS304;;;RFS;800;753;7;0;RC68GL4SSU;RC68GL4SSU;BTP CT, ép 2,cuộn lại GL4SSUS304;BTP CT, ép 2,cuộn lại GL4SSUS304;ZHAL;260707C02;800;3006;760;0020
260708E03;000010081698;TECO - Technically completed;2026-07-08 00:00:00;2026-07-01 00:00:00;2026-07-15 00:00:00;30070;260708E03;RC70GL4SSU;RC70GL4SSU;BTP đã đúc Outer GL4SSUS304;BTP đã đúc Outer GL4SSUS304;;;RFS;800;728;7;0;RF80X012V;RF80X012V;PERESEN Ope 60W4001 TVC;Nhựa PERESEN Ope (Ope 60W4001 TVC);ZROH;250709;3500;3006;3213;0010
260708E03;000010081698;TECO - Technically completed;2026-07-08 00:00:00;2026-07-01 00:00:00;2026-07-15 00:00:00;30070;260708E03;RC70GL4SSU;RC70GL4SSU;BTP đã đúc Outer GL4SSUS304;BTP đã đúc Outer GL4SSUS304;;;RFS;800;728;7;0;RC68GL4SSU;RC68GL4SSU;BTP CT, ép 2,cuộn lại GL4SSUS304;BTP CT, ép 2,cuộn lại GL4SSUS304;ZHAL;260707C03;800;3006;735;0020
260708E04;000010081699;TECO - Technically completed;2026-07-08 00:00:00;2026-07-01 00:00:00;2026-07-15 00:00:00;30070;260708E04;RC70GL4SSU;RC70GL4SSU;BTP đã đúc Outer GL4SSUS304;BTP đã đúc Outer GL4SSUS304;;;RFS;800;779;9;0;RF80X012V;RF80X012V;PERESEN Ope 60W4001 TVC;Nhựa PERESEN Ope (Ope 60W4001 TVC);ZROH;250709;3500;3006;3444;0010
260708E04;000010081699;TECO - Technically completed;2026-07-08 00:00:00;2026-07-01 00:00:00;2026-07-15 00:00:00;30070;260708E04;RC70GL4SSU;RC70GL4SSU;BTP đã đúc Outer GL4SSUS304;BTP đã đúc Outer GL4SSUS304;;;RFS;800;779;9;0;RC68GL4SSU;RC68GL4SSU;BTP CT, ép 2,cuộn lại GL4SSUS304;BTP CT, ép 2,cuộn lại GL4SSUS304;ZHAL;260707C04;800;3006;788;0020
260708E02;000010081705;TECO - Technically completed;2026-07-08 00:00:00;2026-07-01 00:00:00;2026-07-15 00:00:00;30075;260708E02;RC75GL4SSU;RC75GL4SSU;BTP đã CRL, sấy GL4SSUS304;BTP đã CRL, sấy GL4SSUS304;;;RFS;650;596;16;0;RC70GL4SSU;RC70GL4SSU;BTP đã đúc Outer GL4SSUS304;BTP đã đúc Outer GL4SSUS304;ZHAL;260708E02;799.5;3006;753;0010
260708C02;000010082272;TECO - Technically completed;2026-07-08 00:00:00;2026-07-01 00:00:00;2026-07-15 00:00:00;00050;260708C02;RC50GL4LSU;RC50GL4LSU;BTP đúc inner, KTL GL4LSUS304;BTP đúc inner, KTL GL4LSUS304;;;RFS;3200;3200;50;0;PL02X073V;PL02X073V;HEART 1 RESIN;Nhựa Heart 1;ZROH;260206;2155.424;3005;2655;0010
260708C02;000010082272;TECO - Technically completed;2026-07-08 00:00:00;2026-07-01 00:00:00;2026-07-15 00:00:00;00050;260708C02;RC50GL4LSU;RC50GL4LSU;BTP đúc inner, KTL GL4LSUS304;BTP đúc inner, KTL GL4LSUS304;;;RFS;3200;3200;50;0;SUS304X106V;SUS304X106V;SUS WIRE 304 D1.06;SUS WIRE 304 D1.06;ZROH;260613;22400;3005;22750;0020
260708C01;000010082273;TECO - Technically completed;2026-07-08 00:00:00;2026-07-01 00:00:00;2026-07-15 00:00:00;00055;260708C01;RC5504DGL4L;RC5504DGL4L;BTP đã chia cuộn GL4L;BTP đã chia cuộn GL4L;;;RFS;2280;2280;0;0;RF00X301V;RF00X301V;SUS316 φ0.04 Blader Double (TVC);Sợi lưới thép SUS316 φ0.04 kép (TVC);ZROH;6313-62130;0;3005;403;0010
260708C01;000010082273;TECO - Technically completed;2026-07-08 00:00:00;2026-07-01 00:00:00;2026-07-15 00:00:00;00055;260708C01;RC5504DGL4L;RC5504DGL4L;BTP đã chia cuộn GL4L;BTP đã chia cuộn GL4L;;;RFS;2280;2280;0;0;RF00X301V;RF00X301V;SUS316 φ0.04 Blader Double (TVC);Sợi lưới thép SUS316 φ0.04 kép (TVC);ZROH;5929-15983;2280;3005;1877;0010
260708C01;000010082277;TECO - Technically completed;2026-07-08 00:00:00;2026-07-01 00:00:00;2026-07-15 00:00:00;00063;260708C01;RC64GL4SSU;RC64GL4SSU;BTP sau ép 1 GL4SSUS304;BTP sau ép 1 GL4SSUS304;;;RFS;800;754;0;0;RC60GL4SSU;RC60GL4SSU;BTP đan lưới thép GL4SSUS304;BTP đan lưới thép GL4SSUS304;ZHAL;260706C01;800;3005;754;0010
260708C03;000010082279;TECO - Technically completed;2026-07-08 00:00:00;2026-07-01 00:00:00;2026-07-15 00:00:00;00063;260708C03;RC64GL4SSU;RC64GL4SSU;BTP sau ép 1 GL4SSUS304;BTP sau ép 1 GL4SSUS304;;;RFS;800;761;2;0;RC60GL4SSU;RC60GL4SSU;BTP đan lưới thép GL4SSUS304;BTP đan lưới thép GL4SSUS304;ZHAL;260706C03;800;3005;763;0010
260708C04;000010082280;TECO - Technically completed;2026-07-08 00:00:00;2026-07-01 00:00:00;2026-07-15 00:00:00;00063;260708C04;RC64GL4SSU;RC64GL4SSU;BTP sau ép 1 GL4SSUS304;BTP sau ép 1 GL4SSUS304;;;RFS;800;796;0;0;RC60GL4SSU;RC60GL4SSU;BTP đan lưới thép GL4SSUS304;BTP đan lưới thép GL4SSUS304;ZHAL;260706C04;800;3005;796;0010
260710C01;000010082301;TECO - Technically completed;2026-07-10 00:00:00;2026-07-01 00:00:00;2026-07-17 00:00:00;00050;260710C01;RC50GL4SSU;RC50GL4SSU;BTP đúc inner, KTL GL4SSUS304;BTP đúc inner, KTL GL4SSUS304;;;RFS;3200;3200;80;0;PL02X073V;PL02X073V;HEART 1 RESIN;Nhựa Heart 1;ZROH;260206;2137.792;3005;2638;0010
260710C01;000010082301;TECO - Technically completed;2026-07-10 00:00:00;2026-07-01 00:00:00;2026-07-17 00:00:00;00050;260710C01;RC50GL4SSU;RC50GL4SSU;BTP đúc inner, KTL GL4SSUS304;BTP đúc inner, KTL GL4SSUS304;;;RFS;3200;3200;80;0;SUS304X106V;SUS304X106V;SUS WIRE 304 D1.06;SUS WIRE 304 D1.06;ZROH;260613;0;3005;5600;0020
260710C01;000010082301;TECO - Technically completed;2026-07-10 00:00:00;2026-07-01 00:00:00;2026-07-17 00:00:00;00050;260710C01;RC50GL4SSU;RC50GL4SSU;BTP đúc inner, KTL GL4SSUS304;BTP đúc inner, KTL GL4SSUS304;;;RFS;3200;3200;80;0;SUS304X106V;SUS304X106V;SUS WIRE 304 D1.06;SUS WIRE 304 D1.06;ZROH;260612;22400;3005;17360;0020
260710C01;000010082303;REL - Released;2026-07-10 00:00:00;2026-07-01 00:00:00;2026-07-17 00:00:00;00055;260710C01;RC5504DGL4S;RC5504DGL4S;BTP đã chia cuộn GL4S;BTP đã chia cuộn GL4S;;;RFS;2264;283;0;0;RF00X301V;RF00X301V;SUS316 φ0.04 Blader Double (TVC);Sợi lưới thép SUS316 φ0.04 kép (TVC);ZROH;6313-62130;2264;3005;283;0010
260710TA;000010082561;REL - Released;2026-07-10 00:00:00;2026-07-04 00:00:00;2026-07-17 00:00:00;32097;260710TA;RS/A60K10SQ_S;RS*A60K10SQ;Introducer II H;Introducer II H;;;IK;13119;0;0;0;RS34M6001-N2;RS34M6001-N2;PEEL LABEL 6Fr M26 non CE;Nhãn túi đóng gói 6Fr M26 không CE;ZROH;;13119;3001;0;0010
260710TA;000010082561;REL - Released;2026-07-10 00:00:00;2026-07-04 00:00:00;2026-07-17 00:00:00;32097;260710TA;RS/A60K10SQ_S;RS*A60K10SQ;Introducer II H;Introducer II H;;;IK;13119;0;0;0;RS34M6005-N2;RS34M6005-N2;UNIT BOX LABEL 6Fr M26 non CE;Nhãn hộp đơn vị 6Fr M26 không CE;ZROH;;2624;3001;0;0020
260710TA;000010082561;REL - Released;2026-07-10 00:00:00;2026-07-04 00:00:00;2026-07-17 00:00:00;32097;260710TA;RS/A60K10SQ_S;RS*A60K10SQ;Introducer II H;Introducer II H;;;IK;13119;0;0;0;RS34M20-N2;RS34M20-N2;SHIPPING BOX LABEL M26 non CE;Nhãn thùng xuất xưởng M26 không CE;ZROH;;1312;3001;0;0030
260710TA;000010082561;REL - Released;2026-07-10 00:00:00;2026-07-04 00:00:00;2026-07-17 00:00:00;32097;260710TA;RS/A60K10SQ_S;RS*A60K10SQ;Introducer II H;Introducer II H;;;IK;13119;0;0;0;RS30XGTS1V-1;RS30XGTS1V-1;TYVEK PEELPACK M26 (TRAY S);Túi đóng gói Tyvek (có khay S);ZROH;;13119;3001;0;0040
260710TA;000010082561;REL - Released;2026-07-10 00:00:00;2026-07-04 00:00:00;2026-07-17 00:00:00;32097;260710TA;RS/A60K10SQ_S;RS*A60K10SQ;Introducer II H;Introducer II H;;;IK;13119;0;0;0;RS36M805SV-1;RS36M805SV-1;RS 5 SET M26 TRAY S TVC;RS 5set M26 khay S TVC;ZROH;;2624;3001;0;0050
260710TA;000010082561;REL - Released;2026-07-10 00:00:00;2026-07-04 00:00:00;2026-07-17 00:00:00;32097;260710TA;RS/A60K10SQ_S;RS*A60K10SQ;Introducer II H;Introducer II H;;;IK;13119;0;0;0;RS37E002V;RS37E002V;RS MULTI 20 SET TRAY S TVC;RS đa ngôn ngữ 20 set khay S TVC;ZROH;;656;3001;0;0060
260710TA;000010082561;REL - Released;2026-07-10 00:00:00;2026-07-04 00:00:00;2026-07-17 00:00:00;32097;260710TA;RS/A60K10SQ_S;RS*A60K10SQ;Introducer II H;Introducer II H;;;IK;13119;0;0;0;RS33M021NV-1;RS33M021NV-1;IFU M26 TRAY/POUCH Non CE;HDSD M26 có khay/không khay (không CE);ZROH;;2624;3001;0;0070
260710TA;000010082561;REL - Released;2026-07-10 00:00:00;2026-07-04 00:00:00;2026-07-17 00:00:00;32097;260710TA;RS/A60K10SQ_S;RS*A60K10SQ;Introducer II H;Introducer II H;;;IK;13119;0;0;0;MSA60K10SQY;MSA60K10SQY;Bộ dây dẫn mini;Bộ dây dẫn mini;ZHAL;;13119;3001;0;0080
260710TA;000010082561;REL - Released;2026-07-10 00:00:00;2026-07-04 00:00:00;2026-07-17 00:00:00;32097;260710TA;RS/A60K10SQ_S;RS*A60K10SQ;Introducer II H;Introducer II H;;;IK;13119;0;0;0;RS60E06010;RS60E06010;RS*lắp ráp 6FR 10CM;RS*lắp ráp 6FR 10CM;ZHAL;;13119;3001;0;0090
260710TA;000010082561;REL - Released;2026-07-10 00:00:00;2026-07-04 00:00:00;2026-07-17 00:00:00;32097;260710TA;RS/A60K10SQ_S;RS*A60K10SQ;Introducer II H;Introducer II H;;;IK;13119;0;0;0;RS25C60K10W;RS25C60K10W;RS que nong C60K10;RS que nong C60K10;ZHAL;;13119;3001;0;0100
260710TA;000010082561;REL - Released;2026-07-10 00:00:00;2026-07-04 00:00:00;2026-07-17 00:00:00;32097;260710TA;RS/A60K10SQ_S;RS*A60K10SQ;Introducer II H;Introducer II H;;;IK;13119;0;0;0;SS50X050ZV;SS50X050ZV;CYLINDER SS-02SZ;XI LANH SS-02SZ;ZROH;;13119;3001;0;0110
260710TA;000010082561;REL - Released;2026-07-10 00:00:00;2026-07-04 00:00:00;2026-07-17 00:00:00;32097;260710TA;RS/A60K10SQ_S;RS*A60K10SQ;Introducer II H;Introducer II H;;;IK;13119;0;0;0;SC55S1864BV;SC55S1864BV;NON STERILE PARTS FS1864;KIM LUỒN FS1864;ZROH;;13119;3001;0;0120
260710TA;000010082561;REL - Released;2026-07-10 00:00:00;2026-07-04 00:00:00;2026-07-17 00:00:00;32097;260710TA;RS/A60K10SQ_S;RS*A60K10SQ;Introducer II H;Introducer II H;;;IK;13119;0;0;0;RS32X110V;RS32X110V;STANDARD TRAY S;KHAY ĐỠ LOẠI S;ZROH;;13119;3001;0;0130
260708E01;000010083581;REL - Released;2026-07-08 00:00:00;2026-07-02 00:00:00;2026-07-15 00:00:00;33040;260708E01;TH80H5JA0M;TH80H5JA0M;SP đã NKN H5M J 27MM;SP đã NKN H5M J 27MM;;;RFC;6960;1154;0;0;RC85UT5M;RC85UT5M;SP đã kiểm tra RFC UBE HT5M;SP đã kiểm tra RFC UBE HT5M;ZHAL;260525E01;6960;;1157;0010
260708E01;000010083581;REL - Released;2026-07-08 00:00:00;2026-07-02 00:00:00;2026-07-15 00:00:00;33040;260708E01;TH80H5JA0M;TH80H5JA0M;SP đã NKN H5M J 27MM;SP đã NKN H5M J 27MM;;;RFC;6960;1154;0;0;RC04X100V;RC04X100V;RF-HT SOFT TIP 5FR TVC;TIP MỀM RF-HT 5FR TVC;ZROH;FC25321D5;6960;;1156;0020
260708E01;000010083584;REL - Released;2026-07-08 00:00:00;2026-07-02 00:00:00;2026-07-15 00:00:00;33050;260708E01;RC70H5JA0M00;RC70H5JA0M00;SP đã GCĐM H5M J 20MM;SP đã GCĐM H5M J 20MM;;;RFC;6951;6266;0;0;RC80H5JA0M;RC80H5JA0M;SP đã NKN H5M J 20MM;SP đã NKN H5M J 20MM;ZHAL;260704E01;6951;3004;6272;0010
260708E02;000010083585;REL - Released;2026-07-08 00:00:00;2026-07-02 00:00:00;2026-07-15 00:00:00;33050;260708E02;RC70H5JA0M00;RC70H5JA0M00;SP đã GCĐM H5M J 20MM;SP đã GCĐM H5M J 20MM;;;RFC;6951;5107;0;0;RC80H5JA0M;RC80H5JA0M;SP đã NKN H5M J 20MM;SP đã NKN H5M J 20MM;ZHAL;260706E01;6951;3004;5117;0010
260709E01;000010083650;REL - Released;2026-07-09 00:00:00;2026-07-02 00:00:00;2026-07-16 00:00:00;33040;260709E01;RC80H6JA0MK;RC80H6JA0MK;SP đã NKN H6M J 20MM;SP đã NKN H6M J 20MM;;;RFC;5700;444;0;0;RC85GT6M;RC85GT6M;SP đã kiểm tra RFC GF HT6M;SP đã kiểm tra RFC GF HT6M;ZHAL;260624C01;5700;3004;446;0010
260709E01;000010083650;REL - Released;2026-07-09 00:00:00;2026-07-02 00:00:00;2026-07-16 00:00:00;33040;260709E01;RC80H6JA0MK;RC80H6JA0MK;SP đã NKN H6M J 20MM;SP đã NKN H6M J 20MM;;;RFC;5700;444;0;0;RC04X102V;RC04X102V;RF-HT SOFT TIP 6FR TVC;TIP MỀM RF-HT 6FR TVC;ZROH;FC25321C2;5700;3004;446;0020
260709E01;000010083658;REL - Released;2026-07-09 00:00:00;2026-07-02 00:00:00;2026-07-16 00:00:00;33050;260709E01;RC70T5SS00K8;RC70T5SS00K8;SP đã GCĐM S5S;SP đã GCĐM S5S;;;RFC;3800;1686;0;0;RC90X5SS;RC90X5SS;Sản phẩm đã kiểm tra RFC 5SS;Sản phẩm đã kiểm tra RFC 5SS;ZHAL;260511E01;3800;3004;1690;0010
260708H;000010083667;REL - Released;2026-07-08 00:00:00;2026-07-04 00:00:00;2026-07-15 00:00:00;33084;260708H;RH/5CR4000M_S;RH*5CR4000M;Optitorque RH*5CR4000M;Optitorque RH*5CR4000M;;;RFC;6827;0;0;0;RC26E1233V-1;RC26E1233V-1;RFC HT BAG-UNIT BOX LABEL EXPORT TVC;Nhãn túi-HĐV RFC HT xuất khẩu TVC;ZROH;;8193;3004;0;0010
260708H;000010083667;REL - Released;2026-07-08 00:00:00;2026-07-04 00:00:00;2026-07-15 00:00:00;33084;260708H;RH/5CR4000M_S;RH*5CR4000M;Optitorque RH*5CR4000M;Optitorque RH*5CR4000M;;;RFC;6827;0;0;0;RC26E211V-01;RC26E211V-01;RFC HT SIDE LABEL EXPORT TVC;Nhãn nắp RFC HT xuất khẩu TVC;ZROH;;1366;3004;0;0020
260708H;000010083667;REL - Released;2026-07-08 00:00:00;2026-07-04 00:00:00;2026-07-15 00:00:00;33084;260708H;RH/5CR4000M_S;RH*5CR4000M;Optitorque RH*5CR4000M;Optitorque RH*5CR4000M;;;RFC;6827;0;0;0;RC26E1242V-1;RC26E1242V-1;RFC HT SHIPPING BOX LABEL EXPORT TVC;Nhãn TXX RFC HT xuất khẩu TVC;ZROH;;547;3004;0;0030
260708H;000010083667;REL - Released;2026-07-08 00:00:00;2026-07-04 00:00:00;2026-07-15 00:00:00;33084;260708H;RH/5CR4000M_S;RH*5CR4000M;Optitorque RH*5CR4000M;Optitorque RH*5CR4000M;;;RFC;6827;0;0;0;RHE5CR4000K;RHE5CR4000K;SP đã lắp ráp RH5CR4000;SP đã lắp ráp RH5CR4000;ZHAL;;6827;3004;0;0040
260708H;000010083667;REL - Released;2026-07-08 00:00:00;2026-07-04 00:00:00;2026-07-15 00:00:00;33084;260708H;RH/5CR4000M_S;RH*5CR4000M;Optitorque RH*5CR4000M;Optitorque RH*5CR4000M;;;RFC;6827;0;0;0;RC30X702V;RC30X702V;RFC PEEL BAG B TVC;TÚI ĐÓNG GÓI RFC B TVC;ZROH;;6827;3004;0;0050
260708H;000010083667;REL - Released;2026-07-08 00:00:00;2026-07-04 00:00:00;2026-07-15 00:00:00;33084;260708H;RH/5CR4000M_S;RH*5CR4000M;Optitorque RH*5CR4000M;Optitorque RH*5CR4000M;;;RFC;6827;0;0;0;RC32X302V;RC32X302V;RFC PAPER BOARD B TVC;BÌA ĐỠ RFC B TVC;ZROH;;6827;3004;0;0060
260708H;000010083667;REL - Released;2026-07-08 00:00:00;2026-07-04 00:00:00;2026-07-15 00:00:00;33084;260708H;RH/5CR4000M_S;RH*5CR4000M;Optitorque RH*5CR4000M;Optitorque RH*5CR4000M;;;RFC;6827;0;0;0;RC34E1401V-2;RC34E1401V-2;RFC HT INSTRUCTION MANUAL TVC;HƯỚNG DẪN SỬ DỤNG RFC HT TVC;ZROH;;1366;3004;0;0070
260708H;000010083667;REL - Released;2026-07-08 00:00:00;2026-07-04 00:00:00;2026-07-15 00:00:00;33084;260708H;RH/5CR4000M_S;RH*5CR4000M;Optitorque RH*5CR4000M;Optitorque RH*5CR4000M;;;RFC;6827;0;0;0;RC36X7021V-1;RC36X7021V-1;RFC UNIT BOX B1 TVC;Hộp đơn vị RFC B1 TVC;ZROH;;1366;3004;0;0080
260708H;000010083667;REL - Released;2026-07-08 00:00:00;2026-07-04 00:00:00;2026-07-15 00:00:00;33084;260708H;RH/5CR4000M_S;RH*5CR4000M;Optitorque RH*5CR4000M;Optitorque RH*5CR4000M;;;RFC;6827;0;0;0;RC37X1021V;RC37X1021V;RFC SHIPPING BOX B1 TVC;Thùng xuất xưởng RFC B1 TVC;ZROH;;274;3004;0;0090
260709H;000010083668;REL - Released;2026-07-09 00:00:00;2026-07-04 00:00:00;2026-07-16 00:00:00;33084;260709H;RH/5CR4000M_S;RH*5CR4000M;Optitorque RH*5CR4000M;Optitorque RH*5CR4000M;;;RFC;6827;0;0;0;RC26E1233V-1;RC26E1233V-1;RFC HT BAG-UNIT BOX LABEL EXPORT TVC;Nhãn túi-HĐV RFC HT xuất khẩu TVC;ZROH;;8193;3004;0;0010
260709H;000010083668;REL - Released;2026-07-09 00:00:00;2026-07-04 00:00:00;2026-07-16 00:00:00;33084;260709H;RH/5CR4000M_S;RH*5CR4000M;Optitorque RH*5CR4000M;Optitorque RH*5CR4000M;;;RFC;6827;0;0;0;RC26E211V-01;RC26E211V-01;RFC HT SIDE LABEL EXPORT TVC;Nhãn nắp RFC HT xuất khẩu TVC;ZROH;;1366;3004;0;0020
260709H;000010083668;REL - Released;2026-07-09 00:00:00;2026-07-04 00:00:00;2026-07-16 00:00:00;33084;260709H;RH/5CR4000M_S;RH*5CR4000M;Optitorque RH*5CR4000M;Optitorque RH*5CR4000M;;;RFC;6827;0;0;0;RC26E1242V-1;RC26E1242V-1;RFC HT SHIPPING BOX LABEL EXPORT TVC;Nhãn TXX RFC HT xuất khẩu TVC;ZROH;;547;3004;0;0030
260709H;000010083668;REL - Released;2026-07-09 00:00:00;2026-07-04 00:00:00;2026-07-16 00:00:00;33084;260709H;RH/5CR4000M_S;RH*5CR4000M;Optitorque RH*5CR4000M;Optitorque RH*5CR4000M;;;RFC;6827;0;0;0;RHE5CR4000K;RHE5CR4000K;SP đã lắp ráp RH5CR4000;SP đã lắp ráp RH5CR4000;ZHAL;;6827;3004;0;0040
260709H;000010083668;REL - Released;2026-07-09 00:00:00;2026-07-04 00:00:00;2026-07-16 00:00:00;33084;260709H;RH/5CR4000M_S;RH*5CR4000M;Optitorque RH*5CR4000M;Optitorque RH*5CR4000M;;;RFC;6827;0;0;0;RC30X702V;RC30X702V;RFC PEEL BAG B TVC;TÚI ĐÓNG GÓI RFC B TVC;ZROH;;6827;3004;0;0050
260709H;000010083668;REL - Released;2026-07-09 00:00:00;2026-07-04 00:00:00;2026-07-16 00:00:00;33084;260709H;RH/5CR4000M_S;RH*5CR4000M;Optitorque RH*5CR4000M;Optitorque RH*5CR4000M;;;RFC;6827;0;0;0;RC32X302V;RC32X302V;RFC PAPER BOARD B TVC;BÌA ĐỠ RFC B TVC;ZROH;;6827;3004;0;0060
260709H;000010083668;REL - Released;2026-07-09 00:00:00;2026-07-04 00:00:00;2026-07-16 00:00:00;33084;260709H;RH/5CR4000M_S;RH*5CR4000M;Optitorque RH*5CR4000M;Optitorque RH*5CR4000M;;;RFC;6827;0;0;0;RC34E1401V-2;RC34E1401V-2;RFC HT INSTRUCTION MANUAL TVC;HƯỚNG DẪN SỬ DỤNG RFC HT TVC;ZROH;;1366;3004;0;0070
260709H;000010083668;REL - Released;2026-07-09 00:00:00;2026-07-04 00:00:00;2026-07-16 00:00:00;33084;260709H;RH/5CR4000M_S;RH*5CR4000M;Optitorque RH*5CR4000M;Optitorque RH*5CR4000M;;;RFC;6827;0;0;0;RC36X7021V-1;RC36X7021V-1;RFC UNIT BOX B1 TVC;Hộp đơn vị RFC B1 TVC;ZROH;;1366;3004;0;0080
260709H;000010083668;REL - Released;2026-07-09 00:00:00;2026-07-04 00:00:00;2026-07-16 00:00:00;33084;260709H;RH/5CR4000M_S;RH*5CR4000M;Optitorque RH*5CR4000M;Optitorque RH*5CR4000M;;;RFC;6827;0;0;0;RC37X1021V;RC37X1021V;RFC SHIPPING BOX B1 TVC;Thùng xuất xưởng RFC B1 TVC;ZROH;;274;3004;0;0090
260709H;000010083669;CRTD - Created;2026-07-09 00:00:00;;2026-07-16 00:00:00;33084;260709H;RH/5TIG110M_S;RH*5TIG110M;Optitorque RH*5TIG110M;Optitorque RH*5TIG110M;;;RFC;6827;0;0;0;RC26E1233V-1;RC26E1233V-1;RFC HT BAG-UNIT BOX LABEL EXPORT TVC;Nhãn túi-HĐV RFC HT xuất khẩu TVC;ZROH;;8193;3004;0;0010
260709H;000010083669;CRTD - Created;2026-07-09 00:00:00;;2026-07-16 00:00:00;33084;260709H;RH/5TIG110M_S;RH*5TIG110M;Optitorque RH*5TIG110M;Optitorque RH*5TIG110M;;;RFC;6827;0;0;0;RC26E211V-01;RC26E211V-01;RFC HT SIDE LABEL EXPORT TVC;Nhãn nắp RFC HT xuất khẩu TVC;ZROH;;1366;3004;0;0020
260709H;000010083669;CRTD - Created;2026-07-09 00:00:00;;2026-07-16 00:00:00;33084;260709H;RH/5TIG110M_S;RH*5TIG110M;Optitorque RH*5TIG110M;Optitorque RH*5TIG110M;;;RFC;6827;0;0;0;RC26E1242V-1;RC26E1242V-1;RFC HT SHIPPING BOX LABEL EXPORT TVC;Nhãn TXX RFC HT xuất khẩu TVC;ZROH;;547;3004;0;0030
260709H;000010083669;CRTD - Created;2026-07-09 00:00:00;;2026-07-16 00:00:00;33084;260709H;RH/5TIG110M_S;RH*5TIG110M;Optitorque RH*5TIG110M;Optitorque RH*5TIG110M;;;RFC;6827;0;0;0;RHE5TIG110K;RHE5TIG110K;SP đã lắp ráp RH5TIG110;SP đã lắp ráp RH5TIG110;ZHAL;;6827;3004;0;0040
260709H;000010083669;CRTD - Created;2026-07-09 00:00:00;;2026-07-16 00:00:00;33084;260709H;RH/5TIG110M_S;RH*5TIG110M;Optitorque RH*5TIG110M;Optitorque RH*5TIG110M;;;RFC;6827;0;0;0;RC30X702V;RC30X702V;RFC PEEL BAG B TVC;TÚI ĐÓNG GÓI RFC B TVC;ZROH;;6827;3004;0;0050
260709H;000010083669;CRTD - Created;2026-07-09 00:00:00;;2026-07-16 00:00:00;33084;260709H;RH/5TIG110M_S;RH*5TIG110M;Optitorque RH*5TIG110M;Optitorque RH*5TIG110M;;;RFC;6827;0;0;0;RC32X302V;RC32X302V;RFC PAPER BOARD B TVC;BÌA ĐỠ RFC B TVC;ZROH;;6827;3004;0;0060
260709H;000010083669;CRTD - Created;2026-07-09 00:00:00;;2026-07-16 00:00:00;33084;260709H;RH/5TIG110M_S;RH*5TIG110M;Optitorque RH*5TIG110M;Optitorque RH*5TIG110M;;;RFC;6827;0;0;0;RC34E1401V-2;RC34E1401V-2;RFC HT INSTRUCTION MANUAL TVC;HƯỚNG DẪN SỬ DỤNG RFC HT TVC;ZROH;;1366;3004;0;0070
260709H;000010083669;CRTD - Created;2026-07-09 00:00:00;;2026-07-16 00:00:00;33084;260709H;RH/5TIG110M_S;RH*5TIG110M;Optitorque RH*5TIG110M;Optitorque RH*5TIG110M;;;RFC;6827;0;0;0;RC36X7021V-1;RC36X7021V-1;RFC UNIT BOX B1 TVC;Hộp đơn vị RFC B1 TVC;ZROH;;1366;3004;0;0080
260709H;000010083669;CRTD - Created;2026-07-09 00:00:00;;2026-07-16 00:00:00;33084;260709H;RH/5TIG110M_S;RH*5TIG110M;Optitorque RH*5TIG110M;Optitorque RH*5TIG110M;;;RFC;6827;0;0;0;RC37X1021V;RC37X1021V;RFC SHIPPING BOX B1 TVC;Thùng xuất xưởng RFC B1 TVC;ZROH;;274;3004;0;0090
260710C01;000010083678;REL - Released;2026-07-10 00:00:00;2026-07-02 00:00:00;2026-07-17 00:00:00;20255;260710C01;TH80H6JA0L;TH80H6JA0L;SP đã NKN H6L J 27MM;SP đã NKN H6L J 27MM;;;RFC;3803;1103;0;0;RC85OT6L;RC85OT6L;SPđã kiểm tra RFCUBEOT6L;SPđã kiểm tra RFCUBEOT6L;ZHAL;260620C01;3803;;1109;0010
260710C01;000010083678;REL - Released;2026-07-10 00:00:00;2026-07-02 00:00:00;2026-07-17 00:00:00;20255;260710C01;TH80H6JA0L;TH80H6JA0L;SP đã NKN H6L J 27MM;SP đã NKN H6L J 27MM;;;RFC;3803;1103;0;0;RC04X102V;RC04X102V;RF-HT SOFT TIP 6FR TVC;TIP MỀM RF-HT 6FR TVC;ZROH;FC24C02A4;3803;;1109;0020
R260704013;000010083684;TECO - Technically completed;2026-07-04 00:00:00;2026-07-02 00:00:00;2026-07-11 00:00:00;3009;R260704013;28-33-0832-26;28-33-0832-26;Sewn Graft Components;M4-46mm x 155mm;B;;EVS;1;1;0;0;28-22-0922-29;28-22-0922-29;46MM X 185MM Fabric -TAA;ỐNG VẢI 46MM X 185MM-TAA;ZROH;T00361150;1;3009;1;0010
R260704013;000010083684;TECO - Technically completed;2026-07-04 00:00:00;2026-07-02 00:00:00;2026-07-11 00:00:00;3009;R260704013;28-33-0832-26;28-33-0832-26;Sewn Graft Components;M4-46mm x 155mm;B;;EVS;1;1;0;0;28-22-0255-03;28-22-0255-03;Bare Spring 46MM;VÒNG TRẦN 46MM;ZROH;0001683185;1;3009;1;0020
R260704013;000010083684;TECO - Technically completed;2026-07-04 00:00:00;2026-07-02 00:00:00;2026-07-11 00:00:00;3009;R260704013;28-33-0832-26;28-33-0832-26;Sewn Graft Components;M4-46mm x 155mm;B;;EVS;1;1;0;0;28-22-0252-03;28-22-0252-03;Proximal Spring 46MM;VÒNG ĐẦU GẦN 46MM;ZROH;2602260215;2;3009;2;0030
R260704013;000010083684;TECO - Technically completed;2026-07-04 00:00:00;2026-07-02 00:00:00;2026-07-11 00:00:00;3009;R260704013;28-33-0832-26;28-33-0832-26;Sewn Graft Components;M4-46mm x 155mm;B;;EVS;1;1;0;0;28-22-0249-03;28-22-0249-03;Middle Spring 46MM;VÒNG GIỮA 46MM;ZROH;0001675530;4;3009;4;0040
R260704013;000010083684;TECO - Technically completed;2026-07-04 00:00:00;2026-07-02 00:00:00;2026-07-11 00:00:00;3009;R260704013;28-33-0832-26;28-33-0832-26;Sewn Graft Components;M4-46mm x 155mm;B;;EVS;1;1;0;0;28-22-0263-03;28-22-0263-03;Distal Spring 46MM;VÒNG ĐẦU XA 46MM;ZROH;0001688441;1;3009;1;0050
R260704013;000010083684;TECO - Technically completed;2026-07-04 00:00:00;2026-07-02 00:00:00;2026-07-11 00:00:00;3009;R260704013;28-33-0832-26;28-33-0832-26;Sewn Graft Components;M4-46mm x 155mm;B;;EVS;1;1;0;0;28-22-1118-23;28-22-1118-23;S-Bar 46MMx93MM(77deg);Thanh S 46MMx93MM (77 ĐỘ);ZROH;2503110259;1;3009;1;0060
R260704013;000010083684;TECO - Technically completed;2026-07-04 00:00:00;2026-07-02 00:00:00;2026-07-11 00:00:00;3009;R260704013;28-33-0832-26;28-33-0832-26;Sewn Graft Components;M4-46mm x 155mm;B;;EVS;1;1;0;0;28-22-0557;28-22-0557;Cylindrical Marker Bands;ĐIỂM ĐÁNH DẤU HÌNH TRỤ;ZROH;T00672110;5;3009;5;0070
R260704013;000010083684;TECO - Technically completed;2026-07-04 00:00:00;2026-07-02 00:00:00;2026-07-11 00:00:00;3009;R260704013;28-33-0832-26;28-33-0832-26;Sewn Graft Components;M4-46mm x 155mm;B;;EVS;1;1;0;0;28-22-0917;28-22-0917;Tube Marker Band;ỐNG ĐÁNH DẤU;ZROH;T00734504;7;3009;7;0080
R260704013;000010083684;TECO - Technically completed;2026-07-04 00:00:00;2026-07-02 00:00:00;2026-07-11 00:00:00;3009;R260704013;28-33-0832-26;28-33-0832-26;Sewn Graft Components;M4-46mm x 155mm;B;;EVS;1;1;0;0;28-22-0315;28-22-0315;5-0 Polyester Suture;CHỈ KHÂU POLYESTER 5-0;ZROH;T00067668;17;3009;17;0090
R260704013;000010083684;TECO - Technically completed;2026-07-04 00:00:00;2026-07-02 00:00:00;2026-07-11 00:00:00;3009;R260704013;28-33-0832-26;28-33-0832-26;Sewn Graft Components;M4-46mm x 155mm;B;;EVS;1;1;0;0;4SA63X1100LYN;SA63X1100LYN;Packing bag 135×390;TÚI ĐÓNG GÓI 135x390MM;ZFRT;250113B;1;3009;1;0100
R260704013;000010083684;TECO - Technically completed;2026-07-04 00:00:00;2026-07-02 00:00:00;2026-07-11 00:00:00;3009;R260704013;28-33-0832-26;28-33-0832-26;Sewn Graft Components;M4-46mm x 155mm;B;;EVS;1;1;0;0;4SA63X700LYN;SA63X700LYN;Packing bag 150×440;TÚI ĐÓNG GÓI 150x440mm;ZFRT;260306B;1;3009;1;0110
R260704014;000010083685;TECO - Technically completed;2026-07-04 00:00:00;2026-07-02 00:00:00;2026-07-11 00:00:00;3009;R260704014;28-33-0832-26;28-33-0832-26;Sewn Graft Components;M4-46mm x 155mm;B;;EVS;1;1;0;0;28-22-0922-29;28-22-0922-29;46MM X 185MM Fabric -TAA;ỐNG VẢI 46MM X 185MM-TAA;ZROH;T00361150;1;3009;1;0010
R260704014;000010083685;TECO - Technically completed;2026-07-04 00:00:00;2026-07-02 00:00:00;2026-07-11 00:00:00;3009;R260704014;28-33-0832-26;28-33-0832-26;Sewn Graft Components;M4-46mm x 155mm;B;;EVS;1;1;0;0;28-22-0255-03;28-22-0255-03;Bare Spring 46MM;VÒNG TRẦN 46MM;ZROH;0001683185;1;3009;1;0020
R260704014;000010083685;TECO - Technically completed;2026-07-04 00:00:00;2026-07-02 00:00:00;2026-07-11 00:00:00;3009;R260704014;28-33-0832-26;28-33-0832-26;Sewn Graft Components;M4-46mm x 155mm;B;;EVS;1;1;0;0;28-22-0252-03;28-22-0252-03;Proximal Spring 46MM;VÒNG ĐẦU GẦN 46MM;ZROH;2602260215;2;3009;2;0030
R260704014;000010083685;TECO - Technically completed;2026-07-04 00:00:00;2026-07-02 00:00:00;2026-07-11 00:00:00;3009;R260704014;28-33-0832-26;28-33-0832-26;Sewn Graft Components;M4-46mm x 155mm;B;;EVS;1;1;0;0;28-22-0249-03;28-22-0249-03;Middle Spring 46MM;VÒNG GIỮA 46MM;ZROH;0001675530;4;3009;4;0040
R260704014;000010083685;TECO - Technically completed;2026-07-04 00:00:00;2026-07-02 00:00:00;2026-07-11 00:00:00;3009;R260704014;28-33-0832-26;28-33-0832-26;Sewn Graft Components;M4-46mm x 155mm;B;;EVS;1;1;0;0;28-22-0263-03;28-22-0263-03;Distal Spring 46MM;VÒNG ĐẦU XA 46MM;ZROH;0001688441;1;3009;1;0050
R260704014;000010083685;TECO - Technically completed;2026-07-04 00:00:00;2026-07-02 00:00:00;2026-07-11 00:00:00;3009;R260704014;28-33-0832-26;28-33-0832-26;Sewn Graft Components;M4-46mm x 155mm;B;;EVS;1;1;0;0;28-22-1118-23;28-22-1118-23;S-Bar 46MMx93MM(77deg);Thanh S 46MMx93MM (77 ĐỘ);ZROH;2503110259;1;3009;1;0060
R260704014;000010083685;TECO - Technically completed;2026-07-04 00:00:00;2026-07-02 00:00:00;2026-07-11 00:00:00;3009;R260704014;28-33-0832-26;28-33-0832-26;Sewn Graft Components;M4-46mm x 155mm;B;;EVS;1;1;0;0;28-22-0557;28-22-0557;Cylindrical Marker Bands;ĐIỂM ĐÁNH DẤU HÌNH TRỤ;ZROH;T00672110;5;3009;5;0070
R260704014;000010083685;TECO - Technically completed;2026-07-04 00:00:00;2026-07-02 00:00:00;2026-07-11 00:00:00;3009;R260704014;28-33-0832-26;28-33-0832-26;Sewn Graft Components;M4-46mm x 155mm;B;;EVS;1;1;0;0;28-22-0917;28-22-0917;Tube Marker Band;ỐNG ĐÁNH DẤU;ZROH;T00734504;7;3009;7;0080
R260704014;000010083685;TECO - Technically completed;2026-07-04 00:00:00;2026-07-02 00:00:00;2026-07-11 00:00:00;3009;R260704014;28-33-0832-26;28-33-0832-26;Sewn Graft Components;M4-46mm x 155mm;B;;EVS;1;1;0;0;28-22-0315;28-22-0315;5-0 Polyester Suture;CHỈ KHÂU POLYESTER 5-0;ZROH;T00067668;17;3009;17;0090
R260704014;000010083685;TECO - Technically completed;2026-07-04 00:00:00;2026-07-02 00:00:00;2026-07-11 00:00:00;3009;R260704014;28-33-0832-26;28-33-0832-26;Sewn Graft Components;M4-46mm x 155mm;B;;EVS;1;1;0;0;4SA63X1100LYN;SA63X1100LYN;Packing bag 135×390;TÚI ĐÓNG GÓI 135x390MM;ZFRT;250113B;1;3009;1;0100
R260704014;000010083685;TECO - Technically completed;2026-07-04 00:00:00;2026-07-02 00:00:00;2026-07-11 00:00:00;3009;R260704014;28-33-0832-26;28-33-0832-26;Sewn Graft Components;M4-46mm x 155mm;B;;EVS;1;1;0;0;4SA63X700LYN;SA63X700LYN;Packing bag 150×440;TÚI ĐÓNG GÓI 150x440mm;ZFRT;260306B;1;3009;1;0110
R260704015;000010083686;TECO - Technically completed;2026-07-04 00:00:00;2026-07-02 00:00:00;2026-07-11 00:00:00;3009;R260704015;28-33-0832-26;28-33-0832-26;Sewn Graft Components;M4-46mm x 155mm;B;;EVS;1;1;0;0;28-22-0922-29;28-22-0922-29;46MM X 185MM Fabric -TAA;ỐNG VẢI 46MM X 185MM-TAA;ZROH;T00361150;1;3009;1;0010
R260704015;000010083686;TECO - Technically completed;2026-07-04 00:00:00;2026-07-02 00:00:00;2026-07-11 00:00:00;3009;R260704015;28-33-0832-26;28-33-0832-26;Sewn Graft Components;M4-46mm x 155mm;B;;EVS;1;1;0;0;28-22-0255-03;28-22-0255-03;Bare Spring 46MM;VÒNG TRẦN 46MM;ZROH;0001683185;1;3009;1;0020
R260704015;000010083686;TECO - Technically completed;2026-07-04 00:00:00;2026-07-02 00:00:00;2026-07-11 00:00:00;3009;R260704015;28-33-0832-26;28-33-0832-26;Sewn Graft Components;M4-46mm x 155mm;B;;EVS;1;1;0;0;28-22-0252-03;28-22-0252-03;Proximal Spring 46MM;VÒNG ĐẦU GẦN 46MM;ZROH;2602260215;2;3009;2;0030
R260704015;000010083686;TECO - Technically completed;2026-07-04 00:00:00;2026-07-02 00:00:00;2026-07-11 00:00:00;3009;R260704015;28-33-0832-26;28-33-0832-26;Sewn Graft Components;M4-46mm x 155mm;B;;EVS;1;1;0;0;28-22-0249-03;28-22-0249-03;Middle Spring 46MM;VÒNG GIỮA 46MM;ZROH;0001675530;4;3009;4;0040
R260704015;000010083686;TECO - Technically completed;2026-07-04 00:00:00;2026-07-02 00:00:00;2026-07-11 00:00:00;3009;R260704015;28-33-0832-26;28-33-0832-26;Sewn Graft Components;M4-46mm x 155mm;B;;EVS;1;1;0;0;28-22-0263-03;28-22-0263-03;Distal Spring 46MM;VÒNG ĐẦU XA 46MM;ZROH;0001688441;1;3009;1;0050
R260704015;000010083686;TECO - Technically completed;2026-07-04 00:00:00;2026-07-02 00:00:00;2026-07-11 00:00:00;3009;R260704015;28-33-0832-26;28-33-0832-26;Sewn Graft Components;M4-46mm x 155mm;B;;EVS;1;1;0;0;28-22-1118-23;28-22-1118-23;S-Bar 46MMx93MM(77deg);Thanh S 46MMx93MM (77 ĐỘ);ZROH;2504110080;1;3009;1;0060
R260704015;000010083686;TECO - Technically completed;2026-07-04 00:00:00;2026-07-02 00:00:00;2026-07-11 00:00:00;3009;R260704015;28-33-0832-26;28-33-0832-26;Sewn Graft Components;M4-46mm x 155mm;B;;EVS;1;1;0;0;28-22-0557;28-22-0557;Cylindrical Marker Bands;ĐIỂM ĐÁNH DẤU HÌNH TRỤ;ZROH;T00672110;5;3009;5;0070
R260704015;000010083686;TECO - Technically completed;2026-07-04 00:00:00;2026-07-02 00:00:00;2026-07-11 00:00:00;3009;R260704015;28-33-0832-26;28-33-0832-26;Sewn Graft Components;M4-46mm x 155mm;B;;EVS;1;1;0;0;28-22-0917;28-22-0917;Tube Marker Band;ỐNG ĐÁNH DẤU;ZROH;T00734504;7;3009;7;0080
R260704015;000010083686;TECO - Technically completed;2026-07-04 00:00:00;2026-07-02 00:00:00;2026-07-11 00:00:00;3009;R260704015;28-33-0832-26;28-33-0832-26;Sewn Graft Components;M4-46mm x 155mm;B;;EVS;1;1;0;0;28-22-0315;28-22-0315;5-0 Polyester Suture;CHỈ KHÂU POLYESTER 5-0;ZROH;T00067668;17;3009;17;0090
R260704015;000010083686;TECO - Technically completed;2026-07-04 00:00:00;2026-07-02 00:00:00;2026-07-11 00:00:00;3009;R260704015;28-33-0832-26;28-33-0832-26;Sewn Graft Components;M4-46mm x 155mm;B;;EVS;1;1;0;0;4SA63X1100LYN;SA63X1100LYN;Packing bag 135×390;TÚI ĐÓNG GÓI 135x390MM;ZFRT;250113B;1;3009;1;0100
R260704015;000010083686;TECO - Technically completed;2026-07-04 00:00:00;2026-07-02 00:00:00;2026-07-11 00:00:00;3009;R260704015;28-33-0832-26;28-33-0832-26;Sewn Graft Components;M4-46mm x 155mm;B;;EVS;1;1;0;0;4SA63X700LYN;SA63X700LYN;Packing bag 150×440;TÚI ĐÓNG GÓI 150x440mm;ZFRT;260306B;1;3009;1;0110
R260704016;000010083687;TECO - Technically completed;2026-07-04 00:00:00;2026-07-02 00:00:00;2026-07-11 00:00:00;3009;R260704016;28-33-0832-26;28-33-0832-26;Sewn Graft Components;M4-46mm x 155mm;B;;EVS;1;1;0;0;28-22-0922-29;28-22-0922-29;46MM X 185MM Fabric -TAA;ỐNG VẢI 46MM X 185MM-TAA;ZROH;T00361150;1;3009;1;0010
R260704016;000010083687;TECO - Technically completed;2026-07-04 00:00:00;2026-07-02 00:00:00;2026-07-11 00:00:00;3009;R260704016;28-33-0832-26;28-33-0832-26;Sewn Graft Components;M4-46mm x 155mm;B;;EVS;1;1;0;0;28-22-0255-03;28-22-0255-03;Bare Spring 46MM;VÒNG TRẦN 46MM;ZROH;0001683185;1;3009;1;0020
R260704016;000010083687;TECO - Technically completed;2026-07-04 00:00:00;2026-07-02 00:00:00;2026-07-11 00:00:00;3009;R260704016;28-33-0832-26;28-33-0832-26;Sewn Graft Components;M4-46mm x 155mm;B;;EVS;1;1;0;0;28-22-0252-03;28-22-0252-03;Proximal Spring 46MM;VÒNG ĐẦU GẦN 46MM;ZROH;2602260215;2;3009;2;0030
R260704016;000010083687;TECO - Technically completed;2026-07-04 00:00:00;2026-07-02 00:00:00;2026-07-11 00:00:00;3009;R260704016;28-33-0832-26;28-33-0832-26;Sewn Graft Components;M4-46mm x 155mm;B;;EVS;1;1;0;0;28-22-0249-03;28-22-0249-03;Middle Spring 46MM;VÒNG GIỮA 46MM;ZROH;0001675530;4;3009;4;0040
R260704016;000010083687;TECO - Technically completed;2026-07-04 00:00:00;2026-07-02 00:00:00;2026-07-11 00:00:00;3009;R260704016;28-33-0832-26;28-33-0832-26;Sewn Graft Components;M4-46mm x 155mm;B;;EVS;1;1;0;0;28-22-0263-03;28-22-0263-03;Distal Spring 46MM;VÒNG ĐẦU XA 46MM;ZROH;0001688441;1;3009;1;0050
R260704016;000010083687;TECO - Technically completed;2026-07-04 00:00:00;2026-07-02 00:00:00;2026-07-11 00:00:00;3009;R260704016;28-33-0832-26;28-33-0832-26;Sewn Graft Components;M4-46mm x 155mm;B;;EVS;1;1;0;0;28-22-1118-23;28-22-1118-23;S-Bar 46MMx93MM(77deg);Thanh S 46MMx93MM (77 ĐỘ);ZROH;2504110080;1;3009;1;0060
R260704016;000010083687;TECO - Technically completed;2026-07-04 00:00:00;2026-07-02 00:00:00;2026-07-11 00:00:00;3009;R260704016;28-33-0832-26;28-33-0832-26;Sewn Graft Components;M4-46mm x 155mm;B;;EVS;1;1;0;0;28-22-0557;28-22-0557;Cylindrical Marker Bands;ĐIỂM ĐÁNH DẤU HÌNH TRỤ;ZROH;T00672110;5;3009;5;0070
R260704016;000010083687;TECO - Technically completed;2026-07-04 00:00:00;2026-07-02 00:00:00;2026-07-11 00:00:00;3009;R260704016;28-33-0832-26;28-33-0832-26;Sewn Graft Components;M4-46mm x 155mm;B;;EVS;1;1;0;0;28-22-0917;28-22-0917;Tube Marker Band;ỐNG ĐÁNH DẤU;ZROH;T00734504;7;3009;7;0080
R260704016;000010083687;TECO - Technically completed;2026-07-04 00:00:00;2026-07-02 00:00:00;2026-07-11 00:00:00;3009;R260704016;28-33-0832-26;28-33-0832-26;Sewn Graft Components;M4-46mm x 155mm;B;;EVS;1;1;0;0;28-22-0315;28-22-0315;5-0 Polyester Suture;CHỈ KHÂU POLYESTER 5-0;ZROH;T00067668;17;3009;17;0090
R260704016;000010083687;TECO - Technically completed;2026-07-04 00:00:00;2026-07-02 00:00:00;2026-07-11 00:00:00;3009;R260704016;28-33-0832-26;28-33-0832-26;Sewn Graft Components;M4-46mm x 155mm;B;;EVS;1;1;0;0;4SA63X1100LYN;SA63X1100LYN;Packing bag 135×390;TÚI ĐÓNG GÓI 135x390MM;ZFRT;250113B;1;3009;1;0100
R260704016;000010083687;TECO - Technically completed;2026-07-04 00:00:00;2026-07-02 00:00:00;2026-07-11 00:00:00;3009;R260704016;28-33-0832-26;28-33-0832-26;Sewn Graft Components;M4-46mm x 155mm;B;;EVS;1;1;0;0;4SA63X700LYN;SA63X700LYN;Packing bag 150×440;TÚI ĐÓNG GÓI 150x440mm;ZFRT;260306B;1;3009;1;0110
R260704031;000010083702;TECO - Technically completed;2026-07-04 00:00:00;2026-07-02 00:00:00;2026-07-11 00:00:00;3009;R260704031;28-33-0832-34;28-33-0832-34;Sewn Graft Components;M4-36mm x 190mm;B;;EVS;1;1;0;0;28-22-0922-39;28-22-0922-39;36MM X 235MM Fabric -TAA;ỐNG VẢI 36MM X 235MM-TAA;ZROH;T00512702;1;3009;1;0010
R260704031;000010083702;TECO - Technically completed;2026-07-04 00:00:00;2026-07-02 00:00:00;2026-07-11 00:00:00;3009;R260704031;28-33-0832-34;28-33-0832-34;Sewn Graft Components;M4-36mm x 190mm;B;;EVS;1;1;0;0;28-22-0254-02;28-22-0254-02;Bare Spring 36MM;VÒNG TRẦN 36MM;ZROH;0001681064;1;3009;1;0020
R260704031;000010083702;TECO - Technically completed;2026-07-04 00:00:00;2026-07-02 00:00:00;2026-07-11 00:00:00;3009;R260704031;28-33-0832-34;28-33-0832-34;Sewn Graft Components;M4-36mm x 190mm;B;;EVS;1;1;0;0;28-22-0251-02;28-22-0251-02;Proximal Spring 36MM;VÒNG ĐẦU GẦN 36MM;ZROH;0001671043;2;3009;2;0030
R260704031;000010083702;TECO - Technically completed;2026-07-04 00:00:00;2026-07-02 00:00:00;2026-07-11 00:00:00;3009;R260704031;28-33-0832-34;28-33-0832-34;Sewn Graft Components;M4-36mm x 190mm;B;;EVS;1;1;0;0;28-22-0248-02;28-22-0248-02;Middle Spring 36MM;VÒNG GIỮA 36MM;ZROH;0001688040;6;3009;6;0040
R260704031;000010083702;TECO - Technically completed;2026-07-04 00:00:00;2026-07-02 00:00:00;2026-07-11 00:00:00;3009;R260704031;28-33-0832-34;28-33-0832-34;Sewn Graft Components;M4-36mm x 190mm;B;;EVS;1;1;0;0;28-22-0258-02;28-22-0258-02;Distal Spring 36MM;VÒNG ĐẦU XA 36MM;ZROH;0001688511;1;3009;1;0050
R260704031;000010083702;TECO - Technically completed;2026-07-04 00:00:00;2026-07-02 00:00:00;2026-07-11 00:00:00;3009;R260704031;28-33-0832-34;28-33-0832-34;Sewn Graft Components;M4-36mm x 190mm;B;;EVS;1;1;0;0;28-22-1118-13;28-22-1118-13;S-Bar 36MMx86MM(90deg);Thanh S 36MMx86MM (90 ĐỘ);ZROH;0001667622;1;3009;1;0060
R260704031;000010083702;TECO - Technically completed;2026-07-04 00:00:00;2026-07-02 00:00:00;2026-07-11 00:00:00;3009;R260704031;28-33-0832-34;28-33-0832-34;Sewn Graft Components;M4-36mm x 190mm;B;;EVS;1;1;0;0;28-22-0557;28-22-0557;Cylindrical Marker Bands;ĐIỂM ĐÁNH DẤU HÌNH TRỤ;ZROH;T00672110;5;3009;5;0070
R260704031;000010083702;TECO - Technically completed;2026-07-04 00:00:00;2026-07-02 00:00:00;2026-07-11 00:00:00;3009;R260704031;28-33-0832-34;28-33-0832-34;Sewn Graft Components;M4-36mm x 190mm;B;;EVS;1;1;0;0;28-22-0917;28-22-0917;Tube Marker Band;ỐNG ĐÁNH DẤU;ZROH;T00734504;6;3009;6;0080
R260704031;000010083702;TECO - Technically completed;2026-07-04 00:00:00;2026-07-02 00:00:00;2026-07-11 00:00:00;3009;R260704031;28-33-0832-34;28-33-0832-34;Sewn Graft Components;M4-36mm x 190mm;B;;EVS;1;1;0;0;28-22-0315;28-22-0315;5-0 Polyester Suture;CHỈ KHÂU POLYESTER 5-0;ZROH;T00067668;16;3009;16;0090
R260704031;000010083702;TECO - Technically completed;2026-07-04 00:00:00;2026-07-02 00:00:00;2026-07-11 00:00:00;3009;R260704031;28-33-0832-34;28-33-0832-34;Sewn Graft Components;M4-36mm x 190mm;B;;EVS;1;1;0;0;4SA63X1100LYN;SA63X1100LYN;Packing bag 135×390;TÚI ĐÓNG GÓI 135x390MM;ZFRT;250113B;1;3009;1;0100
R260704031;000010083702;TECO - Technically completed;2026-07-04 00:00:00;2026-07-02 00:00:00;2026-07-11 00:00:00;3009;R260704031;28-33-0832-34;28-33-0832-34;Sewn Graft Components;M4-36mm x 190mm;B;;EVS;1;1;0;0;4SA63X700LYN;SA63X700LYN;Packing bag 150×440;TÚI ĐÓNG GÓI 150x440mm;ZFRT;260306B;1;3009;1;0110
R260706003;000010083707;TECO - Technically completed;2026-07-06 00:00:00;2026-07-02 00:00:00;2026-07-13 00:00:00;3009;R260706003;28-33-0832-21;28-33-0832-21;Sewn Graft Components;M4-36mm x 145mm;B;;EVS;1;1;0;0;28-22-0922-24;28-22-0922-24;36MM X 185MM Fabric -TAA;ỐNG VẢI 36MM X 185MM-TAA;ZROH;T00577211;1;3009;1;0010
R260706003;000010083707;TECO - Technically completed;2026-07-06 00:00:00;2026-07-02 00:00:00;2026-07-13 00:00:00;3009;R260706003;28-33-0832-21;28-33-0832-21;Sewn Graft Components;M4-36mm x 145mm;B;;EVS;1;1;0;0;28-22-0254-02;28-22-0254-02;Bare Spring 36MM;VÒNG TRẦN 36MM;ZROH;0001681064;1;3009;1;0020
R260706003;000010083707;TECO - Technically completed;2026-07-06 00:00:00;2026-07-02 00:00:00;2026-07-13 00:00:00;3009;R260706003;28-33-0832-21;28-33-0832-21;Sewn Graft Components;M4-36mm x 145mm;B;;EVS;1;1;0;0;28-22-0251-02;28-22-0251-02;Proximal Spring 36MM;VÒNG ĐẦU GẦN 36MM;ZROH;0001671043;2;3009;2;0030
R260706003;000010083707;TECO - Technically completed;2026-07-06 00:00:00;2026-07-02 00:00:00;2026-07-13 00:00:00;3009;R260706003;28-33-0832-21;28-33-0832-21;Sewn Graft Components;M4-36mm x 145mm;B;;EVS;1;1;0;0;28-22-0248-02;28-22-0248-02;Middle Spring 36MM;VÒNG GIỮA 36MM;ZROH;0001688141;4;3009;4;0040
R260706003;000010083707;TECO - Technically completed;2026-07-06 00:00:00;2026-07-02 00:00:00;2026-07-13 00:00:00;3009;R260706003;28-33-0832-21;28-33-0832-21;Sewn Graft Components;M4-36mm x 145mm;B;;EVS;1;1;0;0;28-22-0258-02;28-22-0258-02;Distal Spring 36MM;VÒNG ĐẦU XA 36MM;ZROH;0001688511;1;3009;1;0050
R260706003;000010083707;TECO - Technically completed;2026-07-06 00:00:00;2026-07-02 00:00:00;2026-07-13 00:00:00;3009;R260706003;28-33-0832-21;28-33-0832-21;Sewn Graft Components;M4-36mm x 145mm;B;;EVS;1;1;0;0;28-22-1118-13;28-22-1118-13;S-Bar 36MMx86MM(90deg);Thanh S 36MMx86MM (90 ĐỘ);ZROH;0001667622;1;3009;1;0060
R260706003;000010083707;TECO - Technically completed;2026-07-06 00:00:00;2026-07-02 00:00:00;2026-07-13 00:00:00;3009;R260706003;28-33-0832-21;28-33-0832-21;Sewn Graft Components;M4-36mm x 145mm;B;;EVS;1;1;0;0;28-22-0557;28-22-0557;Cylindrical Marker Bands;ĐIỂM ĐÁNH DẤU HÌNH TRỤ;ZROH;T00672110;5;3009;5;0070
R260706003;000010083707;TECO - Technically completed;2026-07-06 00:00:00;2026-07-02 00:00:00;2026-07-13 00:00:00;3009;R260706003;28-33-0832-21;28-33-0832-21;Sewn Graft Components;M4-36mm x 145mm;B;;EVS;1;1;0;0;28-22-0917;28-22-0917;Tube Marker Band;ỐNG ĐÁNH DẤU;ZROH;T00734504;6;3009;6;0080
R260706003;000010083707;TECO - Technically completed;2026-07-06 00:00:00;2026-07-02 00:00:00;2026-07-13 00:00:00;3009;R260706003;28-33-0832-21;28-33-0832-21;Sewn Graft Components;M4-36mm x 145mm;B;;EVS;1;1;0;0;28-22-0315;28-22-0315;5-0 Polyester Suture;CHỈ KHÂU POLYESTER 5-0;ZROH;T00067668;14;3009;14;0090
R260706003;000010083707;TECO - Technically completed;2026-07-06 00:00:00;2026-07-02 00:00:00;2026-07-13 00:00:00;3009;R260706003;28-33-0832-21;28-33-0832-21;Sewn Graft Components;M4-36mm x 145mm;B;;EVS;1;1;0;0;4SA63X1100LYN;SA63X1100LYN;Packing bag 135×390;TÚI ĐÓNG GÓI 135x390MM;ZFRT;250113B;1;3009;1;0100
R260706003;000010083707;TECO - Technically completed;2026-07-06 00:00:00;2026-07-02 00:00:00;2026-07-13 00:00:00;3009;R260706003;28-33-0832-21;28-33-0832-21;Sewn Graft Components;M4-36mm x 145mm;B;;EVS;1;1;0;0;4SA63X700LYN;SA63X700LYN;Packing bag 150×440;TÚI ĐÓNG GÓI 150x440mm;ZFRT;260306B;1;3009;1;0110
260630T;000010083956;TECO - Technically completed;2026-07-03 00:00:00;2026-07-03 00:00:00;2026-07-03 00:00:00;3012;260630T;4RFDG35008M;RF*DG35008M;RF AngioGraphicCath 5Fr RH 80cm;Catheter chụp tim, mạch…;;;Sterilization;3330;3330;0;0;RF/DG35008M_S;RF*DG35008M;Standard RF*DG35008M;Standard RF*DG35008M;ZHAL;260630T;3330;;3330;0010
260701VA;000010083957;TECO - Technically completed;2026-07-03 00:00:00;2026-07-03 00:00:00;2026-07-03 00:00:00;3013;260701VA;4RMRS6F10PQ;RM*RS6F10PQ;"GSSlender 6Fr 10cm Spring 0.021"" GW";Dc mđường vào đmạch quay;;;Sterilization;6120;6120;0;0;RM/RS6F10PQ_S;RM*RS6F10PQ;Dc mđường vào đmạch quay;Dc mđường vào đmạch quay;ZHAL;260701VA;6120;;6120;0010
260702VA;000010083958;TECO - Technically completed;2026-07-03 00:00:00;2026-07-03 00:00:00;2026-07-03 00:00:00;3013;260702VA;4RMRS6F10PQ;RM*RS6F10PQ;"GSSlender 6Fr 10cm Spring 0.021"" GW";Dc mđường vào đmạch quay;;;Sterilization;6120;6120;0;0;RM/RS6F10PQ_S;RM*RS6F10PQ;Dc mđường vào đmạch quay;Dc mđường vào đmạch quay;ZHAL;260702VA;6120;;6120;0010
260702A;000010084113;TECO - Technically completed;2026-07-03 00:00:00;2026-07-03 00:00:00;2026-07-04 00:00:00;3012;260702A;4RH5TIG110MX;RH+5TIG110M;RF Optitorque 5Fr Tiger I SH1 100cm;Catheter chụp tim, mạch…;;;Sterilization;6827;6827;0;0;RH+5TIG110M_S;RH+5TIG110M;Optitorque RH+5TIG110M;Optitorque RH+5TIG110M;ZHAL;260702A;6827;;6827;0010
260702H;000010084114;TECO - Technically completed;2026-07-04 00:00:00;2026-07-03 00:00:00;2026-07-04 00:00:00;3012;260702H;4RH5TIG110M;RH*5TIG110M;RF Optitorque 5Fr Tiger I SH1 100cm;Catheter chụp tim, mạch…;;;Sterilization;6827;6827;0;0;RH/5TIG110M_S;RH*5TIG110M;Optitorque RH*5TIG110M;Optitorque RH*5TIG110M;ZHAL;260702H;6827;;6827;0010
260711G01;000010084118;REL - Released;2026-07-11 00:00:00;2026-07-04 00:00:00;2026-07-18 00:00:00;32060;260711G01;CRS25C60D10W;CRS25C60D10W;Ống q/nong sau cắt  60D10CM;Ống q/nong sau cắt 60D10CM;;;IK;6265;0;0;0;RS92S060A;RS92S060A;BEFORE-CHECK A DILATOR TUBE S6FR;Que nong S6Fr trước kiểm tra A;ZROH;;895;3001;0;0010
260711G01;000010084119;REL - Released;2026-07-11 00:00:00;2026-07-04 00:00:00;2026-07-18 00:00:00;32065;260711G01;RS25C60D10W;RS25C60D10W;RS que nong C60D10;RS que nong C60D10;;;IK;6265;0;0;0;CRS25C60D10W;CRS25C60D10W;Ống q/nong sau cắt  60D10CM;Ống q/nong sau cắt 60D10CM;ZHAL;;6265;3001;0;0010
260711G01;000010084119;REL - Released;2026-07-11 00:00:00;2026-07-04 00:00:00;2026-07-18 00:00:00;32065;260711G01;RS25C60D10W;RS25C60D10W;RS que nong C60D10;RS que nong C60D10;;;IK;6265;0;0;0;RS27X100V;RS27X100V;DILATOR LOCK PIN A TVC;RS CHỐT QUE NONG LOẠI A TVC;ZROH;;6265;3001;0;0020
260711G01;000010084119;REL - Released;2026-07-11 00:00:00;2026-07-04 00:00:00;2026-07-18 00:00:00;32065;260711G01;RS25C60D10W;RS25C60D10W;RS que nong C60D10;RS que nong C60D10;;;IK;6265;0;0;0;RS00X660EV1;RS00X660EV1;DILATOR HUB 6FR;CHUÔI QUE NONG 6FR;ZROH;;6265;3001;0;0030
260711G01;000010084140;REL - Released;2026-07-11 00:00:00;2026-07-04 00:00:00;2026-07-18 00:00:00;32050;260711G01;CRS26Q6010M;CRS26Q6010M;Ống sheath M sau cắt 6FR10CM;Ống sheath M sau cắt 6FR10CM;;;IK;6390;0;0;0;RS04X261V;RS04X261V;ETFE TUBE (SHEATH) 6FR;ỐNG ETFE (SHEATH) 6FR;ZROH;;1065;3001;0;0010
260711G01;000010084141;REL - Released;2026-07-11 00:00:00;2026-07-04 00:00:00;2026-07-18 00:00:00;32055;260711G01;RS26Q6010M;RS26Q6010M;RS Sheath 0.20 60x10  M;RS Sheath 0.20 60x10 M;;;IK;6390;0;0;0;CRS26Q6010M;CRS26Q6010M;Ống sheath M sau cắt 6FR10CM;Ống sheath M sau cắt 6FR10CM;ZHAL;;6390;3001;0;0010
260711G01;000010084141;REL - Released;2026-07-11 00:00:00;2026-07-04 00:00:00;2026-07-18 00:00:00;32055;260711G01;RS26Q6010M;RS26Q6010M;RS Sheath 0.20 60x10  M;RS Sheath 0.20 60x10 M;;;IK;6390;0;0;0;RS27X006V;RS27X006V;SHEATH LOCK PIN RS 6FR;Chốt sheath RS 6Fr;ZROH;;6390;3001;0;0020
260711G01;000010084142;REL - Released;2026-07-11 00:00:00;2026-07-04 00:00:00;2026-07-18 00:00:00;32070;260711G01;RS60E06010M;RS60E06010M;RS*lắp ráp 6FR 10cm M;RS*lắp ráp 6FR 10cm M;;;IK;6348;0;0;0;RS26Q6010M;RS26Q6010M;RS Sheath 0.20 60x10  M;RS Sheath 0.20 60x10 M;ZHAL;;6348;3001;0;0010
260711G01;000010084142;REL - Released;2026-07-11 00:00:00;2026-07-04 00:00:00;2026-07-18 00:00:00;32070;260711G01;RS60E06010M;RS60E06010M;RS*lắp ráp 6FR 10cm M;RS*lắp ráp 6FR 10cm M;;;IK;6348;0;0;0;RS00X261EV1;RS00X261EV1;SHEATH HOUSING 6FR;SHEATH HOUSING 6FR;ZROH;;6348;3001;0;0020
260711G01;000010084142;REL - Released;2026-07-11 00:00:00;2026-07-04 00:00:00;2026-07-18 00:00:00;32070;260711G01;RS60E06010M;RS60E06010M;RS*lắp ráp 6FR 10cm M;RS*lắp ráp 6FR 10cm M;;;IK;6348;0;0;0;RS00X222KV;RS00X222KV;SHEATH CAP RS A TVC NEW TYPE;Nắp sheath RS A TVC Loại mới;ZROH;;6348;3001;0;0030
260711G01;000010084142;REL - Released;2026-07-11 00:00:00;2026-07-04 00:00:00;2026-07-18 00:00:00;32070;260711G01;RS60E06010M;RS60E06010M;RS*lắp ráp 6FR 10cm M;RS*lắp ráp 6FR 10cm M;;;IK;6348;0;0;0;RS23X000V;RS23X000V;VALVE RFS TVC;Van RFS TVC;ZROH;;6348;3001;0;0040
260711G01;000010084142;REL - Released;2026-07-11 00:00:00;2026-07-04 00:00:00;2026-07-18 00:00:00;32070;260711G01;RS60E06010M;RS60E06010M;RS*lắp ráp 6FR 10cm M;RS*lắp ráp 6FR 10cm M;;;IK;6348;0;0;0;RS00E460EV1;RS00E460EV1;SHEATH SUPPORT 6FR;THÂN ĐỠ SHEATH 6FR;ZROH;;6348;3001;0;0050
260711G01;000010084142;REL - Released;2026-07-11 00:00:00;2026-07-04 00:00:00;2026-07-18 00:00:00;32070;260711G01;RS60E06010M;RS60E06010M;RS*lắp ráp 6FR 10cm M;RS*lắp ráp 6FR 10cm M;;;IK;6348;0;0;0;TS40X511RSVA;TS40X511RSVA;NON STERILE PART 3WAY COCK;VAN TAM THÔNG;ZROH;;6348;3001;0;0060
260711G01;000010084142;REL - Released;2026-07-11 00:00:00;2026-07-04 00:00:00;2026-07-18 00:00:00;32070;260711G01;RS60E06010M;RS60E06010M;RS*lắp ráp 6FR 10cm M;RS*lắp ráp 6FR 10cm M;;;IK;6348;0;0;0;RS90X000V;RS90X000V;Ống Arm;Ống Arm;ZHAL;;6348;3001;0;0070
260711G01;000010084143;REL - Released;2026-07-11 00:00:00;2026-07-04 00:00:00;2026-07-18 00:00:00;32085;260711G01;MMRF6F10PQ;MMRF6F10PQ;Bộ dây dẫn mini M;Bộ dây dẫn mini M;;;IK;6119;0;0;0;RS05X541AIV;RS05X541AIV;SPRING MINI GW 2145;DÂY DẪN MINI SPRING 2145;ZROH;;6119;3001;0;0010
260711G01;000010084143;REL - Released;2026-07-11 00:00:00;2026-07-04 00:00:00;2026-07-18 00:00:00;32085;260711G01;MMRF6F10PQ;MMRF6F10PQ;Bộ dây dẫn mini M;Bộ dây dẫn mini M;;;IK;6119;0;0;0;RG90X0405VB;RG90X0405VB;Ống bọc ngoài xanh 405;Ống bọc ngoài xanh 405;ZHAL;;6119;3001;0;0020
260711G01;000010084144;REL - Released;2026-07-11 00:00:00;2026-07-04 00:00:00;2026-07-18 00:00:00;32060;260711G01;CRS25E50A07W;CRS25E50A07W;Ống q/nong sau cắt  50A07CM;Ống q/nong sau cắt 50A07CM;;;IK;12933;0;0;0;RS92S050A;RS92S050A;BEFORE-CHECK A DILATOR TUBE S5FR;Que nong S5Fr trước kiểm tra A;ZROH;;1437;3001;0;0010
260711G01;000010084145;REL - Released;2026-07-11 00:00:00;2026-07-04 00:00:00;2026-07-18 00:00:00;32060;260711G01;CRS25C60A10W;CRS25C60A10W;Ống q/nong sau cắt  60A10CM;Ống q/nong sau cắt 60A10CM;;;IK;12740;0;0;0;RS92S060A;RS92S060A;BEFORE-CHECK A DILATOR TUBE S6FR;Que nong S6Fr trước kiểm tra A;ZROH;;1820;3001;0;0010
260711G01;000010084146;REL - Released;2026-07-11 00:00:00;2026-07-04 00:00:00;2026-07-18 00:00:00;32065;260711G01;RS25E50A07W;RS25E50A07W;RS que nong E50A07;RS que nong E50A07;;;IK;12933;0;0;0;CRS25E50A07W;CRS25E50A07W;Ống q/nong sau cắt  50A07CM;Ống q/nong sau cắt 50A07CM;ZHAL;;12933;3001;0;0010
260711G01;000010084146;REL - Released;2026-07-11 00:00:00;2026-07-04 00:00:00;2026-07-18 00:00:00;32065;260711G01;RS25E50A07W;RS25E50A07W;RS que nong E50A07;RS que nong E50A07;;;IK;12933;0;0;0;RS27X100V;RS27X100V;DILATOR LOCK PIN A TVC;RS CHỐT QUE NONG LOẠI A TVC;ZROH;;12933;3001;0;0020
260711G01;000010084146;REL - Released;2026-07-11 00:00:00;2026-07-04 00:00:00;2026-07-18 00:00:00;32065;260711G01;RS25E50A07W;RS25E50A07W;RS que nong E50A07;RS que nong E50A07;;;IK;12933;0;0;0;RS00X650EV1;RS00X650EV1;DILATOR HUB 5FR;CHUÔI QUE NONG 5FR;ZROH;;12933;3001;0;0030
260711G01;000010084147;REL - Released;2026-07-11 00:00:00;2026-07-04 00:00:00;2026-07-18 00:00:00;32065;260711G01;RS25C60A10W;RS25C60A10W;RS que nong C60A10;RS que nong C60A10;;;IK;12740;0;0;0;CRS25C60A10W;CRS25C60A10W;Ống q/nong sau cắt  60A10CM;Ống q/nong sau cắt 60A10CM;ZHAL;;12740;3001;0;0010
260711G01;000010084147;REL - Released;2026-07-11 00:00:00;2026-07-04 00:00:00;2026-07-18 00:00:00;32065;260711G01;RS25C60A10W;RS25C60A10W;RS que nong C60A10;RS que nong C60A10;;;IK;12740;0;0;0;RS27X100V;RS27X100V;DILATOR LOCK PIN A TVC;RS CHỐT QUE NONG LOẠI A TVC;ZROH;;12740;3001;0;0020
260711G01;000010084147;REL - Released;2026-07-11 00:00:00;2026-07-04 00:00:00;2026-07-18 00:00:00;32065;260711G01;RS25C60A10W;RS25C60A10W;RS que nong C60A10;RS que nong C60A10;;;IK;12740;0;0;0;RS00X660EV1;RS00X660EV1;DILATOR HUB 6FR;CHUÔI QUE NONG 6FR;ZROH;;12740;3001;0;0030
260711G01;000010084148;REL - Released;2026-07-11 00:00:00;2026-07-04 00:00:00;2026-07-18 00:00:00;32050;260711G01;CRS26Q5007;CRS26Q5007;Ống sheath sau cắt  5FR07CM;Ống sheath sau cắt 5FR07CM;;;IK;13203;0;0;0;RS04X251V;RS04X251V;ETFE TUBE (SHEATH) 5FR;ỐNG ETFE (SHEATH) 5FR;ZROH;;1467;3001;0;0010
260711G01;000010084149;REL - Released;2026-07-11 00:00:00;2026-07-04 00:00:00;2026-07-18 00:00:00;32050;260711G01;CRS26Q6010;CRS26Q6010;Ống sheath sau cắt  6FR10CM;Ống sheath sau cắt 6FR10CM;;;IK;13181;0;0;0;RS04X261V;RS04X261V;ETFE TUBE (SHEATH) 6FR;ỐNG ETFE (SHEATH) 6FR;ZROH;;1883;3001;0;0010
260711G01;000010084150;REL - Released;2026-07-11 00:00:00;2026-07-04 00:00:00;2026-07-18 00:00:00;32055;260711G01;RS26Q5007;RS26Q5007;RS Sheath 0.20 50X07;RS Sheath 0.20 50X07;;;IK;13203;0;0;0;CRS26Q5007;CRS26Q5007;Ống sheath sau cắt  5FR07CM;Ống sheath sau cắt 5FR07CM;ZHAL;;13203;3001;0;0010
260711G01;000010084150;REL - Released;2026-07-11 00:00:00;2026-07-04 00:00:00;2026-07-18 00:00:00;32055;260711G01;RS26Q5007;RS26Q5007;RS Sheath 0.20 50X07;RS Sheath 0.20 50X07;;;IK;13203;0;0;0;RS27X005V;RS27X005V;SHEATH LOCK PIN RS 5FR;Chốt sheath RS 5Fr;ZROH;;13203;3001;0;0020
260711G01;000010084151;REL - Released;2026-07-11 00:00:00;2026-07-04 00:00:00;2026-07-18 00:00:00;32055;260711G01;RS26Q6010;RS26Q6010;RS Sheath 0.20 60X10;RS Sheath 0.20 60X10;;;IK;13181;0;0;0;CRS26Q6010;CRS26Q6010;Ống sheath sau cắt  6FR10CM;Ống sheath sau cắt 6FR10CM;ZHAL;;13181;3001;0;0010
260711G01;000010084151;REL - Released;2026-07-11 00:00:00;2026-07-04 00:00:00;2026-07-18 00:00:00;32055;260711G01;RS26Q6010;RS26Q6010;RS Sheath 0.20 60X10;RS Sheath 0.20 60X10;;;IK;13181;0;0;0;RS27X006V;RS27X006V;SHEATH LOCK PIN RS 6FR;Chốt sheath RS 6Fr;ZROH;;13181;3001;0;0020
260711G01;000010084152;REL - Released;2026-07-11 00:00:00;2026-07-04 00:00:00;2026-07-18 00:00:00;32070;260711G01;RS60E05007;RS60E05007;RS*lắp ráp 5FR 7CM;RS*lắp ráp 5FR 7CM;;;IK;13203;0;0;0;RS26Q5007;RS26Q5007;RS Sheath 0.20 50X07;RS Sheath 0.20 50X07;ZHAL;;13203;3001;0;0010
260711G01;000010084152;REL - Released;2026-07-11 00:00:00;2026-07-04 00:00:00;2026-07-18 00:00:00;32070;260711G01;RS60E05007;RS60E05007;RS*lắp ráp 5FR 7CM;RS*lắp ráp 5FR 7CM;;;IK;13203;0;0;0;RS00E251EV;RS00E251EV;SHEATH HOUSING 5FR;SHEATH HOUSING 5FR;ZROH;;13203;3001;0;0020
260711G01;000010084152;REL - Released;2026-07-11 00:00:00;2026-07-04 00:00:00;2026-07-18 00:00:00;32070;260711G01;RS60E05007;RS60E05007;RS*lắp ráp 5FR 7CM;RS*lắp ráp 5FR 7CM;;;IK;13203;0;0;0;RS00X222KV;RS00X222KV;SHEATH CAP RS A TVC NEW TYPE;Nắp sheath RS A TVC Loại mới;ZROH;;13203;3001;0;0030
260711G01;000010084152;REL - Released;2026-07-11 00:00:00;2026-07-04 00:00:00;2026-07-18 00:00:00;32070;260711G01;RS60E05007;RS60E05007;RS*lắp ráp 5FR 7CM;RS*lắp ráp 5FR 7CM;;;IK;13203;0;0;0;RS23X000V;RS23X000V;VALVE RFS TVC;Van RFS TVC;ZROH;;13203;3001;0;0040
260711G01;000010084152;REL - Released;2026-07-11 00:00:00;2026-07-04 00:00:00;2026-07-18 00:00:00;32070;260711G01;RS60E05007;RS60E05007;RS*lắp ráp 5FR 7CM;RS*lắp ráp 5FR 7CM;;;IK;13203;0;0;0;RS00E450EV;RS00E450EV;SHEATH SUPPORT 5FR;THÂN ĐỠ SHEATH 5FR;ZROH;;13203;3001;0;0050
260711G01;000010084152;REL - Released;2026-07-11 00:00:00;2026-07-04 00:00:00;2026-07-18 00:00:00;32070;260711G01;RS60E05007;RS60E05007;RS*lắp ráp 5FR 7CM;RS*lắp ráp 5FR 7CM;;;IK;13203;0;0;0;TS40X511RSVA;TS40X511RSVA;NON STERILE PART 3WAY COCK;VAN TAM THÔNG;ZROH;;13203;3001;0;0060
260711G01;000010084152;REL - Released;2026-07-11 00:00:00;2026-07-04 00:00:00;2026-07-18 00:00:00;32070;260711G01;RS60E05007;RS60E05007;RS*lắp ráp 5FR 7CM;RS*lắp ráp 5FR 7CM;;;IK;13203;0;0;0;RS90X000V;RS90X000V;Ống Arm;Ống Arm;ZHAL;;13203;3001;0;0070
260711G01;000010084153;REL - Released;2026-07-11 00:00:00;2026-07-04 00:00:00;2026-07-18 00:00:00;32070;260711G01;RS60E06010;RS60E06010;RS*lắp ráp 6FR 10CM;RS*lắp ráp 6FR 10CM;;;IK;13181;0;0;0;RS26Q6010;RS26Q6010;RS Sheath 0.20 60X10;RS Sheath 0.20 60X10;ZHAL;;13181;3001;0;0010
260711G01;000010084153;REL - Released;2026-07-11 00:00:00;2026-07-04 00:00:00;2026-07-18 00:00:00;32070;260711G01;RS60E06010;RS60E06010;RS*lắp ráp 6FR 10CM;RS*lắp ráp 6FR 10CM;;;IK;13181;0;0;0;RS00X261EV1;RS00X261EV1;SHEATH HOUSING 6FR;SHEATH HOUSING 6FR;ZROH;;13181;3001;0;0020
260711G01;000010084153;REL - Released;2026-07-11 00:00:00;2026-07-04 00:00:00;2026-07-18 00:00:00;32070;260711G01;RS60E06010;RS60E06010;RS*lắp ráp 6FR 10CM;RS*lắp ráp 6FR 10CM;;;IK;13181;0;0;0;RS00X222KV;RS00X222KV;SHEATH CAP RS A TVC NEW TYPE;Nắp sheath RS A TVC Loại mới;ZROH;;13181;3001;0;0030
260711G01;000010084153;REL - Released;2026-07-11 00:00:00;2026-07-04 00:00:00;2026-07-18 00:00:00;32070;260711G01;RS60E06010;RS60E06010;RS*lắp ráp 6FR 10CM;RS*lắp ráp 6FR 10CM;;;IK;13181;0;0;0;RS23X000V;RS23X000V;VALVE RFS TVC;Van RFS TVC;ZROH;;13181;3001;0;0040
260711G01;000010084153;REL - Released;2026-07-11 00:00:00;2026-07-04 00:00:00;2026-07-18 00:00:00;32070;260711G01;RS60E06010;RS60E06010;RS*lắp ráp 6FR 10CM;RS*lắp ráp 6FR 10CM;;;IK;13181;0;0;0;RS00E460EV1;RS00E460EV1;SHEATH SUPPORT 6FR;THÂN ĐỠ SHEATH 6FR;ZROH;;13181;3001;0;0050
260711G01;000010084153;REL - Released;2026-07-11 00:00:00;2026-07-04 00:00:00;2026-07-18 00:00:00;32070;260711G01;RS60E06010;RS60E06010;RS*lắp ráp 6FR 10CM;RS*lắp ráp 6FR 10CM;;;IK;13181;0;0;0;TS40X511RSVA;TS40X511RSVA;NON STERILE PART 3WAY COCK;VAN TAM THÔNG;ZROH;;13181;3001;0;0060
260711G01;000010084153;REL - Released;2026-07-11 00:00:00;2026-07-04 00:00:00;2026-07-18 00:00:00;32070;260711G01;RS60E06010;RS60E06010;RS*lắp ráp 6FR 10CM;RS*lắp ráp 6FR 10CM;;;IK;13181;0;0;0;RS90X000V;RS90X000V;Ống Arm;Ống Arm;ZHAL;;13181;3001;0;0070
260711G01;000010084154;REL - Released;2026-07-11 00:00:00;2026-07-04 00:00:00;2026-07-18 00:00:00;32085;260711G01;MSR50A07PQ;MSR50A07PQ;Bộ dây dẫn mini;Bộ dây dẫn mini;;;IK;13119;0;0;0;RG90X0405VB;RG90X0405VB;Ống bọc ngoài xanh 405;Ống bọc ngoài xanh 405;ZHAL;;13119;3001;0;0010
260711G01;000010084154;REL - Released;2026-07-11 00:00:00;2026-07-04 00:00:00;2026-07-18 00:00:00;32085;260711G01;MSR50A07PQ;MSR50A07PQ;Bộ dây dẫn mini;Bộ dây dẫn mini;;;IK;13119;0;0;0;RS05X551AIV;RS05X551AIV;SPRING MINI GW 0.018;DÂY DẪN MINI SPRING 0.018;ZROH;;13119;3001;0;0020
260711G01;000010084155;REL - Released;2026-07-11 00:00:00;2026-07-04 00:00:00;2026-07-18 00:00:00;32085;260711G01;MSR60A10PQ;MSR60A10PQ;Bộ dây dẫn mini;Bộ dây dẫn mini;;;IK;13119;0;0;0;RG90X0405VB;RG90X0405VB;Ống bọc ngoài xanh 405;Ống bọc ngoài xanh 405;ZHAL;;13119;3001;0;0010
260711G01;000010084155;REL - Released;2026-07-11 00:00:00;2026-07-04 00:00:00;2026-07-18 00:00:00;32085;260711G01;MSR60A10PQ;MSR60A10PQ;Bộ dây dẫn mini;Bộ dây dẫn mini;;;IK;13119;0;0;0;RS05X551AIV;RS05X551AIV;SPRING MINI GW 0.018;DÂY DẪN MINI SPRING 0.018;ZROH;;13119;3001;0;0020
260711G01;000010084156;REL - Released;2026-07-11 00:00:00;2026-07-04 00:00:00;2026-07-18 00:00:00;32060;260711G01;CRS25C60G16W;CRS25C60G16W;Ống q/nong sau cắt  60G16CM;Ống q/nong sau cắt 60G16CM;;;IK;13260;0;0;0;RS92S060A;RS92S060A;BEFORE-CHECK A DILATOR TUBE S6FR;Que nong S6Fr trước kiểm tra A;ZROH;;2652;3001;0;0010
260711G01;000010084157;REL - Released;2026-07-11 00:00:00;2026-07-04 00:00:00;2026-07-18 00:00:00;32060;260711G01;CRS25E70K10S;CRS25E70K10S;Ống QN S sau cắt 70K10;Ống QN S sau cắt 70K10;;;IK;13454;0;0;0;RS92S070A;RS92S070A;BEFORE-CHECK A DILATOR TUBE S7FR;Que nong S7Fr trước kiểm tra A;ZROH;;1922;3001;0;0010
260711G01;000010084158;REL - Released;2026-07-11 00:00:00;2026-07-04 00:00:00;2026-07-18 00:00:00;32065;260711G01;RS25C60G16W;RS25C60G16W;RS que nong C60G16;RS que nong C60G16;;;IK;13260;0;0;0;CRS25C60G16W;CRS25C60G16W;Ống q/nong sau cắt  60G16CM;Ống q/nong sau cắt 60G16CM;ZHAL;;13260;3001;0;0010
260711G01;000010084158;REL - Released;2026-07-11 00:00:00;2026-07-04 00:00:00;2026-07-18 00:00:00;32065;260711G01;RS25C60G16W;RS25C60G16W;RS que nong C60G16;RS que nong C60G16;;;IK;13260;0;0;0;RS27X100V;RS27X100V;DILATOR LOCK PIN A TVC;RS CHỐT QUE NONG LOẠI A TVC;ZROH;;13260;3001;0;0020
260711G01;000010084158;REL - Released;2026-07-11 00:00:00;2026-07-04 00:00:00;2026-07-18 00:00:00;32065;260711G01;RS25C60G16W;RS25C60G16W;RS que nong C60G16;RS que nong C60G16;;;IK;13260;0;0;0;RS00X660EV1;RS00X660EV1;DILATOR HUB 6FR;CHUÔI QUE NONG 6FR;ZROH;;13260;3001;0;0030
260711G01;000010084159;REL - Released;2026-07-11 00:00:00;2026-07-04 00:00:00;2026-07-18 00:00:00;32065;260711G01;RS25E70K10S;RS25E70K10S;RS que nong S 70K10;RS que nong S 70K10;;;IK;13454;0;0;0;CRS25E70K10S;CRS25E70K10S;Ống QN S sau cắt 70K10;Ống QN S sau cắt 70K10;ZHAL;;13454;3001;0;0010
260711G01;000010084159;REL - Released;2026-07-11 00:00:00;2026-07-04 00:00:00;2026-07-18 00:00:00;32065;260711G01;RS25E70K10S;RS25E70K10S;RS que nong S 70K10;RS que nong S 70K10;;;IK;13454;0;0;0;RS27X100V;RS27X100V;DILATOR LOCK PIN A TVC;RS CHỐT QUE NONG LOẠI A TVC;ZROH;;13454;3001;0;0020
260711G01;000010084159;REL - Released;2026-07-11 00:00:00;2026-07-04 00:00:00;2026-07-18 00:00:00;32065;260711G01;RS25E70K10S;RS25E70K10S;RS que nong S 70K10;RS que nong S 70K10;;;IK;13454;0;0;0;RS00X670EV2;RS00X670EV2;DILATOR HUB 7FR;CHUÔI QUE NONG 7FR;ZROH;;13454;3001;0;0030
260711G01;000010084160;REL - Released;2026-07-11 00:00:00;2026-07-04 00:00:00;2026-07-18 00:00:00;32050;260711G01;CRS26Q6016;CRS26Q6016;Ống sheath sau cắt  6FR16CM;Ống sheath sau cắt 6FR16CM;;;IK;13036;0;0;0;RS04X261VS;RS04X261VS;ETFE TUBE (SHEATH) 6FR S;ỐNG ETFE (SHEATH) 6FR S;ZROH;;3259;3001;0;0010
260711G01;000010084161;REL - Released;2026-07-11 00:00:00;2026-07-04 00:00:00;2026-07-18 00:00:00;32050;260711G01;CRS26Q7010;CRS26Q7010;Ống sheath sau cắt  7FR10CM;Ống sheath sau cắt 7FR10CM;;;IK;13286;0;0;0;RS04X271V;RS04X271V;ETFE TUBE (SHEATH) 7FR;ỐNG ETFE (SHEATH) 7FR;ZROH;;1898;3001;0;0010
260711G01;000010084162;REL - Released;2026-07-11 00:00:00;2026-07-04 00:00:00;2026-07-18 00:00:00;32055;260711G01;RS26Q6016;RS26Q6016;RS Sheath 0.20 60X16;RS Sheath 0.20 60X16;;;IK;13036;0;0;0;CRS26Q6016;CRS26Q6016;Ống sheath sau cắt  6FR16CM;Ống sheath sau cắt 6FR16CM;ZHAL;;13036;3001;0;0010
260711G01;000010084162;REL - Released;2026-07-11 00:00:00;2026-07-04 00:00:00;2026-07-18 00:00:00;32055;260711G01;RS26Q6016;RS26Q6016;RS Sheath 0.20 60X16;RS Sheath 0.20 60X16;;;IK;13036;0;0;0;RS27X006V;RS27X006V;SHEATH LOCK PIN RS 6FR;Chốt sheath RS 6Fr;ZROH;;13036;3001;0;0020
260711G01;000010084163;REL - Released;2026-07-11 00:00:00;2026-07-04 00:00:00;2026-07-18 00:00:00;32055;260711G01;RS26Q7010;RS26Q7010;RS Sheath 0.20 70X10;RS Sheath 0.20 70X10;;;IK;13286;0;0;0;CRS26Q7010;CRS26Q7010;Ống sheath sau cắt  7FR10CM;Ống sheath sau cắt 7FR10CM;ZHAL;;13286;3001;0;0010
260711G01;000010084163;REL - Released;2026-07-11 00:00:00;2026-07-04 00:00:00;2026-07-18 00:00:00;32055;260711G01;RS26Q7010;RS26Q7010;RS Sheath 0.20 70X10;RS Sheath 0.20 70X10;;;IK;13286;0;0;0;RS27X007V;RS27X007V;SHEATH LOCK PIN 7FR;Chốt sheath 7Fr;ZROH;;13286;3001;0;0020
260711G01;000010084164;REL - Released;2026-07-11 00:00:00;2026-07-04 00:00:00;2026-07-18 00:00:00;32070;260711G01;RS60E06016;RS60E06016;RS*lắp ráp 6FR 16CM;RS*lắp ráp 6FR 16CM;;;IK;13036;0;0;0;RS26Q6016;RS26Q6016;RS Sheath 0.20 60X16;RS Sheath 0.20 60X16;ZHAL;;13036;3001;0;0010
260711G01;000010084164;REL - Released;2026-07-11 00:00:00;2026-07-04 00:00:00;2026-07-18 00:00:00;32070;260711G01;RS60E06016;RS60E06016;RS*lắp ráp 6FR 16CM;RS*lắp ráp 6FR 16CM;;;IK;13036;0;0;0;RS00X261EV1;RS00X261EV1;SHEATH HOUSING 6FR;SHEATH HOUSING 6FR;ZROH;;13036;3001;0;0020
260711G01;000010084164;REL - Released;2026-07-11 00:00:00;2026-07-04 00:00:00;2026-07-18 00:00:00;32070;260711G01;RS60E06016;RS60E06016;RS*lắp ráp 6FR 16CM;RS*lắp ráp 6FR 16CM;;;IK;13036;0;0;0;RS00X222KV;RS00X222KV;SHEATH CAP RS A TVC NEW TYPE;Nắp sheath RS A TVC Loại mới;ZROH;;13036;3001;0;0030
260711G01;000010084164;REL - Released;2026-07-11 00:00:00;2026-07-04 00:00:00;2026-07-18 00:00:00;32070;260711G01;RS60E06016;RS60E06016;RS*lắp ráp 6FR 16CM;RS*lắp ráp 6FR 16CM;;;IK;13036;0;0;0;RS23X000V;RS23X000V;VALVE RFS TVC;Van RFS TVC;ZROH;;13036;3001;0;0040
260711G01;000010084164;REL - Released;2026-07-11 00:00:00;2026-07-04 00:00:00;2026-07-18 00:00:00;32070;260711G01;RS60E06016;RS60E06016;RS*lắp ráp 6FR 16CM;RS*lắp ráp 6FR 16CM;;;IK;13036;0;0;0;RS00E460EV1;RS00E460EV1;SHEATH SUPPORT 6FR;THÂN ĐỠ SHEATH 6FR;ZROH;;13036;3001;0;0050
260711G01;000010084164;REL - Released;2026-07-11 00:00:00;2026-07-04 00:00:00;2026-07-18 00:00:00;32070;260711G01;RS60E06016;RS60E06016;RS*lắp ráp 6FR 16CM;RS*lắp ráp 6FR 16CM;;;IK;13036;0;0;0;TS40X511RSVA;TS40X511RSVA;NON STERILE PART 3WAY COCK;VAN TAM THÔNG;ZROH;;13036;3001;0;0060
260711G01;000010084164;REL - Released;2026-07-11 00:00:00;2026-07-04 00:00:00;2026-07-18 00:00:00;32070;260711G01;RS60E06016;RS60E06016;RS*lắp ráp 6FR 16CM;RS*lắp ráp 6FR 16CM;;;IK;13036;0;0;0;RS90X000V;RS90X000V;Ống Arm;Ống Arm;ZHAL;;13036;3001;0;0070
260711G01;000010084165;REL - Released;2026-07-11 00:00:00;2026-07-04 00:00:00;2026-07-18 00:00:00;32070;260711G01;RS60E07010;RS60E07010;RS*lắp ráp 7FR 10CM;RS*lắp ráp 7FR 10CM;;;IK;13286;0;0;0;RS26Q7010;RS26Q7010;RS Sheath 0.20 70X10;RS Sheath 0.20 70X10;ZHAL;;13286;3001;0;0010
260711G01;000010084165;REL - Released;2026-07-11 00:00:00;2026-07-04 00:00:00;2026-07-18 00:00:00;32070;260711G01;RS60E07010;RS60E07010;RS*lắp ráp 7FR 10CM;RS*lắp ráp 7FR 10CM;;;IK;13286;0;0;0;RS00E271EV;RS00E271EV;SHEATH HOUSING 7FR;SHEATH HOUSING 7FR;ZROH;;13286;3001;0;0020
260711G01;000010084165;REL - Released;2026-07-11 00:00:00;2026-07-04 00:00:00;2026-07-18 00:00:00;32070;260711G01;RS60E07010;RS60E07010;RS*lắp ráp 7FR 10CM;RS*lắp ráp 7FR 10CM;;;IK;13286;0;0;0;RS00X222KV;RS00X222KV;SHEATH CAP RS A TVC NEW TYPE;Nắp sheath RS A TVC Loại mới;ZROH;;13286;3001;0;0030
260711G01;000010084165;REL - Released;2026-07-11 00:00:00;2026-07-04 00:00:00;2026-07-18 00:00:00;32070;260711G01;RS60E07010;RS60E07010;RS*lắp ráp 7FR 10CM;RS*lắp ráp 7FR 10CM;;;IK;13286;0;0;0;RS23X000V;RS23X000V;VALVE RFS TVC;Van RFS TVC;ZROH;;13286;3001;0;0040
260711G01;000010084165;REL - Released;2026-07-11 00:00:00;2026-07-04 00:00:00;2026-07-18 00:00:00;32070;260711G01;RS60E07010;RS60E07010;RS*lắp ráp 7FR 10CM;RS*lắp ráp 7FR 10CM;;;IK;13286;0;0;0;RS00E470EV;RS00E470EV;SHEATH SUPPORT 7FR;THÂN ĐỠ SHEATH 7FR;ZROH;;13286;3001;0;0050
260711G01;000010084165;REL - Released;2026-07-11 00:00:00;2026-07-04 00:00:00;2026-07-18 00:00:00;32070;260711G01;RS60E07010;RS60E07010;RS*lắp ráp 7FR 10CM;RS*lắp ráp 7FR 10CM;;;IK;13286;0;0;0;TS40X511RSVA;TS40X511RSVA;NON STERILE PART 3WAY COCK;VAN TAM THÔNG;ZROH;;13286;3001;0;0060
260711G01;000010084165;REL - Released;2026-07-11 00:00:00;2026-07-04 00:00:00;2026-07-18 00:00:00;32070;260711G01;RS60E07010;RS60E07010;RS*lắp ráp 7FR 10CM;RS*lắp ráp 7FR 10CM;;;IK;13286;0;0;0;RS90X000V;RS90X000V;Ống Arm;Ống Arm;ZHAL;;13286;3001;0;0070
260711G01;000010084166;REL - Released;2026-07-11 00:00:00;2026-07-04 00:00:00;2026-07-18 00:00:00;32075;260711G01;RF50MS2545Y;RF50MS2545Y;Dây dẫn mini đã g/c S0.025X45CM;Dây dẫn mini đã g/c S0.025X45CM;;;IK;12970;0;0;0;RF42MS2545YV;RF42MS2545YV;MINI GUIDE WIRE S2545;DÂY DẪN MINI S2545;ZROH;;12970;3001;0;0010
260711G01;000010084167;REL - Released;2026-07-11 00:00:00;2026-07-04 00:00:00;2026-07-18 00:00:00;32075;260711G01;RF50MS3545Y;RF50MS3545Y;Dây dẫn mini đã g/c S0.035X45CM;Dây dẫn mini đã g/c S0.035X45CM;;;IK;13130;0;0;0;RF42MS3545YV;RF42MS3545YV;MINI GUIDE WIRE S3545;DÂY DẪN MINI S3545;ZROH;;13130;3001;0;0010
260711G01;000010084168;REL - Released;2026-07-11 00:00:00;2026-07-04 00:00:00;2026-07-18 00:00:00;32080;260711G01;RS23X422;RS23X422;Ống bọc ngoài đã gia công 420mm;Ống bọc ngoài đã gia công 420mm;;;IK;10000;0;0;0;RG90X0420V;RG90X0420V;IK ống bọc ngoài 420mm;IK ống bọc ngoài 420mm;ZHAL;;10000;3001;0;0010
260711G01;000010084169;REL - Released;2026-07-11 00:00:00;2026-07-04 00:00:00;2026-07-18 00:00:00;32085;260711G01;MSA60G16SQZY;MSA60G16SQZY;Bộ dây dẫn mini;Bộ dây dẫn mini;;;IK;4319;0;0;0;RS23X422;RS23X422;Ống bọc ngoài đã gia công 420mm;Ống bọc ngoài đã gia công 420mm;ZHAL;;4319;3001;0;0010
260711G01;000010084169;REL - Released;2026-07-11 00:00:00;2026-07-04 00:00:00;2026-07-18 00:00:00;32085;260711G01;MSA60G16SQZY;MSA60G16SQZY;Bộ dây dẫn mini;Bộ dây dẫn mini;;;IK;4319;0;0;0;RF50MS2545Y;RF50MS2545Y;Dây dẫn mini đã g/c S0.025X45CM;Dây dẫn mini đã g/c S0.025X45CM;ZHAL;;4319;3001;0;0020
260711G02;000010084170;REL - Released;2026-07-11 00:00:00;2026-07-04 00:00:00;2026-07-18 00:00:00;32085;260711G02;MSA60G16SQZY;MSA60G16SQZY;Bộ dây dẫn mini;Bộ dây dẫn mini;;;IK;4319;0;0;0;RS23X422;RS23X422;Ống bọc ngoài đã gia công 420mm;Ống bọc ngoài đã gia công 420mm;ZHAL;;4319;3001;0;0010
260711G02;000010084170;REL - Released;2026-07-11 00:00:00;2026-07-04 00:00:00;2026-07-18 00:00:00;32085;260711G02;MSA60G16SQZY;MSA60G16SQZY;Bộ dây dẫn mini;Bộ dây dẫn mini;;;IK;4319;0;0;0;RF50MS2545Y;RF50MS2545Y;Dây dẫn mini đã g/c S0.025X45CM;Dây dẫn mini đã g/c S0.025X45CM;ZHAL;;4319;3001;0;0020
260711G03;000010084171;REL - Released;2026-07-11 00:00:00;2026-07-04 00:00:00;2026-07-18 00:00:00;32085;260711G03;MSA60G16SQZY;MSA60G16SQZY;Bộ dây dẫn mini;Bộ dây dẫn mini;;;IK;4319;0;0;0;RS23X422;RS23X422;Ống bọc ngoài đã gia công 420mm;Ống bọc ngoài đã gia công 420mm;ZHAL;;4319;3001;0;0010
260711G03;000010084171;REL - Released;2026-07-11 00:00:00;2026-07-04 00:00:00;2026-07-18 00:00:00;32085;260711G03;MSA60G16SQZY;MSA60G16SQZY;Bộ dây dẫn mini;Bộ dây dẫn mini;;;IK;4319;0;0;0;RF50MS2545Y;RF50MS2545Y;Dây dẫn mini đã g/c S0.025X45CM;Dây dẫn mini đã g/c S0.025X45CM;ZHAL;;4319;3001;0;0020
260711G01;000010084172;REL - Released;2026-07-11 00:00:00;2026-07-04 00:00:00;2026-07-18 00:00:00;32085;260711G01;MSA70K10SQY;MSA70K10SQY;Bộ dây dẫn mini;Bộ dây dẫn mini;;;IK;13119;0;0;0;RG90X0405V;RG90X0405V;IK ống bọc ngoài 405mm;IK ống bọc ngoài 405mm;ZHAL;;13119;3001;0;0010
260711G01;000010084172;REL - Released;2026-07-11 00:00:00;2026-07-04 00:00:00;2026-07-18 00:00:00;32085;260711G01;MSA70K10SQY;MSA70K10SQY;Bộ dây dẫn mini;Bộ dây dẫn mini;;;IK;13119;0;0;0;RF50MS3545Y;RF50MS3545Y;Dây dẫn mini đã g/c S0.035X45CM;Dây dẫn mini đã g/c S0.035X45CM;ZHAL;;13119;3001;0;0020
260711VA;000010084173;REL - Released;2026-07-11 00:00:00;2026-07-04 00:00:00;2026-07-18 00:00:00;32091;260711VA;RM/RS6J10PQ_S;RM*RS6J10PQ;Dc mđường vào đmạch quay;Dc mđường vào đmạch quay;;;IK;6120;0;0;0;RS34G6001V-3;RS34G6001V-3;PEEL LABEL 6Fr M27 GSS;Nhãn túi đóng gói 6Fr M27 GSS;ZROH;;6120;3001;0;0010
260711VA;000010084173;REL - Released;2026-07-11 00:00:00;2026-07-04 00:00:00;2026-07-18 00:00:00;32091;260711VA;RM/RS6J10PQ_S;RM*RS6J10PQ;Dc mđường vào đmạch quay;Dc mđường vào đmạch quay;;;IK;6120;0;0;0;RS34G6005V-3;RS34G6005V-3;UNIT BOX LABEL 6Fr M27 GSS;Nhãn hộp đơn vị 6Fr M27 GSS;ZROH;;1224;3001;0;0020
260711VA;000010084173;REL - Released;2026-07-11 00:00:00;2026-07-04 00:00:00;2026-07-18 00:00:00;32091;260711VA;RM/RS6J10PQ_S;RM*RS6J10PQ;Dc mđường vào đmạch quay;Dc mđường vào đmạch quay;;;IK;6120;0;0;0;RS34G20V-03;RS34G20V-03;SHIPPING BOX LABEL M27 GSS;Nhãn thùng xuất xưởng M27 GSS;ZROH;;612;3001;0;0030
260711VA;000010084173;REL - Released;2026-07-11 00:00:00;2026-07-04 00:00:00;2026-07-18 00:00:00;32091;260711VA;RM/RS6J10PQ_S;RM*RS6J10PQ;Dc mđường vào đmạch quay;Dc mđường vào đmạch quay;;;IK;6120;0;0;0;RS30XGTS1V-1;RS30XGTS1V-1;TYVEK PEELPACK M26 (TRAY S);Túi đóng gói Tyvek (có khay S);ZROH;;6120;3001;0;0040
260711VA;000010084173;REL - Released;2026-07-11 00:00:00;2026-07-04 00:00:00;2026-07-18 00:00:00;32091;260711VA;RM/RS6J10PQ_S;RM*RS6J10PQ;Dc mđường vào đmạch quay;Dc mđường vào đmạch quay;;;IK;6120;0;0;0;RS36M805SV-2;RS36M805SV-2;UNIT BOX M27 TRAY S;Hộp đơn vị M27 khay S;ZROH;;1224;3001;0;0050
260711VA;000010084173;REL - Released;2026-07-11 00:00:00;2026-07-04 00:00:00;2026-07-18 00:00:00;32091;260711VA;RM/RS6J10PQ_S;RM*RS6J10PQ;Dc mđường vào đmạch quay;Dc mđường vào đmạch quay;;;IK;6120;0;0;0;RS37E002V-2;RS37E002V-2;SHIPPING BOX TRAY S;Thùng xuất xưởng có khay S;ZROH;;306;3001;0;0060
260711VA;000010084173;REL - Released;2026-07-11 00:00:00;2026-07-04 00:00:00;2026-07-18 00:00:00;32091;260711VA;RM/RS6J10PQ_S;RM*RS6J10PQ;Dc mđường vào đmạch quay;Dc mđường vào đmạch quay;;;IK;6120;0;0;0;RS33G011V-1;RS33G011V-1;IFU RS Slender M27 Multi TVC;HDSD RS Slender M27 Multi TVC;ZROH;;1224;3001;0;0070
260711VA;000010084173;REL - Released;2026-07-11 00:00:00;2026-07-04 00:00:00;2026-07-18 00:00:00;32091;260711VA;RM/RS6J10PQ_S;RM*RS6J10PQ;Dc mđường vào đmạch quay;Dc mđường vào đmạch quay;;;IK;6120;0;0;0;MMRS6J10PQ;MMRS6J10PQ;Bộ dây dẫn mini;Bộ dây dẫn mini;ZHAL;;6120;3001;0;0080
260711VA;000010084173;REL - Released;2026-07-11 00:00:00;2026-07-04 00:00:00;2026-07-18 00:00:00;32091;260711VA;RM/RS6J10PQ_S;RM*RS6J10PQ;Dc mđường vào đmạch quay;Dc mđường vào đmạch quay;;;IK;6120;0;0;0;RS60E06010S;RS60E06010S;RS*M2 Slender lắp ráp 6FR 10CM;RS*M2 Slender lắp ráp 6FR 10CM;ZHAL;;6120;3001;0;0090
260711VA;000010084173;REL - Released;2026-07-11 00:00:00;2026-07-04 00:00:00;2026-07-18 00:00:00;32091;260711VA;RM/RS6J10PQ_S;RM*RS6J10PQ;Dc mđường vào đmạch quay;Dc mđường vào đmạch quay;;;IK;6120;0;0;0;RS25C60G10W;RS25C60G10W;RS que nong C60G10;RS que nong C60G10;ZHAL;;6120;3001;0;0100
260711VA;000010084173;REL - Released;2026-07-11 00:00:00;2026-07-04 00:00:00;2026-07-18 00:00:00;32091;260711VA;RM/RS6J10PQ_S;RM*RS6J10PQ;Dc mđường vào đmạch quay;Dc mđường vào đmạch quay;;;IK;6120;0;0;0;RS08X2035PVA;RS08X2035PVA;IK METAL NEEDLE 20G TVC;IK Kim luồn kim loại 20G TVC;ZROH;;6120;3001;0;0110
260711VA;000010084173;REL - Released;2026-07-11 00:00:00;2026-07-04 00:00:00;2026-07-18 00:00:00;32091;260711VA;RM/RS6J10PQ_S;RM*RS6J10PQ;Dc mđường vào đmạch quay;Dc mđường vào đmạch quay;;;IK;6120;0;0;0;RS32X110V;RS32X110V;STANDARD TRAY S;KHAY ĐỠ LOẠI S;ZROH;;6120;3001;0;0120
260711VA;000010084174;REL - Released;2026-07-11 00:00:00;2026-07-04 00:00:00;2026-07-18 00:00:00;32091;260711VA;RS/R60D10PQ_S;RS*R60D10PQ;Dụng cụ mở đường vào động mạch;Dụng cụ mở đường vào động mạch;;;IK;13119;0;0;0;RS34M6001V-1;RS34M6001V-1;LABEL RS 6FR M26 1SET TVC;NHÃN RS 6Fr M26 Dùng cho 1 set TVC;ZROH;;13119;3001;0;0010
260711VA;000010084174;REL - Released;2026-07-11 00:00:00;2026-07-04 00:00:00;2026-07-18 00:00:00;32091;260711VA;RS/R60D10PQ_S;RS*R60D10PQ;Dụng cụ mở đường vào động mạch;Dụng cụ mở đường vào động mạch;;;IK;13119;0;0;0;RS34M6005V-1;RS34M6005V-1;RS LABEL MULTI 6FR 5 SET TVC;RS nhãn đa ngôn ngữ 6Fr 5 Set TVC;ZROH;;2624;3001;0;0020
260711VA;000010084174;REL - Released;2026-07-11 00:00:00;2026-07-04 00:00:00;2026-07-18 00:00:00;32091;260711VA;RS/R60D10PQ_S;RS*R60D10PQ;Dụng cụ mở đường vào động mạch;Dụng cụ mở đường vào động mạch;;;IK;13119;0;0;0;RS34M20V-01;RS34M20V-01;SHIPPING BOX LABEL M26;Nhãn thùng xuất xưởng M26;ZROH;;1312;3001;0;0030
260711VA;000010084174;REL - Released;2026-07-11 00:00:00;2026-07-04 00:00:00;2026-07-18 00:00:00;32091;260711VA;RS/R60D10PQ_S;RS*R60D10PQ;Dụng cụ mở đường vào động mạch;Dụng cụ mở đường vào động mạch;;;IK;13119;0;0;0;RS30XGTS1V-1;RS30XGTS1V-1;TYVEK PEELPACK M26 (TRAY S);Túi đóng gói Tyvek (có khay S);ZROH;;13119;3001;0;0040
260711VA;000010084174;REL - Released;2026-07-11 00:00:00;2026-07-04 00:00:00;2026-07-18 00:00:00;32091;260711VA;RS/R60D10PQ_S;RS*R60D10PQ;Dụng cụ mở đường vào động mạch;Dụng cụ mở đường vào động mạch;;;IK;13119;0;0;0;RS36M805SV-1;RS36M805SV-1;RS 5 SET M26 TRAY S TVC;RS 5set M26 khay S TVC;ZROH;;2624;3001;0;0050
260711VA;000010084174;REL - Released;2026-07-11 00:00:00;2026-07-04 00:00:00;2026-07-18 00:00:00;32091;260711VA;RS/R60D10PQ_S;RS*R60D10PQ;Dụng cụ mở đường vào động mạch;Dụng cụ mở đường vào động mạch;;;IK;13119;0;0;0;RS37E002V;RS37E002V;RS MULTI 20 SET TRAY S TVC;RS đa ngôn ngữ 20 set khay S TVC;ZROH;;656;3001;0;0060
260711VA;000010084174;REL - Released;2026-07-11 00:00:00;2026-07-04 00:00:00;2026-07-18 00:00:00;32091;260711VA;RS/R60D10PQ_S;RS*R60D10PQ;Dụng cụ mở đường vào động mạch;Dụng cụ mở đường vào động mạch;;;IK;13119;0;0;0;RS33M013V-01;RS33M013V-01;IFU RS M26 METAL NEEDLE TVC;HDSD RS M26 kim luồn kim loại TVC;ZROH;;2624;3001;0;0070
260711VA;000010084174;REL - Released;2026-07-11 00:00:00;2026-07-04 00:00:00;2026-07-18 00:00:00;32091;260711VA;RS/R60D10PQ_S;RS*R60D10PQ;Dụng cụ mở đường vào động mạch;Dụng cụ mở đường vào động mạch;;;IK;13119;0;0;0;MSR60D10PQ;MSR60D10PQ;Bộ dây dẫn mini;Bộ dây dẫn mini;ZHAL;;13119;3001;0;0080
260711VA;000010084174;REL - Released;2026-07-11 00:00:00;2026-07-04 00:00:00;2026-07-18 00:00:00;32091;260711VA;RS/R60D10PQ_S;RS*R60D10PQ;Dụng cụ mở đường vào động mạch;Dụng cụ mở đường vào động mạch;;;IK;13119;0;0;0;RS60E06010;RS60E06010;RS*lắp ráp 6FR 10CM;RS*lắp ráp 6FR 10CM;ZHAL;;13119;3001;0;0090
260711VA;000010084174;REL - Released;2026-07-11 00:00:00;2026-07-04 00:00:00;2026-07-18 00:00:00;32091;260711VA;RS/R60D10PQ_S;RS*R60D10PQ;Dụng cụ mở đường vào động mạch;Dụng cụ mở đường vào động mạch;;;IK;13119;0;0;0;RS25C60D10W;RS25C60D10W;RS que nong C60D10;RS que nong C60D10;ZHAL;;13119;3001;0;0100
260711VA;000010084174;REL - Released;2026-07-11 00:00:00;2026-07-04 00:00:00;2026-07-18 00:00:00;32091;260711VA;RS/R60D10PQ_S;RS*R60D10PQ;Dụng cụ mở đường vào động mạch;Dụng cụ mở đường vào động mạch;;;IK;13119;0;0;0;RS08X2135PVA;RS08X2135PVA;IK METAL NEEDLE 21G TVC;IK Kim luồn kim loại 21G TVC;ZROH;;13119;3001;0;0110
260711VA;000010084174;REL - Released;2026-07-11 00:00:00;2026-07-04 00:00:00;2026-07-18 00:00:00;32091;260711VA;RS/R60D10PQ_S;RS*R60D10PQ;Dụng cụ mở đường vào động mạch;Dụng cụ mở đường vào động mạch;;;IK;13119;0;0;0;RS32X110V;RS32X110V;STANDARD TRAY S;KHAY ĐỠ LOẠI S;ZROH;;13119;3001;0;0120
260711A;000010084175;REL - Released;2026-07-11 00:00:00;2026-07-04 00:00:00;2026-07-18 00:00:00;32091;260711A;RS+B60K10MQ_S;RS+B60K10MQ;Introducer II H;Introducer II H;;;IK;13119;0;0;0;RS34M6001V-1;RS34M6001V-1;LABEL RS 6FR M26 1SET TVC;NHÃN RS 6Fr M26 Dùng cho 1 set TVC;ZROH;;13119;3001;0;0010
260711A;000010084175;REL - Released;2026-07-11 00:00:00;2026-07-04 00:00:00;2026-07-18 00:00:00;32091;260711A;RS+B60K10MQ_S;RS+B60K10MQ;Introducer II H;Introducer II H;;;IK;13119;0;0;0;RS34M6005V-1;RS34M6005V-1;RS LABEL MULTI 6FR 5 SET TVC;RS nhãn đa ngôn ngữ 6Fr 5 Set TVC;ZROH;;2624;3001;0;0020
260711A;000010084175;REL - Released;2026-07-11 00:00:00;2026-07-04 00:00:00;2026-07-18 00:00:00;32091;260711A;RS+B60K10MQ_S;RS+B60K10MQ;Introducer II H;Introducer II H;;;IK;13119;0;0;0;RS34M20V-01;RS34M20V-01;SHIPPING BOX LABEL M26;Nhãn thùng xuất xưởng M26;ZROH;;1312;3001;0;0030
260711A;000010084175;REL - Released;2026-07-11 00:00:00;2026-07-04 00:00:00;2026-07-18 00:00:00;32091;260711A;RS+B60K10MQ_S;RS+B60K10MQ;Introducer II H;Introducer II H;;;IK;13119;0;0;0;RS30XGTS1V-1;RS30XGTS1V-1;TYVEK PEELPACK M26 (TRAY S);Túi đóng gói Tyvek (có khay S);ZROH;;13119;3001;0;0040
260711A;000010084175;REL - Released;2026-07-11 00:00:00;2026-07-04 00:00:00;2026-07-18 00:00:00;32091;260711A;RS+B60K10MQ_S;RS+B60K10MQ;Introducer II H;Introducer II H;;;IK;13119;0;0;0;RS36M805SV-1;RS36M805SV-1;RS 5 SET M26 TRAY S TVC;RS 5set M26 khay S TVC;ZROH;;2624;3001;0;0050
260711A;000010084175;REL - Released;2026-07-11 00:00:00;2026-07-04 00:00:00;2026-07-18 00:00:00;32091;260711A;RS+B60K10MQ_S;RS+B60K10MQ;Introducer II H;Introducer II H;;;IK;13119;0;0;0;RS37E002V;RS37E002V;RS MULTI 20 SET TRAY S TVC;RS đa ngôn ngữ 20 set khay S TVC;ZROH;;656;3001;0;0060
260711A;000010084175;REL - Released;2026-07-11 00:00:00;2026-07-04 00:00:00;2026-07-18 00:00:00;32091;260711A;RS+B60K10MQ_S;RS+B60K10MQ;Introducer II H;Introducer II H;;;IK;13119;0;0;0;RS33M021V-02;RS33M021V-02;IFU RS M26 TRAY/POUCH TVC;HDSD RS M26 có khay, không khay TVC;ZROH;;2624;3001;0;0070
260711A;000010084175;REL - Released;2026-07-11 00:00:00;2026-07-04 00:00:00;2026-07-18 00:00:00;32091;260711A;RS+B60K10MQ_S;RS+B60K10MQ;Introducer II H;Introducer II H;;;IK;13119;0;0;0;MSB60K10MQ;MSB60K10MQ;Bộ dây dẫn mini;Bộ dây dẫn mini;ZHAL;;13119;3001;0;0080
260711A;000010084175;REL - Released;2026-07-11 00:00:00;2026-07-04 00:00:00;2026-07-18 00:00:00;32091;260711A;RS+B60K10MQ_S;RS+B60K10MQ;Introducer II H;Introducer II H;;;IK;13119;0;0;0;RS60E06010;RS60E06010;RS*lắp ráp 6FR 10CM;RS*lắp ráp 6FR 10CM;ZHAL;;13119;3001;0;0090
260711A;000010084175;REL - Released;2026-07-11 00:00:00;2026-07-04 00:00:00;2026-07-18 00:00:00;32091;260711A;RS+B60K10MQ_S;RS+B60K10MQ;Introducer II H;Introducer II H;;;IK;13119;0;0;0;RS25C60K10W;RS25C60K10W;RS que nong C60K10;RS que nong C60K10;ZHAL;;13119;3001;0;0100
260711A;000010084175;REL - Released;2026-07-11 00:00:00;2026-07-04 00:00:00;2026-07-18 00:00:00;32091;260711A;RS+B60K10MQ_S;RS+B60K10MQ;Introducer II H;Introducer II H;;;IK;13119;0;0;0;RS32X110V;RS32X110V;STANDARD TRAY S;KHAY ĐỠ LOẠI S;ZROH;;13119;3001;0;0110
260711TA;000010084176;REL - Released;2026-07-11 00:00:00;2026-07-04 00:00:00;2026-07-18 00:00:00;32097;260711TA;RS/A50G16SQZ_S;RS*A50G16SQZ;Introducer II H;Introducer II H;;;IK;3019;0;0;0;RS34M5001-N2;RS34M5001-N2;PEEL LABEL 5Fr M26 non CE;Nhãn túi đóng gói 5Fr M26 không CE;ZROH;;3019;3001;0;0010
260711TA;000010084176;REL - Released;2026-07-11 00:00:00;2026-07-04 00:00:00;2026-07-18 00:00:00;32097;260711TA;RS/A50G16SQZ_S;RS*A50G16SQZ;Introducer II H;Introducer II H;;;IK;3019;0;0;0;RS34M5005-N2;RS34M5005-N2;UNIT BOX LABEL 5Fr M26 non CE;Nhãn hộp đơn vị 5Fr M26 không CE;ZROH;;604;3001;0;0020
260711TA;000010084176;REL - Released;2026-07-11 00:00:00;2026-07-04 00:00:00;2026-07-18 00:00:00;32097;260711TA;RS/A50G16SQZ_S;RS*A50G16SQZ;Introducer II H;Introducer II H;;;IK;3019;0;0;0;RS34M20-N2;RS34M20-N2;SHIPPING BOX LABEL M26 non CE;Nhãn thùng xuất xưởng M26 không CE;ZROH;;302;3001;0;0030
260711TA;000010084176;REL - Released;2026-07-11 00:00:00;2026-07-04 00:00:00;2026-07-18 00:00:00;32097;260711TA;RS/A50G16SQZ_S;RS*A50G16SQZ;Introducer II H;Introducer II H;;;IK;3019;0;0;0;RS30XGTL1V-1;RS30XGTL1V-1;TYVEK PEELPACK M26 (TRAY L);Túi đóng gói Tyvek (có khay L);ZROH;;3019;3001;0;0040
260711TA;000010084176;REL - Released;2026-07-11 00:00:00;2026-07-04 00:00:00;2026-07-18 00:00:00;32097;260711TA;RS/A50G16SQZ_S;RS*A50G16SQZ;Introducer II H;Introducer II H;;;IK;3019;0;0;0;RS36M805LV-1;RS36M805LV-1;RS 5 SET M26 TRAY L TVC;RS 5set M26 khay L TVC;ZROH;;604;3001;0;0050
260711TA;000010084176;REL - Released;2026-07-11 00:00:00;2026-07-04 00:00:00;2026-07-18 00:00:00;32097;260711TA;RS/A50G16SQZ_S;RS*A50G16SQZ;Introducer II H;Introducer II H;;;IK;3019;0;0;0;RS37E003V;RS37E003V;RS MULTI 20 SET TRAY L TVC;RS đa ngôn ngữ 20 set khay L TVC;ZROH;;151;3001;0;0060
260711TA;000010084176;REL - Released;2026-07-11 00:00:00;2026-07-04 00:00:00;2026-07-18 00:00:00;32097;260711TA;RS/A50G16SQZ_S;RS*A50G16SQZ;Introducer II H;Introducer II H;;;IK;3019;0;0;0;RS33M021NV-1;RS33M021NV-1;IFU M26 TRAY/POUCH Non CE;HDSD M26 có khay/không khay (không CE);ZROH;;604;3001;0;0070
260711TA;000010084176;REL - Released;2026-07-11 00:00:00;2026-07-04 00:00:00;2026-07-18 00:00:00;32097;260711TA;RS/A50G16SQZ_S;RS*A50G16SQZ;Introducer II H;Introducer II H;;;IK;3019;0;0;0;MSA50G16SQZY;MSA50G16SQZY;Bộ dây dẫn mini;Bộ dây dẫn mini;ZHAL;;3019;3001;0;0080
260711TA;000010084176;REL - Released;2026-07-11 00:00:00;2026-07-04 00:00:00;2026-07-18 00:00:00;32097;260711TA;RS/A50G16SQZ_S;RS*A50G16SQZ;Introducer II H;Introducer II H;;;IK;3019;0;0;0;RS60E05016;RS60E05016;RS*lắp ráp 5FR 16CM;RS*lắp ráp 5FR 16CM;ZHAL;;3019;3001;0;0090
260711TA;000010084176;REL - Released;2026-07-11 00:00:00;2026-07-04 00:00:00;2026-07-18 00:00:00;32097;260711TA;RS/A50G16SQZ_S;RS*A50G16SQZ;Introducer II H;Introducer II H;;;IK;3019;0;0;0;RS25E50G16W;RS25E50G16W;RS que nong E50G16;RS que nong E50G16;ZHAL;;3019;3001;0;0100
260711TA;000010084176;REL - Released;2026-07-11 00:00:00;2026-07-04 00:00:00;2026-07-18 00:00:00;32097;260711TA;RS/A50G16SQZ_S;RS*A50G16SQZ;Introducer II H;Introducer II H;;;IK;3019;0;0;0;SS50X050ZV;SS50X050ZV;CYLINDER SS-02SZ;XI LANH SS-02SZ;ZROH;;3019;3001;0;0110
260711TA;000010084176;REL - Released;2026-07-11 00:00:00;2026-07-04 00:00:00;2026-07-18 00:00:00;32097;260711TA;RS/A50G16SQZ_S;RS*A50G16SQZ;Introducer II H;Introducer II H;;;IK;3019;0;0;0;SC55S2032BV;SC55S2032BV;NON STERILE PARTS FS2032;KIM LUỒN FS2032;ZROH;;3019;3001;0;0120
260711TA;000010084176;REL - Released;2026-07-11 00:00:00;2026-07-04 00:00:00;2026-07-18 00:00:00;32097;260711TA;RS/A50G16SQZ_S;RS*A50G16SQZ;Introducer II H;Introducer II H;;;IK;3019;0;0;0;RS06X003V;RS06X003V;TVC KAI SURGICAL KNIFE;Dao rạch KAI TVC;ZROH;;3019;3001;0;0130
260711TA;000010084176;REL - Released;2026-07-11 00:00:00;2026-07-04 00:00:00;2026-07-18 00:00:00;32097;260711TA;RS/A50G16SQZ_S;RS*A50G16SQZ;Introducer II H;Introducer II H;;;IK;3019;0;0;0;RS32X111V;RS32X111V;STANDARD TRAY L;KHAY ĐỠ LOẠI L;ZROH;;3019;3001;0;0140
260711TB;000010084177;REL - Released;2026-07-11 00:00:00;2026-07-04 00:00:00;2026-07-18 00:00:00;32097;260711TB;RS/A50G16SQZ_S;RS*A50G16SQZ;Introducer II H;Introducer II H;;;IK;3019;0;0;0;RS34M5001-N2;RS34M5001-N2;PEEL LABEL 5Fr M26 non CE;Nhãn túi đóng gói 5Fr M26 không CE;ZROH;;3019;3001;0;0010
260711TB;000010084177;REL - Released;2026-07-11 00:00:00;2026-07-04 00:00:00;2026-07-18 00:00:00;32097;260711TB;RS/A50G16SQZ_S;RS*A50G16SQZ;Introducer II H;Introducer II H;;;IK;3019;0;0;0;RS34M5005-N2;RS34M5005-N2;UNIT BOX LABEL 5Fr M26 non CE;Nhãn hộp đơn vị 5Fr M26 không CE;ZROH;;604;3001;0;0020
260711TB;000010084177;REL - Released;2026-07-11 00:00:00;2026-07-04 00:00:00;2026-07-18 00:00:00;32097;260711TB;RS/A50G16SQZ_S;RS*A50G16SQZ;Introducer II H;Introducer II H;;;IK;3019;0;0;0;RS34M20-N2;RS34M20-N2;SHIPPING BOX LABEL M26 non CE;Nhãn thùng xuất xưởng M26 không CE;ZROH;;302;3001;0;0030
260711TB;000010084177;REL - Released;2026-07-11 00:00:00;2026-07-04 00:00:00;2026-07-18 00:00:00;32097;260711TB;RS/A50G16SQZ_S;RS*A50G16SQZ;Introducer II H;Introducer II H;;;IK;3019;0;0;0;RS30XGTL1V-1;RS30XGTL1V-1;TYVEK PEELPACK M26 (TRAY L);Túi đóng gói Tyvek (có khay L);ZROH;;3019;3001;0;0040
260711TB;000010084177;REL - Released;2026-07-11 00:00:00;2026-07-04 00:00:00;2026-07-18 00:00:00;32097;260711TB;RS/A50G16SQZ_S;RS*A50G16SQZ;Introducer II H;Introducer II H;;;IK;3019;0;0;0;RS36M805LV-1;RS36M805LV-1;RS 5 SET M26 TRAY L TVC;RS 5set M26 khay L TVC;ZROH;;604;3001;0;0050
260711TB;000010084177;REL - Released;2026-07-11 00:00:00;2026-07-04 00:00:00;2026-07-18 00:00:00;32097;260711TB;RS/A50G16SQZ_S;RS*A50G16SQZ;Introducer II H;Introducer II H;;;IK;3019;0;0;0;RS37E003V;RS37E003V;RS MULTI 20 SET TRAY L TVC;RS đa ngôn ngữ 20 set khay L TVC;ZROH;;151;3001;0;0060
260711TB;000010084177;REL - Released;2026-07-11 00:00:00;2026-07-04 00:00:00;2026-07-18 00:00:00;32097;260711TB;RS/A50G16SQZ_S;RS*A50G16SQZ;Introducer II H;Introducer II H;;;IK;3019;0;0;0;RS33M021NV-1;RS33M021NV-1;IFU M26 TRAY/POUCH Non CE;HDSD M26 có khay/không khay (không CE);ZROH;;604;3001;0;0070
260711TB;000010084177;REL - Released;2026-07-11 00:00:00;2026-07-04 00:00:00;2026-07-18 00:00:00;32097;260711TB;RS/A50G16SQZ_S;RS*A50G16SQZ;Introducer II H;Introducer II H;;;IK;3019;0;0;0;MSA50G16SQZY;MSA50G16SQZY;Bộ dây dẫn mini;Bộ dây dẫn mini;ZHAL;;3019;3001;0;0080
260711TB;000010084177;REL - Released;2026-07-11 00:00:00;2026-07-04 00:00:00;2026-07-18 00:00:00;32097;260711TB;RS/A50G16SQZ_S;RS*A50G16SQZ;Introducer II H;Introducer II H;;;IK;3019;0;0;0;RS60E05016;RS60E05016;RS*lắp ráp 5FR 16CM;RS*lắp ráp 5FR 16CM;ZHAL;;3019;3001;0;0090
260711TB;000010084177;REL - Released;2026-07-11 00:00:00;2026-07-04 00:00:00;2026-07-18 00:00:00;32097;260711TB;RS/A50G16SQZ_S;RS*A50G16SQZ;Introducer II H;Introducer II H;;;IK;3019;0;0;0;RS25E50G16W;RS25E50G16W;RS que nong E50G16;RS que nong E50G16;ZHAL;;3019;3001;0;0100
260711TB;000010084177;REL - Released;2026-07-11 00:00:00;2026-07-04 00:00:00;2026-07-18 00:00:00;32097;260711TB;RS/A50G16SQZ_S;RS*A50G16SQZ;Introducer II H;Introducer II H;;;IK;3019;0;0;0;SS50X050ZV;SS50X050ZV;CYLINDER SS-02SZ;XI LANH SS-02SZ;ZROH;;3019;3001;0;0110
260711TB;000010084177;REL - Released;2026-07-11 00:00:00;2026-07-04 00:00:00;2026-07-18 00:00:00;32097;260711TB;RS/A50G16SQZ_S;RS*A50G16SQZ;Introducer II H;Introducer II H;;;IK;3019;0;0;0;SC55S2032BV;SC55S2032BV;NON STERILE PARTS FS2032;KIM LUỒN FS2032;ZROH;;3019;3001;0;0120
260711TB;000010084177;REL - Released;2026-07-11 00:00:00;2026-07-04 00:00:00;2026-07-18 00:00:00;32097;260711TB;RS/A50G16SQZ_S;RS*A50G16SQZ;Introducer II H;Introducer II H;;;IK;3019;0;0;0;RS06X003V;RS06X003V;TVC KAI SURGICAL KNIFE;Dao rạch KAI TVC;ZROH;;3019;3001;0;0130
260711TB;000010084177;REL - Released;2026-07-11 00:00:00;2026-07-04 00:00:00;2026-07-18 00:00:00;32097;260711TB;RS/A50G16SQZ_S;RS*A50G16SQZ;Introducer II H;Introducer II H;;;IK;3019;0;0;0;RS32X111V;RS32X111V;STANDARD TRAY L;KHAY ĐỠ LOẠI L;ZROH;;3019;3001;0;0140
260711TA;000010084178;REL - Released;2026-07-11 00:00:00;2026-07-04 00:00:00;2026-07-18 00:00:00;32097;260711TA;RS/A60G16SQZ_S;RS*A60G16SQZ;Introducer II H;Introducer II H;;;IK;4319;0;0;0;RS34M6001-N2;RS34M6001-N2;PEEL LABEL 6Fr M26 non CE;Nhãn túi đóng gói 6Fr M26 không CE;ZROH;;4319;3001;0;0010
260711TA;000010084178;REL - Released;2026-07-11 00:00:00;2026-07-04 00:00:00;2026-07-18 00:00:00;32097;260711TA;RS/A60G16SQZ_S;RS*A60G16SQZ;Introducer II H;Introducer II H;;;IK;4319;0;0;0;RS34M6005-N2;RS34M6005-N2;UNIT BOX LABEL 6Fr M26 non CE;Nhãn hộp đơn vị 6Fr M26 không CE;ZROH;;864;3001;0;0020
260711TA;000010084178;REL - Released;2026-07-11 00:00:00;2026-07-04 00:00:00;2026-07-18 00:00:00;32097;260711TA;RS/A60G16SQZ_S;RS*A60G16SQZ;Introducer II H;Introducer II H;;;IK;4319;0;0;0;RS34M20-N2;RS34M20-N2;SHIPPING BOX LABEL M26 non CE;Nhãn thùng xuất xưởng M26 không CE;ZROH;;432;3001;0;0030
260711TA;000010084178;REL - Released;2026-07-11 00:00:00;2026-07-04 00:00:00;2026-07-18 00:00:00;32097;260711TA;RS/A60G16SQZ_S;RS*A60G16SQZ;Introducer II H;Introducer II H;;;IK;4319;0;0;0;RS30XGTL1V-1;RS30XGTL1V-1;TYVEK PEELPACK M26 (TRAY L);Túi đóng gói Tyvek (có khay L);ZROH;;4319;3001;0;0040
260711TA;000010084178;REL - Released;2026-07-11 00:00:00;2026-07-04 00:00:00;2026-07-18 00:00:00;32097;260711TA;RS/A60G16SQZ_S;RS*A60G16SQZ;Introducer II H;Introducer II H;;;IK;4319;0;0;0;RS36M805LV-1;RS36M805LV-1;RS 5 SET M26 TRAY L TVC;RS 5set M26 khay L TVC;ZROH;;864;3001;0;0050
260711TA;000010084178;REL - Released;2026-07-11 00:00:00;2026-07-04 00:00:00;2026-07-18 00:00:00;32097;260711TA;RS/A60G16SQZ_S;RS*A60G16SQZ;Introducer II H;Introducer II H;;;IK;4319;0;0;0;RS37E003V;RS37E003V;RS MULTI 20 SET TRAY L TVC;RS đa ngôn ngữ 20 set khay L TVC;ZROH;;216;3001;0;0060
260711TA;000010084178;REL - Released;2026-07-11 00:00:00;2026-07-04 00:00:00;2026-07-18 00:00:00;32097;260711TA;RS/A60G16SQZ_S;RS*A60G16SQZ;Introducer II H;Introducer II H;;;IK;4319;0;0;0;RS33M021NV-1;RS33M021NV-1;IFU M26 TRAY/POUCH Non CE;HDSD M26 có khay/không khay (không CE);ZROH;;864;3001;0;0070
260711TA;000010084178;REL - Released;2026-07-11 00:00:00;2026-07-04 00:00:00;2026-07-18 00:00:00;32097;260711TA;RS/A60G16SQZ_S;RS*A60G16SQZ;Introducer II H;Introducer II H;;;IK;4319;0;0;0;MSA60G16SQZY;MSA60G16SQZY;Bộ dây dẫn mini;Bộ dây dẫn mini;ZHAL;;4319;3001;0;0080
260711TA;000010084178;REL - Released;2026-07-11 00:00:00;2026-07-04 00:00:00;2026-07-18 00:00:00;32097;260711TA;RS/A60G16SQZ_S;RS*A60G16SQZ;Introducer II H;Introducer II H;;;IK;4319;0;0;0;RS60E06016;RS60E06016;RS*lắp ráp 6FR 16CM;RS*lắp ráp 6FR 16CM;ZHAL;;4319;3001;0;0090
260711TA;000010084178;REL - Released;2026-07-11 00:00:00;2026-07-04 00:00:00;2026-07-18 00:00:00;32097;260711TA;RS/A60G16SQZ_S;RS*A60G16SQZ;Introducer II H;Introducer II H;;;IK;4319;0;0;0;RS25C60G16W;RS25C60G16W;RS que nong C60G16;RS que nong C60G16;ZHAL;;4319;3001;0;0100
260711TA;000010084178;REL - Released;2026-07-11 00:00:00;2026-07-04 00:00:00;2026-07-18 00:00:00;32097;260711TA;RS/A60G16SQZ_S;RS*A60G16SQZ;Introducer II H;Introducer II H;;;IK;4319;0;0;0;SS50X050ZV;SS50X050ZV;CYLINDER SS-02SZ;XI LANH SS-02SZ;ZROH;;4319;3001;0;0110
260711TA;000010084178;REL - Released;2026-07-11 00:00:00;2026-07-04 00:00:00;2026-07-18 00:00:00;32097;260711TA;RS/A60G16SQZ_S;RS*A60G16SQZ;Introducer II H;Introducer II H;;;IK;4319;0;0;0;SC55S2032BV;SC55S2032BV;NON STERILE PARTS FS2032;KIM LUỒN FS2032;ZROH;;4319;3001;0;0120
260711TA;000010084178;REL - Released;2026-07-11 00:00:00;2026-07-04 00:00:00;2026-07-18 00:00:00;32097;260711TA;RS/A60G16SQZ_S;RS*A60G16SQZ;Introducer II H;Introducer II H;;;IK;4319;0;0;0;RS06X003V;RS06X003V;TVC KAI SURGICAL KNIFE;Dao rạch KAI TVC;ZROH;;4319;3001;0;0130
260711TA;000010084178;REL - Released;2026-07-11 00:00:00;2026-07-04 00:00:00;2026-07-18 00:00:00;32097;260711TA;RS/A60G16SQZ_S;RS*A60G16SQZ;Introducer II H;Introducer II H;;;IK;4319;0;0;0;RS32X111V;RS32X111V;STANDARD TRAY L;KHAY ĐỠ LOẠI L;ZROH;;4319;3001;0;0140
260711TB;000010084179;REL - Released;2026-07-11 00:00:00;2026-07-04 00:00:00;2026-07-18 00:00:00;32097;260711TB;RS/A60G16SQZ_S;RS*A60G16SQZ;Introducer II H;Introducer II H;;;IK;4319;0;0;0;RS34M6001-N2;RS34M6001-N2;PEEL LABEL 6Fr M26 non CE;Nhãn túi đóng gói 6Fr M26 không CE;ZROH;;4319;3001;0;0010
260711TB;000010084179;REL - Released;2026-07-11 00:00:00;2026-07-04 00:00:00;2026-07-18 00:00:00;32097;260711TB;RS/A60G16SQZ_S;RS*A60G16SQZ;Introducer II H;Introducer II H;;;IK;4319;0;0;0;RS34M6005-N2;RS34M6005-N2;UNIT BOX LABEL 6Fr M26 non CE;Nhãn hộp đơn vị 6Fr M26 không CE;ZROH;;864;3001;0;0020
260711TB;000010084179;REL - Released;2026-07-11 00:00:00;2026-07-04 00:00:00;2026-07-18 00:00:00;32097;260711TB;RS/A60G16SQZ_S;RS*A60G16SQZ;Introducer II H;Introducer II H;;;IK;4319;0;0;0;RS34M20-N2;RS34M20-N2;SHIPPING BOX LABEL M26 non CE;Nhãn thùng xuất xưởng M26 không CE;ZROH;;432;3001;0;0030
260711TB;000010084179;REL - Released;2026-07-11 00:00:00;2026-07-04 00:00:00;2026-07-18 00:00:00;32097;260711TB;RS/A60G16SQZ_S;RS*A60G16SQZ;Introducer II H;Introducer II H;;;IK;4319;0;0;0;RS30XGTL1V-1;RS30XGTL1V-1;TYVEK PEELPACK M26 (TRAY L);Túi đóng gói Tyvek (có khay L);ZROH;;4319;3001;0;0040
260711TB;000010084179;REL - Released;2026-07-11 00:00:00;2026-07-04 00:00:00;2026-07-18 00:00:00;32097;260711TB;RS/A60G16SQZ_S;RS*A60G16SQZ;Introducer II H;Introducer II H;;;IK;4319;0;0;0;RS36M805LV-1;RS36M805LV-1;RS 5 SET M26 TRAY L TVC;RS 5set M26 khay L TVC;ZROH;;864;3001;0;0050
260711TB;000010084179;REL - Released;2026-07-11 00:00:00;2026-07-04 00:00:00;2026-07-18 00:00:00;32097;260711TB;RS/A60G16SQZ_S;RS*A60G16SQZ;Introducer II H;Introducer II H;;;IK;4319;0;0;0;RS37E003V;RS37E003V;RS MULTI 20 SET TRAY L TVC;RS đa ngôn ngữ 20 set khay L TVC;ZROH;;216;3001;0;0060
260711TB;000010084179;REL - Released;2026-07-11 00:00:00;2026-07-04 00:00:00;2026-07-18 00:00:00;32097;260711TB;RS/A60G16SQZ_S;RS*A60G16SQZ;Introducer II H;Introducer II H;;;IK;4319;0;0;0;RS33M021NV-1;RS33M021NV-1;IFU M26 TRAY/POUCH Non CE;HDSD M26 có khay/không khay (không CE);ZROH;;864;3001;0;0070
260711TB;000010084179;REL - Released;2026-07-11 00:00:00;2026-07-04 00:00:00;2026-07-18 00:00:00;32097;260711TB;RS/A60G16SQZ_S;RS*A60G16SQZ;Introducer II H;Introducer II H;;;IK;4319;0;0;0;MSA60G16SQZY;MSA60G16SQZY;Bộ dây dẫn mini;Bộ dây dẫn mini;ZHAL;;4319;3001;0;0080
260711TB;000010084179;REL - Released;2026-07-11 00:00:00;2026-07-04 00:00:00;2026-07-18 00:00:00;32097;260711TB;RS/A60G16SQZ_S;RS*A60G16SQZ;Introducer II H;Introducer II H;;;IK;4319;0;0;0;RS60E06016;RS60E06016;RS*lắp ráp 6FR 16CM;RS*lắp ráp 6FR 16CM;ZHAL;;4319;3001;0;0090
260711TB;000010084179;REL - Released;2026-07-11 00:00:00;2026-07-04 00:00:00;2026-07-18 00:00:00;32097;260711TB;RS/A60G16SQZ_S;RS*A60G16SQZ;Introducer II H;Introducer II H;;;IK;4319;0;0;0;RS25C60G16W;RS25C60G16W;RS que nong C60G16;RS que nong C60G16;ZHAL;;4319;3001;0;0100
260711TB;000010084179;REL - Released;2026-07-11 00:00:00;2026-07-04 00:00:00;2026-07-18 00:00:00;32097;260711TB;RS/A60G16SQZ_S;RS*A60G16SQZ;Introducer II H;Introducer II H;;;IK;4319;0;0;0;SS50X050ZV;SS50X050ZV;CYLINDER SS-02SZ;XI LANH SS-02SZ;ZROH;;4319;3001;0;0110
260711TB;000010084179;REL - Released;2026-07-11 00:00:00;2026-07-04 00:00:00;2026-07-18 00:00:00;32097;260711TB;RS/A60G16SQZ_S;RS*A60G16SQZ;Introducer II H;Introducer II H;;;IK;4319;0;0;0;SC55S2032BV;SC55S2032BV;NON STERILE PARTS FS2032;KIM LUỒN FS2032;ZROH;;4319;3001;0;0120
260711TB;000010084179;REL - Released;2026-07-11 00:00:00;2026-07-04 00:00:00;2026-07-18 00:00:00;32097;260711TB;RS/A60G16SQZ_S;RS*A60G16SQZ;Introducer II H;Introducer II H;;;IK;4319;0;0;0;RS06X003V;RS06X003V;TVC KAI SURGICAL KNIFE;Dao rạch KAI TVC;ZROH;;4319;3001;0;0130
260711TB;000010084179;REL - Released;2026-07-11 00:00:00;2026-07-04 00:00:00;2026-07-18 00:00:00;32097;260711TB;RS/A60G16SQZ_S;RS*A60G16SQZ;Introducer II H;Introducer II H;;;IK;4319;0;0;0;RS32X111V;RS32X111V;STANDARD TRAY L;KHAY ĐỠ LOẠI L;ZROH;;4319;3001;0;0140
260711TC;000010084180;REL - Released;2026-07-11 00:00:00;2026-07-04 00:00:00;2026-07-18 00:00:00;32097;260711TC;RS/A60G16SQZ_S;RS*A60G16SQZ;Introducer II H;Introducer II H;;;IK;4319;0;0;0;RS34M6001-N2;RS34M6001-N2;PEEL LABEL 6Fr M26 non CE;Nhãn túi đóng gói 6Fr M26 không CE;ZROH;;4319;3001;0;0010
260711TC;000010084180;REL - Released;2026-07-11 00:00:00;2026-07-04 00:00:00;2026-07-18 00:00:00;32097;260711TC;RS/A60G16SQZ_S;RS*A60G16SQZ;Introducer II H;Introducer II H;;;IK;4319;0;0;0;RS34M6005-N2;RS34M6005-N2;UNIT BOX LABEL 6Fr M26 non CE;Nhãn hộp đơn vị 6Fr M26 không CE;ZROH;;864;3001;0;0020
260711TC;000010084180;REL - Released;2026-07-11 00:00:00;2026-07-04 00:00:00;2026-07-18 00:00:00;32097;260711TC;RS/A60G16SQZ_S;RS*A60G16SQZ;Introducer II H;Introducer II H;;;IK;4319;0;0;0;RS34M20-N2;RS34M20-N2;SHIPPING BOX LABEL M26 non CE;Nhãn thùng xuất xưởng M26 không CE;ZROH;;432;3001;0;0030
260711TC;000010084180;REL - Released;2026-07-11 00:00:00;2026-07-04 00:00:00;2026-07-18 00:00:00;32097;260711TC;RS/A60G16SQZ_S;RS*A60G16SQZ;Introducer II H;Introducer II H;;;IK;4319;0;0;0;RS30XGTL1V-1;RS30XGTL1V-1;TYVEK PEELPACK M26 (TRAY L);Túi đóng gói Tyvek (có khay L);ZROH;;4319;3001;0;0040
260711TC;000010084180;REL - Released;2026-07-11 00:00:00;2026-07-04 00:00:00;2026-07-18 00:00:00;32097;260711TC;RS/A60G16SQZ_S;RS*A60G16SQZ;Introducer II H;Introducer II H;;;IK;4319;0;0;0;RS36M805LV-1;RS36M805LV-1;RS 5 SET M26 TRAY L TVC;RS 5set M26 khay L TVC;ZROH;;864;3001;0;0050
260711TC;000010084180;REL - Released;2026-07-11 00:00:00;2026-07-04 00:00:00;2026-07-18 00:00:00;32097;260711TC;RS/A60G16SQZ_S;RS*A60G16SQZ;Introducer II H;Introducer II H;;;IK;4319;0;0;0;RS37E003V;RS37E003V;RS MULTI 20 SET TRAY L TVC;RS đa ngôn ngữ 20 set khay L TVC;ZROH;;216;3001;0;0060
260711TC;000010084180;REL - Released;2026-07-11 00:00:00;2026-07-04 00:00:00;2026-07-18 00:00:00;32097;260711TC;RS/A60G16SQZ_S;RS*A60G16SQZ;Introducer II H;Introducer II H;;;IK;4319;0;0;0;RS33M021NV-1;RS33M021NV-1;IFU M26 TRAY/POUCH Non CE;HDSD M26 có khay/không khay (không CE);ZROH;;864;3001;0;0070
260711TC;000010084180;REL - Released;2026-07-11 00:00:00;2026-07-04 00:00:00;2026-07-18 00:00:00;32097;260711TC;RS/A60G16SQZ_S;RS*A60G16SQZ;Introducer II H;Introducer II H;;;IK;4319;0;0;0;MSA60G16SQZY;MSA60G16SQZY;Bộ dây dẫn mini;Bộ dây dẫn mini;ZHAL;;4319;3001;0;0080
260711TC;000010084180;REL - Released;2026-07-11 00:00:00;2026-07-04 00:00:00;2026-07-18 00:00:00;32097;260711TC;RS/A60G16SQZ_S;RS*A60G16SQZ;Introducer II H;Introducer II H;;;IK;4319;0;0;0;RS60E06016;RS60E06016;RS*lắp ráp 6FR 16CM;RS*lắp ráp 6FR 16CM;ZHAL;;4319;3001;0;0090
260711TC;000010084180;REL - Released;2026-07-11 00:00:00;2026-07-04 00:00:00;2026-07-18 00:00:00;32097;260711TC;RS/A60G16SQZ_S;RS*A60G16SQZ;Introducer II H;Introducer II H;;;IK;4319;0;0;0;RS25C60G16W;RS25C60G16W;RS que nong C60G16;RS que nong C60G16;ZHAL;;4319;3001;0;0100
260711TC;000010084180;REL - Released;2026-07-11 00:00:00;2026-07-04 00:00:00;2026-07-18 00:00:00;32097;260711TC;RS/A60G16SQZ_S;RS*A60G16SQZ;Introducer II H;Introducer II H;;;IK;4319;0;0;0;SS50X050ZV;SS50X050ZV;CYLINDER SS-02SZ;XI LANH SS-02SZ;ZROH;;4319;3001;0;0110
260711TC;000010084180;REL - Released;2026-07-11 00:00:00;2026-07-04 00:00:00;2026-07-18 00:00:00;32097;260711TC;RS/A60G16SQZ_S;RS*A60G16SQZ;Introducer II H;Introducer II H;;;IK;4319;0;0;0;SC55S2032BV;SC55S2032BV;NON STERILE PARTS FS2032;KIM LUỒN FS2032;ZROH;;4319;3001;0;0120
260711TC;000010084180;REL - Released;2026-07-11 00:00:00;2026-07-04 00:00:00;2026-07-18 00:00:00;32097;260711TC;RS/A60G16SQZ_S;RS*A60G16SQZ;Introducer II H;Introducer II H;;;IK;4319;0;0;0;RS06X003V;RS06X003V;TVC KAI SURGICAL KNIFE;Dao rạch KAI TVC;ZROH;;4319;3001;0;0130
260711TC;000010084180;REL - Released;2026-07-11 00:00:00;2026-07-04 00:00:00;2026-07-18 00:00:00;32097;260711TC;RS/A60G16SQZ_S;RS*A60G16SQZ;Introducer II H;Introducer II H;;;IK;4319;0;0;0;RS32X111V;RS32X111V;STANDARD TRAY L;KHAY ĐỠ LOẠI L;ZROH;;4319;3001;0;0140
260711TD;000010084181;REL - Released;2026-07-11 00:00:00;2026-07-04 00:00:00;2026-07-18 00:00:00;32097;260711TD;RS/A60G16SQZ_S;RS*A60G16SQZ;Introducer II H;Introducer II H;;;IK;4319;0;0;0;RS34M6001-N2;RS34M6001-N2;PEEL LABEL 6Fr M26 non CE;Nhãn túi đóng gói 6Fr M26 không CE;ZROH;;4319;3001;0;0010
260711TD;000010084181;REL - Released;2026-07-11 00:00:00;2026-07-04 00:00:00;2026-07-18 00:00:00;32097;260711TD;RS/A60G16SQZ_S;RS*A60G16SQZ;Introducer II H;Introducer II H;;;IK;4319;0;0;0;RS34M6005-N2;RS34M6005-N2;UNIT BOX LABEL 6Fr M26 non CE;Nhãn hộp đơn vị 6Fr M26 không CE;ZROH;;864;3001;0;0020
260711TD;000010084181;REL - Released;2026-07-11 00:00:00;2026-07-04 00:00:00;2026-07-18 00:00:00;32097;260711TD;RS/A60G16SQZ_S;RS*A60G16SQZ;Introducer II H;Introducer II H;;;IK;4319;0;0;0;RS34M20-N2;RS34M20-N2;SHIPPING BOX LABEL M26 non CE;Nhãn thùng xuất xưởng M26 không CE;ZROH;;432;3001;0;0030
260711TD;000010084181;REL - Released;2026-07-11 00:00:00;2026-07-04 00:00:00;2026-07-18 00:00:00;32097;260711TD;RS/A60G16SQZ_S;RS*A60G16SQZ;Introducer II H;Introducer II H;;;IK;4319;0;0;0;RS30XGTL1V-1;RS30XGTL1V-1;TYVEK PEELPACK M26 (TRAY L);Túi đóng gói Tyvek (có khay L);ZROH;;4319;3001;0;0040
260711TD;000010084181;REL - Released;2026-07-11 00:00:00;2026-07-04 00:00:00;2026-07-18 00:00:00;32097;260711TD;RS/A60G16SQZ_S;RS*A60G16SQZ;Introducer II H;Introducer II H;;;IK;4319;0;0;0;RS36M805LV-1;RS36M805LV-1;RS 5 SET M26 TRAY L TVC;RS 5set M26 khay L TVC;ZROH;;864;3001;0;0050
260711TD;000010084181;REL - Released;2026-07-11 00:00:00;2026-07-04 00:00:00;2026-07-18 00:00:00;32097;260711TD;RS/A60G16SQZ_S;RS*A60G16SQZ;Introducer II H;Introducer II H;;;IK;4319;0;0;0;RS37E003V;RS37E003V;RS MULTI 20 SET TRAY L TVC;RS đa ngôn ngữ 20 set khay L TVC;ZROH;;216;3001;0;0060
260711TD;000010084181;REL - Released;2026-07-11 00:00:00;2026-07-04 00:00:00;2026-07-18 00:00:00;32097;260711TD;RS/A60G16SQZ_S;RS*A60G16SQZ;Introducer II H;Introducer II H;;;IK;4319;0;0;0;RS33M021NV-1;RS33M021NV-1;IFU M26 TRAY/POUCH Non CE;HDSD M26 có khay/không khay (không CE);ZROH;;864;3001;0;0070
260711TD;000010084181;REL - Released;2026-07-11 00:00:00;2026-07-04 00:00:00;2026-07-18 00:00:00;32097;260711TD;RS/A60G16SQZ_S;RS*A60G16SQZ;Introducer II H;Introducer II H;;;IK;4319;0;0;0;MSA60G16SQZY;MSA60G16SQZY;Bộ dây dẫn mini;Bộ dây dẫn mini;ZHAL;;4319;3001;0;0080
260711TD;000010084181;REL - Released;2026-07-11 00:00:00;2026-07-04 00:00:00;2026-07-18 00:00:00;32097;260711TD;RS/A60G16SQZ_S;RS*A60G16SQZ;Introducer II H;Introducer II H;;;IK;4319;0;0;0;RS60E06016;RS60E06016;RS*lắp ráp 6FR 16CM;RS*lắp ráp 6FR 16CM;ZHAL;;4319;3001;0;0090
260711TD;000010084181;REL - Released;2026-07-11 00:00:00;2026-07-04 00:00:00;2026-07-18 00:00:00;32097;260711TD;RS/A60G16SQZ_S;RS*A60G16SQZ;Introducer II H;Introducer II H;;;IK;4319;0;0;0;RS25C60G16W;RS25C60G16W;RS que nong C60G16;RS que nong C60G16;ZHAL;;4319;3001;0;0100
260711TD;000010084181;REL - Released;2026-07-11 00:00:00;2026-07-04 00:00:00;2026-07-18 00:00:00;32097;260711TD;RS/A60G16SQZ_S;RS*A60G16SQZ;Introducer II H;Introducer II H;;;IK;4319;0;0;0;SS50X050ZV;SS50X050ZV;CYLINDER SS-02SZ;XI LANH SS-02SZ;ZROH;;4319;3001;0;0110
260711TD;000010084181;REL - Released;2026-07-11 00:00:00;2026-07-04 00:00:00;2026-07-18 00:00:00;32097;260711TD;RS/A60G16SQZ_S;RS*A60G16SQZ;Introducer II H;Introducer II H;;;IK;4319;0;0;0;SC55S2032BV;SC55S2032BV;NON STERILE PARTS FS2032;KIM LUỒN FS2032;ZROH;;4319;3001;0;0120
260711TD;000010084181;REL - Released;2026-07-11 00:00:00;2026-07-04 00:00:00;2026-07-18 00:00:00;32097;260711TD;RS/A60G16SQZ_S;RS*A60G16SQZ;Introducer II H;Introducer II H;;;IK;4319;0;0;0;RS06X003V;RS06X003V;TVC KAI SURGICAL KNIFE;Dao rạch KAI TVC;ZROH;;4319;3001;0;0130
260711TD;000010084181;REL - Released;2026-07-11 00:00:00;2026-07-04 00:00:00;2026-07-18 00:00:00;32097;260711TD;RS/A60G16SQZ_S;RS*A60G16SQZ;Introducer II H;Introducer II H;;;IK;4319;0;0;0;RS32X111V;RS32X111V;STANDARD TRAY L;KHAY ĐỠ LOẠI L;ZROH;;4319;3001;0;0140
260713G01;000010084182;REL - Released;2026-07-13 00:00:00;2026-07-04 00:00:00;2026-07-20 00:00:00;32060;260713G01;CRS25C60D25W;CRS25C60D25W;Ống q/nong sau cắt  60D25CM;Ống q/nong sau cắt 60D25CM;;;IK;6088;0;0;0;RS92S060A;RS92S060A;BEFORE-CHECK A DILATOR TUBE S6FR;Que nong S6Fr trước kiểm tra A;ZROH;;1522;3001;0;0010
260713G01;000010084183;REL - Released;2026-07-13 00:00:00;2026-07-04 00:00:00;2026-07-20 00:00:00;32065;260713G01;RS25C60D25W;RS25C60D25W;RS que nong C60D25;RS que nong C60D25;;;IK;6088;0;0;0;CRS25C60D25W;CRS25C60D25W;Ống q/nong sau cắt  60D25CM;Ống q/nong sau cắt 60D25CM;ZHAL;;6088;3001;0;0010
260713G01;000010084183;REL - Released;2026-07-13 00:00:00;2026-07-04 00:00:00;2026-07-20 00:00:00;32065;260713G01;RS25C60D25W;RS25C60D25W;RS que nong C60D25;RS que nong C60D25;;;IK;6088;0;0;0;RS27X100V;RS27X100V;DILATOR LOCK PIN A TVC;RS CHỐT QUE NONG LOẠI A TVC;ZROH;;6088;3001;0;0020
260713G01;000010084183;REL - Released;2026-07-13 00:00:00;2026-07-04 00:00:00;2026-07-20 00:00:00;32065;260713G01;RS25C60D25W;RS25C60D25W;RS que nong C60D25;RS que nong C60D25;;;IK;6088;0;0;0;RS00X660EV1;RS00X660EV1;DILATOR HUB 6FR;CHUÔI QUE NONG 6FR;ZROH;;6088;3001;0;0030
260713G01;000010084184;REL - Released;2026-07-13 00:00:00;2026-07-04 00:00:00;2026-07-20 00:00:00;32050;260713G01;CRS26Q6025M;CRS26Q6025M;Ống sheath M sau cắt 6FR25CM;Ống sheath M sau cắt 6FR25CM;;;IK;6354;0;0;0;RS04X261V;RS04X261V;ETFE TUBE (SHEATH) 6FR;ỐNG ETFE (SHEATH) 6FR;ZROH;;2118;3001;0;0010
260713G01;000010084185;REL - Released;2026-07-13 00:00:00;2026-07-04 00:00:00;2026-07-20 00:00:00;32055;260713G01;RS26Q6025M;RS26Q6025M;RS Sheath 0.20 60x25  M;RS Sheath 0.20 60x25 M;;;IK;6354;0;0;0;CRS26Q6025M;CRS26Q6025M;Ống sheath M sau cắt 6FR25CM;Ống sheath M sau cắt 6FR25CM;ZHAL;;6354;3001;0;0010
260713G01;000010084185;REL - Released;2026-07-13 00:00:00;2026-07-04 00:00:00;2026-07-20 00:00:00;32055;260713G01;RS26Q6025M;RS26Q6025M;RS Sheath 0.20 60x25  M;RS Sheath 0.20 60x25 M;;;IK;6354;0;0;0;RS27X006V;RS27X006V;SHEATH LOCK PIN RS 6FR;Chốt sheath RS 6Fr;ZROH;;6354;3001;0;0020
260713G01;000010084186;REL - Released;2026-07-13 00:00:00;2026-07-04 00:00:00;2026-07-20 00:00:00;32070;260713G01;RS60E06025M;RS60E06025M;RS*lắp ráp 6FR 25cm M;RS*lắp ráp 6FR 25cm M;;;IK;6267;0;0;0;RS26Q6025M;RS26Q6025M;RS Sheath 0.20 60x25  M;RS Sheath 0.20 60x25 M;ZHAL;;6267;3001;0;0010
260713G01;000010084186;REL - Released;2026-07-13 00:00:00;2026-07-04 00:00:00;2026-07-20 00:00:00;32070;260713G01;RS60E06025M;RS60E06025M;RS*lắp ráp 6FR 25cm M;RS*lắp ráp 6FR 25cm M;;;IK;6267;0;0;0;RS00X261EV1;RS00X261EV1;SHEATH HOUSING 6FR;SHEATH HOUSING 6FR;ZROH;;6267;3001;0;0020
260713G01;000010084186;REL - Released;2026-07-13 00:00:00;2026-07-04 00:00:00;2026-07-20 00:00:00;32070;260713G01;RS60E06025M;RS60E06025M;RS*lắp ráp 6FR 25cm M;RS*lắp ráp 6FR 25cm M;;;IK;6267;0;0;0;RS00X222KV;RS00X222KV;SHEATH CAP RS A TVC NEW TYPE;Nắp sheath RS A TVC Loại mới;ZROH;;6267;3001;0;0030
260713G01;000010084186;REL - Released;2026-07-13 00:00:00;2026-07-04 00:00:00;2026-07-20 00:00:00;32070;260713G01;RS60E06025M;RS60E06025M;RS*lắp ráp 6FR 25cm M;RS*lắp ráp 6FR 25cm M;;;IK;6267;0;0;0;RS23X000V;RS23X000V;VALVE RFS TVC;Van RFS TVC;ZROH;;6267;3001;0;0040
260713G01;000010084186;REL - Released;2026-07-13 00:00:00;2026-07-04 00:00:00;2026-07-20 00:00:00;32070;260713G01;RS60E06025M;RS60E06025M;RS*lắp ráp 6FR 25cm M;RS*lắp ráp 6FR 25cm M;;;IK;6267;0;0;0;RS00E460EV1;RS00E460EV1;SHEATH SUPPORT 6FR;THÂN ĐỠ SHEATH 6FR;ZROH;;6267;3001;0;0050
260713G01;000010084186;REL - Released;2026-07-13 00:00:00;2026-07-04 00:00:00;2026-07-20 00:00:00;32070;260713G01;RS60E06025M;RS60E06025M;RS*lắp ráp 6FR 25cm M;RS*lắp ráp 6FR 25cm M;;;IK;6267;0;0;0;TS40X511RSVA;TS40X511RSVA;NON STERILE PART 3WAY COCK;VAN TAM THÔNG;ZROH;;6267;3001;0;0060
260713G01;000010084186;REL - Released;2026-07-13 00:00:00;2026-07-04 00:00:00;2026-07-20 00:00:00;32070;260713G01;RS60E06025M;RS60E06025M;RS*lắp ráp 6FR 25cm M;RS*lắp ráp 6FR 25cm M;;;IK;6267;0;0;0;RS90X000V;RS90X000V;Ống Arm;Ống Arm;ZHAL;;6267;3001;0;0070
260713G01;000010084187;REL - Released;2026-07-13 00:00:00;2026-07-04 00:00:00;2026-07-20 00:00:00;32085;260713G01;MMRF6F25PQ;MMRF6F25PQ;Bộ dây dẫn mini M;Bộ dây dẫn mini M;;;IK;3019;0;0;0;RS05X536AIV;RS05X536AIV;SPRING MINI GW 2180;DÂY DẪN MINI SPRING 2180;ZROH;;3019;3001;0;0010
260713G01;000010084187;REL - Released;2026-07-13 00:00:00;2026-07-04 00:00:00;2026-07-20 00:00:00;32085;260713G01;MMRF6F25PQ;MMRF6F25PQ;Bộ dây dẫn mini M;Bộ dây dẫn mini M;;;IK;3019;0;0;0;RG90X0760VB;RG90X0760VB;Ống bọc ngoài xanh 760;Ống bọc ngoài xanh 760;ZHAL;;3019;3001;0;0020
260713G02;000010084188;REL - Released;2026-07-13 00:00:00;2026-07-04 00:00:00;2026-07-20 00:00:00;32085;260713G02;MMRF6F25PQ;MMRF6F25PQ;Bộ dây dẫn mini M;Bộ dây dẫn mini M;;;IK;3019;0;0;0;RS05X536AIV;RS05X536AIV;SPRING MINI GW 2180;DÂY DẪN MINI SPRING 2180;ZROH;;3019;3001;0;0010
260713G02;000010084188;REL - Released;2026-07-13 00:00:00;2026-07-04 00:00:00;2026-07-20 00:00:00;32085;260713G02;MMRF6F25PQ;MMRF6F25PQ;Bộ dây dẫn mini M;Bộ dây dẫn mini M;;;IK;3019;0;0;0;RG90X0760VB;RG90X0760VB;Ống bọc ngoài xanh 760;Ống bọc ngoài xanh 760;ZHAL;;3019;3001;0;0020
260713G01;000010084189;REL - Released;2026-07-13 00:00:00;2026-07-04 00:00:00;2026-07-20 00:00:00;32060;260713G01;CRS25E50A10W;CRS25E50A10W;Ống q/nong sau cắt  50A10CM;Ống q/nong sau cắt 50A10CM;;;IK;13496;0;0;0;RS92S050A;RS92S050A;BEFORE-CHECK A DILATOR TUBE S5FR;Que nong S5Fr trước kiểm tra A;ZROH;;1928;3001;0;0010
260713G01;000010084190;REL - Released;2026-07-13 00:00:00;2026-07-04 00:00:00;2026-07-20 00:00:00;32060;260713G01;CRS25C60A10W;CRS25C60A10W;Ống q/nong sau cắt  60A10CM;Ống q/nong sau cắt 60A10CM;;;IK;13419;0;0;0;RS92S060A;RS92S060A;BEFORE-CHECK A DILATOR TUBE S6FR;Que nong S6Fr trước kiểm tra A;ZROH;;1917;3001;0;0010
260713G01;000010084191;REL - Released;2026-07-13 00:00:00;2026-07-04 00:00:00;2026-07-20 00:00:00;32065;260713G01;RS25E50A10W;RS25E50A10W;RS que nong E50A10;RS que nong E50A10;;;IK;13496;0;0;0;CRS25E50A10W;CRS25E50A10W;Ống q/nong sau cắt  50A10CM;Ống q/nong sau cắt 50A10CM;ZHAL;;13496;3001;0;0010
260713G01;000010084191;REL - Released;2026-07-13 00:00:00;2026-07-04 00:00:00;2026-07-20 00:00:00;32065;260713G01;RS25E50A10W;RS25E50A10W;RS que nong E50A10;RS que nong E50A10;;;IK;13496;0;0;0;RS27X100V;RS27X100V;DILATOR LOCK PIN A TVC;RS CHỐT QUE NONG LOẠI A TVC;ZROH;;13496;3001;0;0020
260713G01;000010084191;REL - Released;2026-07-13 00:00:00;2026-07-04 00:00:00;2026-07-20 00:00:00;32065;260713G01;RS25E50A10W;RS25E50A10W;RS que nong E50A10;RS que nong E50A10;;;IK;13496;0;0;0;RS00X650EV1;RS00X650EV1;DILATOR HUB 5FR;CHUÔI QUE NONG 5FR;ZROH;;13496;3001;0;0030
260713G01;000010084192;REL - Released;2026-07-13 00:00:00;2026-07-04 00:00:00;2026-07-20 00:00:00;32065;260713G01;RS25C60A10W;RS25C60A10W;RS que nong C60A10;RS que nong C60A10;;;IK;13419;0;0;0;CRS25C60A10W;CRS25C60A10W;Ống q/nong sau cắt  60A10CM;Ống q/nong sau cắt 60A10CM;ZHAL;;13419;3001;0;0010
260713G01;000010084192;REL - Released;2026-07-13 00:00:00;2026-07-04 00:00:00;2026-07-20 00:00:00;32065;260713G01;RS25C60A10W;RS25C60A10W;RS que nong C60A10;RS que nong C60A10;;;IK;13419;0;0;0;RS27X100V;RS27X100V;DILATOR LOCK PIN A TVC;RS CHỐT QUE NONG LOẠI A TVC;ZROH;;13419;3001;0;0020
260713G01;000010084192;REL - Released;2026-07-13 00:00:00;2026-07-04 00:00:00;2026-07-20 00:00:00;32065;260713G01;RS25C60A10W;RS25C60A10W;RS que nong C60A10;RS que nong C60A10;;;IK;13419;0;0;0;RS00X660EV1;RS00X660EV1;DILATOR HUB 6FR;CHUÔI QUE NONG 6FR;ZROH;;13419;3001;0;0030
260713G01;000010084193;REL - Released;2026-07-13 00:00:00;2026-07-04 00:00:00;2026-07-20 00:00:00;32050;260713G01;CRS26Q5010;CRS26Q5010;Ống sheath sau cắt  5FR10CM;Ống sheath sau cắt 5FR10CM;;;IK;13139;0;0;0;RS04X251V;RS04X251V;ETFE TUBE (SHEATH) 5FR;ỐNG ETFE (SHEATH) 5FR;ZROH;;1877;3001;0;0010
260713G01;000010084194;REL - Released;2026-07-13 00:00:00;2026-07-04 00:00:00;2026-07-20 00:00:00;32050;260713G01;CRS26Q6010;CRS26Q6010;Ống sheath sau cắt  6FR10CM;Ống sheath sau cắt 6FR10CM;;;IK;13181;0;0;0;RS04X261V;RS04X261V;ETFE TUBE (SHEATH) 6FR;ỐNG ETFE (SHEATH) 6FR;ZROH;;1883;3001;0;0010
260713G01;000010084195;REL - Released;2026-07-13 00:00:00;2026-07-04 00:00:00;2026-07-20 00:00:00;32055;260713G01;RS26Q5010;RS26Q5010;RS Sheath 0.20 50X10;RS Sheath 0.20 50X10;;;IK;13139;0;0;0;CRS26Q5010;CRS26Q5010;Ống sheath sau cắt  5FR10CM;Ống sheath sau cắt 5FR10CM;ZHAL;;13139;3001;0;0010
260713G01;000010084195;REL - Released;2026-07-13 00:00:00;2026-07-04 00:00:00;2026-07-20 00:00:00;32055;260713G01;RS26Q5010;RS26Q5010;RS Sheath 0.20 50X10;RS Sheath 0.20 50X10;;;IK;13139;0;0;0;RS27X005V;RS27X005V;SHEATH LOCK PIN RS 5FR;Chốt sheath RS 5Fr;ZROH;;13139;3001;0;0020
260713G01;000010084196;REL - Released;2026-07-13 00:00:00;2026-07-04 00:00:00;2026-07-20 00:00:00;32055;260713G01;RS26Q6010;RS26Q6010;RS Sheath 0.20 60X10;RS Sheath 0.20 60X10;;;IK;13181;0;0;0;CRS26Q6010;CRS26Q6010;Ống sheath sau cắt  6FR10CM;Ống sheath sau cắt 6FR10CM;ZHAL;;13181;3001;0;0010
260713G01;000010084196;REL - Released;2026-07-13 00:00:00;2026-07-04 00:00:00;2026-07-20 00:00:00;32055;260713G01;RS26Q6010;RS26Q6010;RS Sheath 0.20 60X10;RS Sheath 0.20 60X10;;;IK;13181;0;0;0;RS27X006V;RS27X006V;SHEATH LOCK PIN RS 6FR;Chốt sheath RS 6Fr;ZROH;;13181;3001;0;0020
260713G01;000010084197;REL - Released;2026-07-13 00:00:00;2026-07-04 00:00:00;2026-07-20 00:00:00;32070;260713G01;RS60E05010;RS60E05010;RS*lắp ráp 5FR 10CM;RS*lắp ráp 5FR 10CM;;;IK;13139;0;0;0;RS26Q5010;RS26Q5010;RS Sheath 0.20 50X10;RS Sheath 0.20 50X10;ZHAL;;13139;3001;0;0010
260713G01;000010084197;REL - Released;2026-07-13 00:00:00;2026-07-04 00:00:00;2026-07-20 00:00:00;32070;260713G01;RS60E05010;RS60E05010;RS*lắp ráp 5FR 10CM;RS*lắp ráp 5FR 10CM;;;IK;13139;0;0;0;RS00E251EV;RS00E251EV;SHEATH HOUSING 5FR;SHEATH HOUSING 5FR;ZROH;;13139;3001;0;0020
260713G01;000010084197;REL - Released;2026-07-13 00:00:00;2026-07-04 00:00:00;2026-07-20 00:00:00;32070;260713G01;RS60E05010;RS60E05010;RS*lắp ráp 5FR 10CM;RS*lắp ráp 5FR 10CM;;;IK;13139;0;0;0;RS00X222KV;RS00X222KV;SHEATH CAP RS A TVC NEW TYPE;Nắp sheath RS A TVC Loại mới;ZROH;;13139;3001;0;0030
260713G01;000010084197;REL - Released;2026-07-13 00:00:00;2026-07-04 00:00:00;2026-07-20 00:00:00;32070;260713G01;RS60E05010;RS60E05010;RS*lắp ráp 5FR 10CM;RS*lắp ráp 5FR 10CM;;;IK;13139;0;0;0;RS23X000V;RS23X000V;VALVE RFS TVC;Van RFS TVC;ZROH;;13139;3001;0;0040
260713G01;000010084197;REL - Released;2026-07-13 00:00:00;2026-07-04 00:00:00;2026-07-20 00:00:00;32070;260713G01;RS60E05010;RS60E05010;RS*lắp ráp 5FR 10CM;RS*lắp ráp 5FR 10CM;;;IK;13139;0;0;0;RS00E450EV;RS00E450EV;SHEATH SUPPORT 5FR;THÂN ĐỠ SHEATH 5FR;ZROH;;13139;3001;0;0050
260713G01;000010084197;REL - Released;2026-07-13 00:00:00;2026-07-04 00:00:00;2026-07-20 00:00:00;32070;260713G01;RS60E05010;RS60E05010;RS*lắp ráp 5FR 10CM;RS*lắp ráp 5FR 10CM;;;IK;13139;0;0;0;TS40X511RSVA;TS40X511RSVA;NON STERILE PART 3WAY COCK;VAN TAM THÔNG;ZROH;;13139;3001;0;0060
260713G01;000010084197;REL - Released;2026-07-13 00:00:00;2026-07-04 00:00:00;2026-07-20 00:00:00;32070;260713G01;RS60E05010;RS60E05010;RS*lắp ráp 5FR 10CM;RS*lắp ráp 5FR 10CM;;;IK;13139;0;0;0;RS90X000V;RS90X000V;Ống Arm;Ống Arm;ZHAL;;13139;3001;0;0070
260713G01;000010084198;REL - Released;2026-07-13 00:00:00;2026-07-04 00:00:00;2026-07-20 00:00:00;32070;260713G01;RS60E06010;RS60E06010;RS*lắp ráp 6FR 10CM;RS*lắp ráp 6FR 10CM;;;IK;13181;0;0;0;RS26Q6010;RS26Q6010;RS Sheath 0.20 60X10;RS Sheath 0.20 60X10;ZHAL;;13181;3001;0;0010
260713G01;000010084198;REL - Released;2026-07-13 00:00:00;2026-07-04 00:00:00;2026-07-20 00:00:00;32070;260713G01;RS60E06010;RS60E06010;RS*lắp ráp 6FR 10CM;RS*lắp ráp 6FR 10CM;;;IK;13181;0;0;0;RS00X261EV1;RS00X261EV1;SHEATH HOUSING 6FR;SHEATH HOUSING 6FR;ZROH;;13181;3001;0;0020
260713G01;000010084198;REL - Released;2026-07-13 00:00:00;2026-07-04 00:00:00;2026-07-20 00:00:00;32070;260713G01;RS60E06010;RS60E06010;RS*lắp ráp 6FR 10CM;RS*lắp ráp 6FR 10CM;;;IK;13181;0;0;0;RS00X222KV;RS00X222KV;SHEATH CAP RS A TVC NEW TYPE;Nắp sheath RS A TVC Loại mới;ZROH;;13181;3001;0;0030
260713G01;000010084198;REL - Released;2026-07-13 00:00:00;2026-07-04 00:00:00;2026-07-20 00:00:00;32070;260713G01;RS60E06010;RS60E06010;RS*lắp ráp 6FR 10CM;RS*lắp ráp 6FR 10CM;;;IK;13181;0;0;0;RS23X000V;RS23X000V;VALVE RFS TVC;Van RFS TVC;ZROH;;13181;3001;0;0040
260713G01;000010084198;REL - Released;2026-07-13 00:00:00;2026-07-04 00:00:00;2026-07-20 00:00:00;32070;260713G01;RS60E06010;RS60E06010;RS*lắp ráp 6FR 10CM;RS*lắp ráp 6FR 10CM;;;IK;13181;0;0;0;RS00E460EV1;RS00E460EV1;SHEATH SUPPORT 6FR;THÂN ĐỠ SHEATH 6FR;ZROH;;13181;3001;0;0050
260713G01;000010084198;REL - Released;2026-07-13 00:00:00;2026-07-04 00:00:00;2026-07-20 00:00:00;32070;260713G01;RS60E06010;RS60E06010;RS*lắp ráp 6FR 10CM;RS*lắp ráp 6FR 10CM;;;IK;13181;0;0;0;TS40X511RSVA;TS40X511RSVA;NON STERILE PART 3WAY COCK;VAN TAM THÔNG;ZROH;;13181;3001;0;0060
260713G01;000010084198;REL - Released;2026-07-13 00:00:00;2026-07-04 00:00:00;2026-07-20 00:00:00;32070;260713G01;RS60E06010;RS60E06010;RS*lắp ráp 6FR 10CM;RS*lắp ráp 6FR 10CM;;;IK;13181;0;0;0;RS90X000V;RS90X000V;Ống Arm;Ống Arm;ZHAL;;13181;3001;0;0070
260713G01;000010084199;REL - Released;2026-07-13 00:00:00;2026-07-04 00:00:00;2026-07-20 00:00:00;32085;260713G01;MSR50A10PQ;MSR50A10PQ;Bộ dây dẫn mini;Bộ dây dẫn mini;;;IK;13119;0;0;0;RG90X0405VB;RG90X0405VB;Ống bọc ngoài xanh 405;Ống bọc ngoài xanh 405;ZHAL;;13119;3001;0;0010
260713G01;000010084199;REL - Released;2026-07-13 00:00:00;2026-07-04 00:00:00;2026-07-20 00:00:00;32085;260713G01;MSR50A10PQ;MSR50A10PQ;Bộ dây dẫn mini;Bộ dây dẫn mini;;;IK;13119;0;0;0;RS05X551AIV;RS05X551AIV;SPRING MINI GW 0.018;DÂY DẪN MINI SPRING 0.018;ZROH;;13119;3001;0;0020
260713G01;000010084200;REL - Released;2026-07-13 00:00:00;2026-07-04 00:00:00;2026-07-20 00:00:00;32085;260713G01;MSR60A10PQ;MSR60A10PQ;Bộ dây dẫn mini;Bộ dây dẫn mini;;;IK;13119;0;0;0;RG90X0405VB;RG90X0405VB;Ống bọc ngoài xanh 405;Ống bọc ngoài xanh 405;ZHAL;;13119;3001;0;0010
260713G01;000010084200;REL - Released;2026-07-13 00:00:00;2026-07-04 00:00:00;2026-07-20 00:00:00;32085;260713G01;MSR60A10PQ;MSR60A10PQ;Bộ dây dẫn mini;Bộ dây dẫn mini;;;IK;13119;0;0;0;RS05X551AIV;RS05X551AIV;SPRING MINI GW 0.018;DÂY DẪN MINI SPRING 0.018;ZROH;;13119;3001;0;0020
260713G01;000010084201;REL - Released;2026-07-13 00:00:00;2026-07-04 00:00:00;2026-07-20 00:00:00;32060;260713G01;CRS25C60G16W;CRS25C60G16W;Ống q/nong sau cắt  60G16CM;Ống q/nong sau cắt 60G16CM;;;IK;13260;0;0;0;RS92S060A;RS92S060A;BEFORE-CHECK A DILATOR TUBE S6FR;Que nong S6Fr trước kiểm tra A;ZROH;;2652;3001;0;0010
260713G01;000010084202;REL - Released;2026-07-13 00:00:00;2026-07-04 00:00:00;2026-07-20 00:00:00;32060;260713G01;CRS25C80K10W;CRS25C80K10W;Ống q/nong sau cắt  80K10CM;Ống q/nong sau cắt 80K10CM;;;IK;13153;0;0;0;RS92C080A;RS92C080A;BEFORE-CHECK A DILATOR TUBE C8FR;Que nong C8Fr trước kiểm tra A;ZROH;;1879;3001;0;0010
260713G01;000010084203;REL - Released;2026-07-13 00:00:00;2026-07-04 00:00:00;2026-07-20 00:00:00;32065;260713G01;RS25C60G16W;RS25C60G16W;RS que nong C60G16;RS que nong C60G16;;;IK;13260;0;0;0;CRS25C60G16W;CRS25C60G16W;Ống q/nong sau cắt  60G16CM;Ống q/nong sau cắt 60G16CM;ZHAL;;13260;3001;0;0010
260713G01;000010084203;REL - Released;2026-07-13 00:00:00;2026-07-04 00:00:00;2026-07-20 00:00:00;32065;260713G01;RS25C60G16W;RS25C60G16W;RS que nong C60G16;RS que nong C60G16;;;IK;13260;0;0;0;RS27X100V;RS27X100V;DILATOR LOCK PIN A TVC;RS CHỐT QUE NONG LOẠI A TVC;ZROH;;13260;3001;0;0020
260713G01;000010084203;REL - Released;2026-07-13 00:00:00;2026-07-04 00:00:00;2026-07-20 00:00:00;32065;260713G01;RS25C60G16W;RS25C60G16W;RS que nong C60G16;RS que nong C60G16;;;IK;13260;0;0;0;RS00X660EV1;RS00X660EV1;DILATOR HUB 6FR;CHUÔI QUE NONG 6FR;ZROH;;13260;3001;0;0030
260713G01;000010084204;REL - Released;2026-07-13 00:00:00;2026-07-04 00:00:00;2026-07-20 00:00:00;32065;260713G01;RS25C80K10W;RS25C80K10W;RS que nong C80K10;RS que nong C80K10;;;IK;13153;0;0;0;CRS25C80K10W;CRS25C80K10W;Ống q/nong sau cắt  80K10CM;Ống q/nong sau cắt 80K10CM;ZHAL;;13153;3001;0;0010
260713G01;000010084204;REL - Released;2026-07-13 00:00:00;2026-07-04 00:00:00;2026-07-20 00:00:00;32065;260713G01;RS25C80K10W;RS25C80K10W;RS que nong C80K10;RS que nong C80K10;;;IK;13153;0;0;0;RS27X100V;RS27X100V;DILATOR LOCK PIN A TVC;RS CHỐT QUE NONG LOẠI A TVC;ZROH;;13153;3001;0;0020
260713G01;000010084204;REL - Released;2026-07-13 00:00:00;2026-07-04 00:00:00;2026-07-20 00:00:00;32065;260713G01;RS25C80K10W;RS25C80K10W;RS que nong C80K10;RS que nong C80K10;;;IK;13153;0;0;0;RS00X680EV2;RS00X680EV2;DILATOR HUB 8FR;CHUÔI QUE NONG 8FR;ZROH;;13153;3001;0;0030
260713G01;000010084205;REL - Released;2026-07-13 00:00:00;2026-07-04 00:00:00;2026-07-20 00:00:00;32050;260713G01;CRS26Q6016;CRS26Q6016;Ống sheath sau cắt  6FR16CM;Ống sheath sau cắt 6FR16CM;;;IK;13040;0;0;0;RS04X261VS;RS04X261VS;ETFE TUBE (SHEATH) 6FR S;ỐNG ETFE (SHEATH) 6FR S;ZROH;;3260;3001;0;0010
260713G01;000010084206;REL - Released;2026-07-13 00:00:00;2026-07-04 00:00:00;2026-07-20 00:00:00;32050;260713G01;CRS26Q8010;CRS26Q8010;Ống sheath sau cắt  8FR10CM;Ống sheath sau cắt 8FR10CM;;;IK;13209;0;0;0;RS04X281V;RS04X281V;ETFE TUBE (SHEATH) 8FR;ỐNG ETFE (SHEATH) 8FR;ZROH;;1887;3001;0;0010
260713G01;000010084207;REL - Released;2026-07-13 00:00:00;2026-07-04 00:00:00;2026-07-20 00:00:00;32055;260713G01;RS26Q6016;RS26Q6016;RS Sheath 0.20 60X16;RS Sheath 0.20 60X16;;;IK;13040;0;0;0;CRS26Q6016;CRS26Q6016;Ống sheath sau cắt  6FR16CM;Ống sheath sau cắt 6FR16CM;ZHAL;;13040;3001;0;0010
260713G01;000010084207;REL - Released;2026-07-13 00:00:00;2026-07-04 00:00:00;2026-07-20 00:00:00;32055;260713G01;RS26Q6016;RS26Q6016;RS Sheath 0.20 60X16;RS Sheath 0.20 60X16;;;IK;13040;0;0;0;RS27X006V;RS27X006V;SHEATH LOCK PIN RS 6FR;Chốt sheath RS 6Fr;ZROH;;13040;3001;0;0020
260713G01;000010084208;REL - Released;2026-07-13 00:00:00;2026-07-04 00:00:00;2026-07-20 00:00:00;32055;260713G01;RS26Q8010;RS26Q8010;RS Sheath 0.20 80X10;RS Sheath 0.20 80X10;;;IK;13209;0;0;0;CRS26Q8010;CRS26Q8010;Ống sheath sau cắt  8FR10CM;Ống sheath sau cắt 8FR10CM;ZHAL;;13209;3001;0;0010
260713G01;000010084208;REL - Released;2026-07-13 00:00:00;2026-07-04 00:00:00;2026-07-20 00:00:00;32055;260713G01;RS26Q8010;RS26Q8010;RS Sheath 0.20 80X10;RS Sheath 0.20 80X10;;;IK;13209;0;0;0;RS27X008V;RS27X008V;SHEATH LOCK PIN 8FR;Chốt sheath 8Fr;ZROH;;13209;3001;0;0020
260713G01;000010084209;REL - Released;2026-07-13 00:00:00;2026-07-04 00:00:00;2026-07-20 00:00:00;32070;260713G01;RS60E06016;RS60E06016;RS*lắp ráp 6FR 16CM;RS*lắp ráp 6FR 16CM;;;IK;13040;0;0;0;RS26Q6016;RS26Q6016;RS Sheath 0.20 60X16;RS Sheath 0.20 60X16;ZHAL;;13040;3001;0;0010
260713G01;000010084209;REL - Released;2026-07-13 00:00:00;2026-07-04 00:00:00;2026-07-20 00:00:00;32070;260713G01;RS60E06016;RS60E06016;RS*lắp ráp 6FR 16CM;RS*lắp ráp 6FR 16CM;;;IK;13040;0;0;0;RS00X261EV1;RS00X261EV1;SHEATH HOUSING 6FR;SHEATH HOUSING 6FR;ZROH;;13040;3001;0;0020
260713G01;000010084209;REL - Released;2026-07-13 00:00:00;2026-07-04 00:00:00;2026-07-20 00:00:00;32070;260713G01;RS60E06016;RS60E06016;RS*lắp ráp 6FR 16CM;RS*lắp ráp 6FR 16CM;;;IK;13040;0;0;0;RS00X222KV;RS00X222KV;SHEATH CAP RS A TVC NEW TYPE;Nắp sheath RS A TVC Loại mới;ZROH;;13040;3001;0;0030
260713G01;000010084209;REL - Released;2026-07-13 00:00:00;2026-07-04 00:00:00;2026-07-20 00:00:00;32070;260713G01;RS60E06016;RS60E06016;RS*lắp ráp 6FR 16CM;RS*lắp ráp 6FR 16CM;;;IK;13040;0;0;0;RS23X000V;RS23X000V;VALVE RFS TVC;Van RFS TVC;ZROH;;13040;3001;0;0040
260713G01;000010084209;REL - Released;2026-07-13 00:00:00;2026-07-04 00:00:00;2026-07-20 00:00:00;32070;260713G01;RS60E06016;RS60E06016;RS*lắp ráp 6FR 16CM;RS*lắp ráp 6FR 16CM;;;IK;13040;0;0;0;RS00E460EV1;RS00E460EV1;SHEATH SUPPORT 6FR;THÂN ĐỠ SHEATH 6FR;ZROH;;13040;3001;0;0050
260713G01;000010084209;REL - Released;2026-07-13 00:00:00;2026-07-04 00:00:00;2026-07-20 00:00:00;32070;260713G01;RS60E06016;RS60E06016;RS*lắp ráp 6FR 16CM;RS*lắp ráp 6FR 16CM;;;IK;13040;0;0;0;TS40X511RSVA;TS40X511RSVA;NON STERILE PART 3WAY COCK;VAN TAM THÔNG;ZROH;;13040;3001;0;0060
260713G01;000010084209;REL - Released;2026-07-13 00:00:00;2026-07-04 00:00:00;2026-07-20 00:00:00;32070;260713G01;RS60E06016;RS60E06016;RS*lắp ráp 6FR 16CM;RS*lắp ráp 6FR 16CM;;;IK;13040;0;0;0;RS90X000V;RS90X000V;Ống Arm;Ống Arm;ZHAL;;13040;3001;0;0070
260713G01;000010084210;REL - Released;2026-07-13 00:00:00;2026-07-04 00:00:00;2026-07-20 00:00:00;32070;260713G01;RS60E08010;RS60E08010;RS*lắp ráp 8FR 10CM;RS*lắp ráp 8FR 10CM;;;IK;13209;0;0;0;RS26Q8010;RS26Q8010;RS Sheath 0.20 80X10;RS Sheath 0.20 80X10;ZHAL;;13209;3001;0;0010
260713G01;000010084210;REL - Released;2026-07-13 00:00:00;2026-07-04 00:00:00;2026-07-20 00:00:00;32070;260713G01;RS60E08010;RS60E08010;RS*lắp ráp 8FR 10CM;RS*lắp ráp 8FR 10CM;;;IK;13209;0;0;0;RS00X281EV;RS00X281EV;SHEATH HOUSING 8FR;SHEATH HOUSING 8FR;ZROH;;13209;3001;0;0020
260713G01;000010084210;REL - Released;2026-07-13 00:00:00;2026-07-04 00:00:00;2026-07-20 00:00:00;32070;260713G01;RS60E08010;RS60E08010;RS*lắp ráp 8FR 10CM;RS*lắp ráp 8FR 10CM;;;IK;13209;0;0;0;RS00X222KV;RS00X222KV;SHEATH CAP RS A TVC NEW TYPE;Nắp sheath RS A TVC Loại mới;ZROH;;13209;3001;0;0030
260713G01;000010084210;REL - Released;2026-07-13 00:00:00;2026-07-04 00:00:00;2026-07-20 00:00:00;32070;260713G01;RS60E08010;RS60E08010;RS*lắp ráp 8FR 10CM;RS*lắp ráp 8FR 10CM;;;IK;13209;0;0;0;RS23X000V;RS23X000V;VALVE RFS TVC;Van RFS TVC;ZROH;;13209;3001;0;0040
260713G01;000010084210;REL - Released;2026-07-13 00:00:00;2026-07-04 00:00:00;2026-07-20 00:00:00;32070;260713G01;RS60E08010;RS60E08010;RS*lắp ráp 8FR 10CM;RS*lắp ráp 8FR 10CM;;;IK;13209;0;0;0;RS00E480EV;RS00E480EV;SHEATH SUPPORT 8FR;THÂN ĐỠ SHEATH 8FR;ZROH;;13209;3001;0;0050
260713G01;000010084210;REL - Released;2026-07-13 00:00:00;2026-07-04 00:00:00;2026-07-20 00:00:00;32070;260713G01;RS60E08010;RS60E08010;RS*lắp ráp 8FR 10CM;RS*lắp ráp 8FR 10CM;;;IK;13209;0;0;0;TS40X511RSVA;TS40X511RSVA;NON STERILE PART 3WAY COCK;VAN TAM THÔNG;ZROH;;13209;3001;0;0060
260713G01;000010084210;REL - Released;2026-07-13 00:00:00;2026-07-04 00:00:00;2026-07-20 00:00:00;32070;260713G01;RS60E08010;RS60E08010;RS*lắp ráp 8FR 10CM;RS*lắp ráp 8FR 10CM;;;IK;13209;0;0;0;RS90X000V;RS90X000V;Ống Arm;Ống Arm;ZHAL;;13209;3001;0;0070
260713G01;000010084211;REL - Released;2026-07-13 00:00:00;2026-07-04 00:00:00;2026-07-20 00:00:00;32075;260713G01;RF50MS2545Y;RF50MS2545Y;Dây dẫn mini đã g/c S0.025X45CM;Dây dẫn mini đã g/c S0.025X45CM;;;IK;12980;0;0;0;RF42MS2545YV;RF42MS2545YV;MINI GUIDE WIRE S2545;DÂY DẪN MINI S2545;ZROH;;12980;3001;0;0010
260713G01;000010084212;REL - Released;2026-07-13 00:00:00;2026-07-04 00:00:00;2026-07-20 00:00:00;32075;260713G01;RF50MS3545Y;RF50MS3545Y;Dây dẫn mini đã g/c S0.035X45CM;Dây dẫn mini đã g/c S0.035X45CM;;;IK;13140;0;0;0;RF42MS3545YV;RF42MS3545YV;MINI GUIDE WIRE S3545;DÂY DẪN MINI S3545;ZROH;;13140;3001;0;0010
260713G01;000010084213;REL - Released;2026-07-13 00:00:00;2026-07-04 00:00:00;2026-07-20 00:00:00;32080;260713G01;RS23X422;RS23X422;Ống bọc ngoài đã gia công 420mm;Ống bọc ngoài đã gia công 420mm;;;IK;10000;0;0;0;RG90X0420V;RG90X0420V;IK ống bọc ngoài 420mm;IK ống bọc ngoài 420mm;ZHAL;;10000;3001;0;0010
260713G02;000010084214;REL - Released;2026-07-13 00:00:00;2026-07-04 00:00:00;2026-07-20 00:00:00;32080;260713G02;RS23X422;RS23X422;Ống bọc ngoài đã gia công 420mm;Ống bọc ngoài đã gia công 420mm;;;IK;10000;0;0;0;RG90X0420V;RG90X0420V;IK ống bọc ngoài 420mm;IK ống bọc ngoài 420mm;ZHAL;;10000;3001;0;0010
260713G01;000010084215;REL - Released;2026-07-13 00:00:00;2026-07-04 00:00:00;2026-07-20 00:00:00;32085;260713G01;MSA60G16SQZY;MSA60G16SQZY;Bộ dây dẫn mini;Bộ dây dẫn mini;;;IK;4322;0;0;0;RS23X422;RS23X422;Ống bọc ngoài đã gia công 420mm;Ống bọc ngoài đã gia công 420mm;ZHAL;;4322;3001;0;0010
260713G01;000010084215;REL - Released;2026-07-13 00:00:00;2026-07-04 00:00:00;2026-07-20 00:00:00;32085;260713G01;MSA60G16SQZY;MSA60G16SQZY;Bộ dây dẫn mini;Bộ dây dẫn mini;;;IK;4322;0;0;0;RF50MS2545Y;RF50MS2545Y;Dây dẫn mini đã g/c S0.025X45CM;Dây dẫn mini đã g/c S0.025X45CM;ZHAL;;4322;3001;0;0020
260713G02;000010084216;REL - Released;2026-07-13 00:00:00;2026-07-04 00:00:00;2026-07-20 00:00:00;32085;260713G02;MSA60G16SQZY;MSA60G16SQZY;Bộ dây dẫn mini;Bộ dây dẫn mini;;;IK;4319;0;0;0;RS23X422;RS23X422;Ống bọc ngoài đã gia công 420mm;Ống bọc ngoài đã gia công 420mm;ZHAL;;4319;3001;0;0010
260713G02;000010084216;REL - Released;2026-07-13 00:00:00;2026-07-04 00:00:00;2026-07-20 00:00:00;32085;260713G02;MSA60G16SQZY;MSA60G16SQZY;Bộ dây dẫn mini;Bộ dây dẫn mini;;;IK;4319;0;0;0;RF50MS2545Y;RF50MS2545Y;Dây dẫn mini đã g/c S0.025X45CM;Dây dẫn mini đã g/c S0.025X45CM;ZHAL;;4319;3001;0;0020
260713G03;000010084217;REL - Released;2026-07-13 00:00:00;2026-07-04 00:00:00;2026-07-20 00:00:00;32085;260713G03;MSA60G16SQZY;MSA60G16SQZY;Bộ dây dẫn mini;Bộ dây dẫn mini;;;IK;4319;0;0;0;RS23X422;RS23X422;Ống bọc ngoài đã gia công 420mm;Ống bọc ngoài đã gia công 420mm;ZHAL;;4319;3001;0;0010
260713G03;000010084217;REL - Released;2026-07-13 00:00:00;2026-07-04 00:00:00;2026-07-20 00:00:00;32085;260713G03;MSA60G16SQZY;MSA60G16SQZY;Bộ dây dẫn mini;Bộ dây dẫn mini;;;IK;4319;0;0;0;RF50MS2545Y;RF50MS2545Y;Dây dẫn mini đã g/c S0.025X45CM;Dây dẫn mini đã g/c S0.025X45CM;ZHAL;;4319;3001;0;0020
260713G01;000010084218;REL - Released;2026-07-13 00:00:00;2026-07-04 00:00:00;2026-07-20 00:00:00;32085;260713G01;MSA80K10SQY;MSA80K10SQY;Bộ dây dẫn mini;Bộ dây dẫn mini;;;IK;13120;0;0;0;RG90X0405V;RG90X0405V;IK ống bọc ngoài 405mm;IK ống bọc ngoài 405mm;ZHAL;;13120;3001;0;0010
260713G01;000010084218;REL - Released;2026-07-13 00:00:00;2026-07-04 00:00:00;2026-07-20 00:00:00;32085;260713G01;MSA80K10SQY;MSA80K10SQY;Bộ dây dẫn mini;Bộ dây dẫn mini;;;IK;13120;0;0;0;RF50MS3545Y;RF50MS3545Y;Dây dẫn mini đã g/c S0.035X45CM;Dây dẫn mini đã g/c S0.035X45CM;ZHAL;;13120;3001;0;0020
260713VA;000010084219;REL - Released;2026-07-13 00:00:00;2026-07-04 00:00:00;2026-07-20 00:00:00;32091;260713VA;RM/RF6F10PQ_S;RM*RF6F10PQ;Dụng cụ mở đường vào động mạch;Dụng cụ mở đường vào động mạch;;;IK;6119;0;0;0;RS34M6001V-1;RS34M6001V-1;LABEL RS 6FR M26 1SET TVC;NHÃN RS 6Fr M26 Dùng cho 1 set TVC;ZROH;;6119;3001;0;0010
260713VA;000010084219;REL - Released;2026-07-13 00:00:00;2026-07-04 00:00:00;2026-07-20 00:00:00;32091;260713VA;RM/RF6F10PQ_S;RM*RF6F10PQ;Dụng cụ mở đường vào động mạch;Dụng cụ mở đường vào động mạch;;;IK;6119;0;0;0;RS34M6005V-1;RS34M6005V-1;RS LABEL MULTI 6FR 5 SET TVC;RS nhãn đa ngôn ngữ 6Fr 5 Set TVC;ZROH;;1224;3001;0;0020
260713VA;000010084219;REL - Released;2026-07-13 00:00:00;2026-07-04 00:00:00;2026-07-20 00:00:00;32091;260713VA;RM/RF6F10PQ_S;RM*RF6F10PQ;Dụng cụ mở đường vào động mạch;Dụng cụ mở đường vào động mạch;;;IK;6119;0;0;0;RS34M20V-01;RS34M20V-01;SHIPPING BOX LABEL M26;Nhãn thùng xuất xưởng M26;ZROH;;612;3001;0;0030
260713VA;000010084219;REL - Released;2026-07-13 00:00:00;2026-07-04 00:00:00;2026-07-20 00:00:00;32091;260713VA;RM/RF6F10PQ_S;RM*RF6F10PQ;Dụng cụ mở đường vào động mạch;Dụng cụ mở đường vào động mạch;;;IK;6119;0;0;0;RS30XGTS1V-1;RS30XGTS1V-1;TYVEK PEELPACK M26 (TRAY S);Túi đóng gói Tyvek (có khay S);ZROH;;6119;3001;0;0040
260713VA;000010084219;REL - Released;2026-07-13 00:00:00;2026-07-04 00:00:00;2026-07-20 00:00:00;32091;260713VA;RM/RF6F10PQ_S;RM*RF6F10PQ;Dụng cụ mở đường vào động mạch;Dụng cụ mở đường vào động mạch;;;IK;6119;0;0;0;RS36M805SV-1;RS36M805SV-1;RS 5 SET M26 TRAY S TVC;RS 5set M26 khay S TVC;ZROH;;1224;3001;0;0050
260713VA;000010084219;REL - Released;2026-07-13 00:00:00;2026-07-04 00:00:00;2026-07-20 00:00:00;32091;260713VA;RM/RF6F10PQ_S;RM*RF6F10PQ;Dụng cụ mở đường vào động mạch;Dụng cụ mở đường vào động mạch;;;IK;6119;0;0;0;RS37E002V;RS37E002V;RS MULTI 20 SET TRAY S TVC;RS đa ngôn ngữ 20 set khay S TVC;ZROH;;306;3001;0;0060
260713VA;000010084219;REL - Released;2026-07-13 00:00:00;2026-07-04 00:00:00;2026-07-20 00:00:00;32091;260713VA;RM/RF6F10PQ_S;RM*RF6F10PQ;Dụng cụ mở đường vào động mạch;Dụng cụ mở đường vào động mạch;;;IK;6119;0;0;0;RS33M013V-01;RS33M013V-01;IFU RS M26 METAL NEEDLE TVC;HDSD RS M26 kim luồn kim loại TVC;ZROH;;1224;3001;0;0070
260713VA;000010084219;REL - Released;2026-07-13 00:00:00;2026-07-04 00:00:00;2026-07-20 00:00:00;32091;260713VA;RM/RF6F10PQ_S;RM*RF6F10PQ;Dụng cụ mở đường vào động mạch;Dụng cụ mở đường vào động mạch;;;IK;6119;0;0;0;MMRF6F10PQ;MMRF6F10PQ;Bộ dây dẫn mini M;Bộ dây dẫn mini M;ZHAL;;6119;3001;0;0080
260713VA;000010084219;REL - Released;2026-07-13 00:00:00;2026-07-04 00:00:00;2026-07-20 00:00:00;32091;260713VA;RM/RF6F10PQ_S;RM*RF6F10PQ;Dụng cụ mở đường vào động mạch;Dụng cụ mở đường vào động mạch;;;IK;6119;0;0;0;RS60E06010M;RS60E06010M;RS*lắp ráp 6FR 10cm M;RS*lắp ráp 6FR 10cm M;ZHAL;;6119;3001;0;0090
260713VA;000010084219;REL - Released;2026-07-13 00:00:00;2026-07-04 00:00:00;2026-07-20 00:00:00;32091;260713VA;RM/RF6F10PQ_S;RM*RF6F10PQ;Dụng cụ mở đường vào động mạch;Dụng cụ mở đường vào động mạch;;;IK;6119;0;0;0;RS25C60D10W;RS25C60D10W;RS que nong C60D10;RS que nong C60D10;ZHAL;;6119;3001;0;0100
260713VA;000010084219;REL - Released;2026-07-13 00:00:00;2026-07-04 00:00:00;2026-07-20 00:00:00;32091;260713VA;RM/RF6F10PQ_S;RM*RF6F10PQ;Dụng cụ mở đường vào động mạch;Dụng cụ mở đường vào động mạch;;;IK;6119;0;0;0;RS08X2135PVA;RS08X2135PVA;IK METAL NEEDLE 21G TVC;IK Kim luồn kim loại 21G TVC;ZROH;;6119;3001;0;0110
260713VA;000010084219;REL - Released;2026-07-13 00:00:00;2026-07-04 00:00:00;2026-07-20 00:00:00;32091;260713VA;RM/RF6F10PQ_S;RM*RF6F10PQ;Dụng cụ mở đường vào động mạch;Dụng cụ mở đường vào động mạch;;;IK;6119;0;0;0;RS32X110V;RS32X110V;STANDARD TRAY S;KHAY ĐỠ LOẠI S;ZROH;;6119;3001;0;0120
260713VA;000010084220;REL - Released;2026-07-13 00:00:00;2026-07-04 00:00:00;2026-07-20 00:00:00;32091;260713VA;RS/R50A07PQ_S;RS*R50A07PQ;Dụng cụ mở đường vào động mạch;Dụng cụ mở đường vào động mạch;;;IK;13119;0;0;0;RS34M5001V-1;RS34M5001V-1;LABEL RS 5FR M26 1SET TVC;NHÃN RS 5Fr M26 Dùng cho 1 set TVC;ZROH;;13119;3001;0;0010
260713VA;000010084220;REL - Released;2026-07-13 00:00:00;2026-07-04 00:00:00;2026-07-20 00:00:00;32091;260713VA;RS/R50A07PQ_S;RS*R50A07PQ;Dụng cụ mở đường vào động mạch;Dụng cụ mở đường vào động mạch;;;IK;13119;0;0;0;RS34M5005V-1;RS34M5005V-1;RS LABEL MULTI 5FR 5 SET TVC;RS nhãn đa ngôn ngữ 5Fr 5 Set TVC;ZROH;;2624;3001;0;0020
260713VA;000010084220;REL - Released;2026-07-13 00:00:00;2026-07-04 00:00:00;2026-07-20 00:00:00;32091;260713VA;RS/R50A07PQ_S;RS*R50A07PQ;Dụng cụ mở đường vào động mạch;Dụng cụ mở đường vào động mạch;;;IK;13119;0;0;0;RS34M20V-01;RS34M20V-01;SHIPPING BOX LABEL M26;Nhãn thùng xuất xưởng M26;ZROH;;1312;3001;0;0030
260713VA;000010084220;REL - Released;2026-07-13 00:00:00;2026-07-04 00:00:00;2026-07-20 00:00:00;32091;260713VA;RS/R50A07PQ_S;RS*R50A07PQ;Dụng cụ mở đường vào động mạch;Dụng cụ mở đường vào động mạch;;;IK;13119;0;0;0;RS30XGTS1V-1;RS30XGTS1V-1;TYVEK PEELPACK M26 (TRAY S);Túi đóng gói Tyvek (có khay S);ZROH;;13119;3001;0;0040
260713VA;000010084220;REL - Released;2026-07-13 00:00:00;2026-07-04 00:00:00;2026-07-20 00:00:00;32091;260713VA;RS/R50A07PQ_S;RS*R50A07PQ;Dụng cụ mở đường vào động mạch;Dụng cụ mở đường vào động mạch;;;IK;13119;0;0;0;RS36M805SV-1;RS36M805SV-1;RS 5 SET M26 TRAY S TVC;RS 5set M26 khay S TVC;ZROH;;2624;3001;0;0050
260713VA;000010084220;REL - Released;2026-07-13 00:00:00;2026-07-04 00:00:00;2026-07-20 00:00:00;32091;260713VA;RS/R50A07PQ_S;RS*R50A07PQ;Dụng cụ mở đường vào động mạch;Dụng cụ mở đường vào động mạch;;;IK;13119;0;0;0;RS37E002V;RS37E002V;RS MULTI 20 SET TRAY S TVC;RS đa ngôn ngữ 20 set khay S TVC;ZROH;;656;3001;0;0060
260713VA;000010084220;REL - Released;2026-07-13 00:00:00;2026-07-04 00:00:00;2026-07-20 00:00:00;32091;260713VA;RS/R50A07PQ_S;RS*R50A07PQ;Dụng cụ mở đường vào động mạch;Dụng cụ mở đường vào động mạch;;;IK;13119;0;0;0;RS33M013V-01;RS33M013V-01;IFU RS M26 METAL NEEDLE TVC;HDSD RS M26 kim luồn kim loại TVC;ZROH;;2624;3001;0;0070
260713VA;000010084220;REL - Released;2026-07-13 00:00:00;2026-07-04 00:00:00;2026-07-20 00:00:00;32091;260713VA;RS/R50A07PQ_S;RS*R50A07PQ;Dụng cụ mở đường vào động mạch;Dụng cụ mở đường vào động mạch;;;IK;13119;0;0;0;MSR50A07PQ;MSR50A07PQ;Bộ dây dẫn mini;Bộ dây dẫn mini;ZHAL;;13119;3001;0;0080
260713VA;000010084220;REL - Released;2026-07-13 00:00:00;2026-07-04 00:00:00;2026-07-20 00:00:00;32091;260713VA;RS/R50A07PQ_S;RS*R50A07PQ;Dụng cụ mở đường vào động mạch;Dụng cụ mở đường vào động mạch;;;IK;13119;0;0;0;RS60E05007;RS60E05007;RS*lắp ráp 5FR 7CM;RS*lắp ráp 5FR 7CM;ZHAL;;13119;3001;0;0090
260713VA;000010084220;REL - Released;2026-07-13 00:00:00;2026-07-04 00:00:00;2026-07-20 00:00:00;32091;260713VA;RS/R50A07PQ_S;RS*R50A07PQ;Dụng cụ mở đường vào động mạch;Dụng cụ mở đường vào động mạch;;;IK;13119;0;0;0;RS25E50A07W;RS25E50A07W;RS que nong E50A07;RS que nong E50A07;ZHAL;;13119;3001;0;0100
260713VA;000010084220;REL - Released;2026-07-13 00:00:00;2026-07-04 00:00:00;2026-07-20 00:00:00;32091;260713VA;RS/R50A07PQ_S;RS*R50A07PQ;Dụng cụ mở đường vào động mạch;Dụng cụ mở đường vào động mạch;;;IK;13119;0;0;0;RS08X2235PVA;RS08X2235PVA;IK METAL NEEDLE 22G TVC;IK Kim luồn kim loại 22G TVC;ZROH;;13119;3001;0;0110
260713VA;000010084220;REL - Released;2026-07-13 00:00:00;2026-07-04 00:00:00;2026-07-20 00:00:00;32091;260713VA;RS/R50A07PQ_S;RS*R50A07PQ;Dụng cụ mở đường vào động mạch;Dụng cụ mở đường vào động mạch;;;IK;13119;0;0;0;RS32X110V;RS32X110V;STANDARD TRAY S;KHAY ĐỠ LOẠI S;ZROH;;13119;3001;0;0120
260713VA;000010084221;REL - Released;2026-07-13 00:00:00;2026-07-04 00:00:00;2026-07-20 00:00:00;32091;260713VA;RS/R60A10PQ_S;RS*R60A10PQ;Dụng cụ mở đường vào động mạch;Dụng cụ mở đường vào động mạch;;;IK;13119;0;0;0;RS34M6001V-1;RS34M6001V-1;LABEL RS 6FR M26 1SET TVC;NHÃN RS 6Fr M26 Dùng cho 1 set TVC;ZROH;;13119;3001;0;0010
260713VA;000010084221;REL - Released;2026-07-13 00:00:00;2026-07-04 00:00:00;2026-07-20 00:00:00;32091;260713VA;RS/R60A10PQ_S;RS*R60A10PQ;Dụng cụ mở đường vào động mạch;Dụng cụ mở đường vào động mạch;;;IK;13119;0;0;0;RS34M6005V-1;RS34M6005V-1;RS LABEL MULTI 6FR 5 SET TVC;RS nhãn đa ngôn ngữ 6Fr 5 Set TVC;ZROH;;2624;3001;0;0020
260713VA;000010084221;REL - Released;2026-07-13 00:00:00;2026-07-04 00:00:00;2026-07-20 00:00:00;32091;260713VA;RS/R60A10PQ_S;RS*R60A10PQ;Dụng cụ mở đường vào động mạch;Dụng cụ mở đường vào động mạch;;;IK;13119;0;0;0;RS34M20V-01;RS34M20V-01;SHIPPING BOX LABEL M26;Nhãn thùng xuất xưởng M26;ZROH;;1312;3001;0;0030
260713VA;000010084221;REL - Released;2026-07-13 00:00:00;2026-07-04 00:00:00;2026-07-20 00:00:00;32091;260713VA;RS/R60A10PQ_S;RS*R60A10PQ;Dụng cụ mở đường vào động mạch;Dụng cụ mở đường vào động mạch;;;IK;13119;0;0;0;RS30XGTS1V-1;RS30XGTS1V-1;TYVEK PEELPACK M26 (TRAY S);Túi đóng gói Tyvek (có khay S);ZROH;;13119;3001;0;0040
260713VA;000010084221;REL - Released;2026-07-13 00:00:00;2026-07-04 00:00:00;2026-07-20 00:00:00;32091;260713VA;RS/R60A10PQ_S;RS*R60A10PQ;Dụng cụ mở đường vào động mạch;Dụng cụ mở đường vào động mạch;;;IK;13119;0;0;0;RS36M805SV-1;RS36M805SV-1;RS 5 SET M26 TRAY S TVC;RS 5set M26 khay S TVC;ZROH;;2624;3001;0;0050
260713VA;000010084221;REL - Released;2026-07-13 00:00:00;2026-07-04 00:00:00;2026-07-20 00:00:00;32091;260713VA;RS/R60A10PQ_S;RS*R60A10PQ;Dụng cụ mở đường vào động mạch;Dụng cụ mở đường vào động mạch;;;IK;13119;0;0;0;RS37E002V;RS37E002V;RS MULTI 20 SET TRAY S TVC;RS đa ngôn ngữ 20 set khay S TVC;ZROH;;656;3001;0;0060
260713VA;000010084221;REL - Released;2026-07-13 00:00:00;2026-07-04 00:00:00;2026-07-20 00:00:00;32091;260713VA;RS/R60A10PQ_S;RS*R60A10PQ;Dụng cụ mở đường vào động mạch;Dụng cụ mở đường vào động mạch;;;IK;13119;0;0;0;RS33M013V-01;RS33M013V-01;IFU RS M26 METAL NEEDLE TVC;HDSD RS M26 kim luồn kim loại TVC;ZROH;;2624;3001;0;0070
260713VA;000010084221;REL - Released;2026-07-13 00:00:00;2026-07-04 00:00:00;2026-07-20 00:00:00;32091;260713VA;RS/R60A10PQ_S;RS*R60A10PQ;Dụng cụ mở đường vào động mạch;Dụng cụ mở đường vào động mạch;;;IK;13119;0;0;0;MSR60A10PQ;MSR60A10PQ;Bộ dây dẫn mini;Bộ dây dẫn mini;ZHAL;;13119;3001;0;0080
260713VA;000010084221;REL - Released;2026-07-13 00:00:00;2026-07-04 00:00:00;2026-07-20 00:00:00;32091;260713VA;RS/R60A10PQ_S;RS*R60A10PQ;Dụng cụ mở đường vào động mạch;Dụng cụ mở đường vào động mạch;;;IK;13119;0;0;0;RS60E06010;RS60E06010;RS*lắp ráp 6FR 10CM;RS*lắp ráp 6FR 10CM;ZHAL;;13119;3001;0;0090
260713VA;000010084221;REL - Released;2026-07-13 00:00:00;2026-07-04 00:00:00;2026-07-20 00:00:00;32091;260713VA;RS/R60A10PQ_S;RS*R60A10PQ;Dụng cụ mở đường vào động mạch;Dụng cụ mở đường vào động mạch;;;IK;13119;0;0;0;RS25C60A10W;RS25C60A10W;RS que nong C60A10;RS que nong C60A10;ZHAL;;13119;3001;0;0100
260713VA;000010084221;REL - Released;2026-07-13 00:00:00;2026-07-04 00:00:00;2026-07-20 00:00:00;32091;260713VA;RS/R60A10PQ_S;RS*R60A10PQ;Dụng cụ mở đường vào động mạch;Dụng cụ mở đường vào động mạch;;;IK;13119;0;0;0;RS08X2235PVA;RS08X2235PVA;IK METAL NEEDLE 22G TVC;IK Kim luồn kim loại 22G TVC;ZROH;;13119;3001;0;0110
260713VA;000010084221;REL - Released;2026-07-13 00:00:00;2026-07-04 00:00:00;2026-07-20 00:00:00;32091;260713VA;RS/R60A10PQ_S;RS*R60A10PQ;Dụng cụ mở đường vào động mạch;Dụng cụ mở đường vào động mạch;;;IK;13119;0;0;0;RS32X110V;RS32X110V;STANDARD TRAY S;KHAY ĐỠ LOẠI S;ZROH;;13119;3001;0;0120
260713TA;000010084222;REL - Released;2026-07-13 00:00:00;2026-07-04 00:00:00;2026-07-20 00:00:00;32097;260713TA;RS/A60G16SQZ_S;RS*A60G16SQZ;Introducer II H;Introducer II H;;;IK;4319;0;0;0;RS34M6001-N2;RS34M6001-N2;PEEL LABEL 6Fr M26 non CE;Nhãn túi đóng gói 6Fr M26 không CE;ZROH;;4319;3001;0;0010
260713TA;000010084222;REL - Released;2026-07-13 00:00:00;2026-07-04 00:00:00;2026-07-20 00:00:00;32097;260713TA;RS/A60G16SQZ_S;RS*A60G16SQZ;Introducer II H;Introducer II H;;;IK;4319;0;0;0;RS34M6005-N2;RS34M6005-N2;UNIT BOX LABEL 6Fr M26 non CE;Nhãn hộp đơn vị 6Fr M26 không CE;ZROH;;864;3001;0;0020
260713TA;000010084222;REL - Released;2026-07-13 00:00:00;2026-07-04 00:00:00;2026-07-20 00:00:00;32097;260713TA;RS/A60G16SQZ_S;RS*A60G16SQZ;Introducer II H;Introducer II H;;;IK;4319;0;0;0;RS34M20-N2;RS34M20-N2;SHIPPING BOX LABEL M26 non CE;Nhãn thùng xuất xưởng M26 không CE;ZROH;;432;3001;0;0030
260713TA;000010084222;REL - Released;2026-07-13 00:00:00;2026-07-04 00:00:00;2026-07-20 00:00:00;32097;260713TA;RS/A60G16SQZ_S;RS*A60G16SQZ;Introducer II H;Introducer II H;;;IK;4319;0;0;0;RS30XGTL1V-1;RS30XGTL1V-1;TYVEK PEELPACK M26 (TRAY L);Túi đóng gói Tyvek (có khay L);ZROH;;4319;3001;0;0040
260713TA;000010084222;REL - Released;2026-07-13 00:00:00;2026-07-04 00:00:00;2026-07-20 00:00:00;32097;260713TA;RS/A60G16SQZ_S;RS*A60G16SQZ;Introducer II H;Introducer II H;;;IK;4319;0;0;0;RS36M805LV-1;RS36M805LV-1;RS 5 SET M26 TRAY L TVC;RS 5set M26 khay L TVC;ZROH;;864;3001;0;0050
260713TA;000010084222;REL - Released;2026-07-13 00:00:00;2026-07-04 00:00:00;2026-07-20 00:00:00;32097;260713TA;RS/A60G16SQZ_S;RS*A60G16SQZ;Introducer II H;Introducer II H;;;IK;4319;0;0;0;RS37E003V;RS37E003V;RS MULTI 20 SET TRAY L TVC;RS đa ngôn ngữ 20 set khay L TVC;ZROH;;216;3001;0;0060
260713TA;000010084222;REL - Released;2026-07-13 00:00:00;2026-07-04 00:00:00;2026-07-20 00:00:00;32097;260713TA;RS/A60G16SQZ_S;RS*A60G16SQZ;Introducer II H;Introducer II H;;;IK;4319;0;0;0;RS33M021NV-1;RS33M021NV-1;IFU M26 TRAY/POUCH Non CE;HDSD M26 có khay/không khay (không CE);ZROH;;864;3001;0;0070
260713TA;000010084222;REL - Released;2026-07-13 00:00:00;2026-07-04 00:00:00;2026-07-20 00:00:00;32097;260713TA;RS/A60G16SQZ_S;RS*A60G16SQZ;Introducer II H;Introducer II H;;;IK;4319;0;0;0;MSA60G16SQZY;MSA60G16SQZY;Bộ dây dẫn mini;Bộ dây dẫn mini;ZHAL;;4319;3001;0;0080
260713TA;000010084222;REL - Released;2026-07-13 00:00:00;2026-07-04 00:00:00;2026-07-20 00:00:00;32097;260713TA;RS/A60G16SQZ_S;RS*A60G16SQZ;Introducer II H;Introducer II H;;;IK;4319;0;0;0;RS60E06016;RS60E06016;RS*lắp ráp 6FR 16CM;RS*lắp ráp 6FR 16CM;ZHAL;;4319;3001;0;0090
260713TA;000010084222;REL - Released;2026-07-13 00:00:00;2026-07-04 00:00:00;2026-07-20 00:00:00;32097;260713TA;RS/A60G16SQZ_S;RS*A60G16SQZ;Introducer II H;Introducer II H;;;IK;4319;0;0;0;RS25C60G16W;RS25C60G16W;RS que nong C60G16;RS que nong C60G16;ZHAL;;4319;3001;0;0100
260713TA;000010084222;REL - Released;2026-07-13 00:00:00;2026-07-04 00:00:00;2026-07-20 00:00:00;32097;260713TA;RS/A60G16SQZ_S;RS*A60G16SQZ;Introducer II H;Introducer II H;;;IK;4319;0;0;0;SS50X050ZV;SS50X050ZV;CYLINDER SS-02SZ;XI LANH SS-02SZ;ZROH;;4319;3001;0;0110
260713TA;000010084222;REL - Released;2026-07-13 00:00:00;2026-07-04 00:00:00;2026-07-20 00:00:00;32097;260713TA;RS/A60G16SQZ_S;RS*A60G16SQZ;Introducer II H;Introducer II H;;;IK;4319;0;0;0;SC55S2032BV;SC55S2032BV;NON STERILE PARTS FS2032;KIM LUỒN FS2032;ZROH;;4319;3001;0;0120
260713TA;000010084222;REL - Released;2026-07-13 00:00:00;2026-07-04 00:00:00;2026-07-20 00:00:00;32097;260713TA;RS/A60G16SQZ_S;RS*A60G16SQZ;Introducer II H;Introducer II H;;;IK;4319;0;0;0;RS06X003V;RS06X003V;TVC KAI SURGICAL KNIFE;Dao rạch KAI TVC;ZROH;;4319;3001;0;0130
260713TA;000010084222;REL - Released;2026-07-13 00:00:00;2026-07-04 00:00:00;2026-07-20 00:00:00;32097;260713TA;RS/A60G16SQZ_S;RS*A60G16SQZ;Introducer II H;Introducer II H;;;IK;4319;0;0;0;RS32X111V;RS32X111V;STANDARD TRAY L;KHAY ĐỠ LOẠI L;ZROH;;4319;3001;0;0140
260713TB;000010084223;REL - Released;2026-07-13 00:00:00;2026-07-04 00:00:00;2026-07-20 00:00:00;32097;260713TB;RS/A60G16SQZ_S;RS*A60G16SQZ;Introducer II H;Introducer II H;;;IK;4319;0;0;0;RS34M6001-N2;RS34M6001-N2;PEEL LABEL 6Fr M26 non CE;Nhãn túi đóng gói 6Fr M26 không CE;ZROH;;4319;3001;0;0010
260713TB;000010084223;REL - Released;2026-07-13 00:00:00;2026-07-04 00:00:00;2026-07-20 00:00:00;32097;260713TB;RS/A60G16SQZ_S;RS*A60G16SQZ;Introducer II H;Introducer II H;;;IK;4319;0;0;0;RS34M6005-N2;RS34M6005-N2;UNIT BOX LABEL 6Fr M26 non CE;Nhãn hộp đơn vị 6Fr M26 không CE;ZROH;;864;3001;0;0020
260713TB;000010084223;REL - Released;2026-07-13 00:00:00;2026-07-04 00:00:00;2026-07-20 00:00:00;32097;260713TB;RS/A60G16SQZ_S;RS*A60G16SQZ;Introducer II H;Introducer II H;;;IK;4319;0;0;0;RS34M20-N2;RS34M20-N2;SHIPPING BOX LABEL M26 non CE;Nhãn thùng xuất xưởng M26 không CE;ZROH;;432;3001;0;0030
260713TB;000010084223;REL - Released;2026-07-13 00:00:00;2026-07-04 00:00:00;2026-07-20 00:00:00;32097;260713TB;RS/A60G16SQZ_S;RS*A60G16SQZ;Introducer II H;Introducer II H;;;IK;4319;0;0;0;RS30XGTL1V-1;RS30XGTL1V-1;TYVEK PEELPACK M26 (TRAY L);Túi đóng gói Tyvek (có khay L);ZROH;;4319;3001;0;0040
260713TB;000010084223;REL - Released;2026-07-13 00:00:00;2026-07-04 00:00:00;2026-07-20 00:00:00;32097;260713TB;RS/A60G16SQZ_S;RS*A60G16SQZ;Introducer II H;Introducer II H;;;IK;4319;0;0;0;RS36M805LV-1;RS36M805LV-1;RS 5 SET M26 TRAY L TVC;RS 5set M26 khay L TVC;ZROH;;864;3001;0;0050
260713TB;000010084223;REL - Released;2026-07-13 00:00:00;2026-07-04 00:00:00;2026-07-20 00:00:00;32097;260713TB;RS/A60G16SQZ_S;RS*A60G16SQZ;Introducer II H;Introducer II H;;;IK;4319;0;0;0;RS37E003V;RS37E003V;RS MULTI 20 SET TRAY L TVC;RS đa ngôn ngữ 20 set khay L TVC;ZROH;;216;3001;0;0060
260713TB;000010084223;REL - Released;2026-07-13 00:00:00;2026-07-04 00:00:00;2026-07-20 00:00:00;32097;260713TB;RS/A60G16SQZ_S;RS*A60G16SQZ;Introducer II H;Introducer II H;;;IK;4319;0;0;0;RS33M021NV-1;RS33M021NV-1;IFU M26 TRAY/POUCH Non CE;HDSD M26 có khay/không khay (không CE);ZROH;;864;3001;0;0070
260713TB;000010084223;REL - Released;2026-07-13 00:00:00;2026-07-04 00:00:00;2026-07-20 00:00:00;32097;260713TB;RS/A60G16SQZ_S;RS*A60G16SQZ;Introducer II H;Introducer II H;;;IK;4319;0;0;0;MSA60G16SQZY;MSA60G16SQZY;Bộ dây dẫn mini;Bộ dây dẫn mini;ZHAL;;4319;3001;0;0080
260713TB;000010084223;REL - Released;2026-07-13 00:00:00;2026-07-04 00:00:00;2026-07-20 00:00:00;32097;260713TB;RS/A60G16SQZ_S;RS*A60G16SQZ;Introducer II H;Introducer II H;;;IK;4319;0;0;0;RS60E06016;RS60E06016;RS*lắp ráp 6FR 16CM;RS*lắp ráp 6FR 16CM;ZHAL;;4319;3001;0;0090
260713TB;000010084223;REL - Released;2026-07-13 00:00:00;2026-07-04 00:00:00;2026-07-20 00:00:00;32097;260713TB;RS/A60G16SQZ_S;RS*A60G16SQZ;Introducer II H;Introducer II H;;;IK;4319;0;0;0;RS25C60G16W;RS25C60G16W;RS que nong C60G16;RS que nong C60G16;ZHAL;;4319;3001;0;0100
260713TB;000010084223;REL - Released;2026-07-13 00:00:00;2026-07-04 00:00:00;2026-07-20 00:00:00;32097;260713TB;RS/A60G16SQZ_S;RS*A60G16SQZ;Introducer II H;Introducer II H;;;IK;4319;0;0;0;SS50X050ZV;SS50X050ZV;CYLINDER SS-02SZ;XI LANH SS-02SZ;ZROH;;4319;3001;0;0110
260713TB;000010084223;REL - Released;2026-07-13 00:00:00;2026-07-04 00:00:00;2026-07-20 00:00:00;32097;260713TB;RS/A60G16SQZ_S;RS*A60G16SQZ;Introducer II H;Introducer II H;;;IK;4319;0;0;0;SC55S2032BV;SC55S2032BV;NON STERILE PARTS FS2032;KIM LUỒN FS2032;ZROH;;4319;3001;0;0120
260713TB;000010084223;REL - Released;2026-07-13 00:00:00;2026-07-04 00:00:00;2026-07-20 00:00:00;32097;260713TB;RS/A60G16SQZ_S;RS*A60G16SQZ;Introducer II H;Introducer II H;;;IK;4319;0;0;0;RS06X003V;RS06X003V;TVC KAI SURGICAL KNIFE;Dao rạch KAI TVC;ZROH;;4319;3001;0;0130
260713TB;000010084223;REL - Released;2026-07-13 00:00:00;2026-07-04 00:00:00;2026-07-20 00:00:00;32097;260713TB;RS/A60G16SQZ_S;RS*A60G16SQZ;Introducer II H;Introducer II H;;;IK;4319;0;0;0;RS32X111V;RS32X111V;STANDARD TRAY L;KHAY ĐỠ LOẠI L;ZROH;;4319;3001;0;0140
260713TC;000010084224;REL - Released;2026-07-13 00:00:00;2026-07-04 00:00:00;2026-07-20 00:00:00;32097;260713TC;RS/A60G16SQZ_S;RS*A60G16SQZ;Introducer II H;Introducer II H;;;IK;4319;0;0;0;RS34M6001-N2;RS34M6001-N2;PEEL LABEL 6Fr M26 non CE;Nhãn túi đóng gói 6Fr M26 không CE;ZROH;;4319;3001;0;0010
260713TC;000010084224;REL - Released;2026-07-13 00:00:00;2026-07-04 00:00:00;2026-07-20 00:00:00;32097;260713TC;RS/A60G16SQZ_S;RS*A60G16SQZ;Introducer II H;Introducer II H;;;IK;4319;0;0;0;RS34M6005-N2;RS34M6005-N2;UNIT BOX LABEL 6Fr M26 non CE;Nhãn hộp đơn vị 6Fr M26 không CE;ZROH;;864;3001;0;0020
260713TC;000010084224;REL - Released;2026-07-13 00:00:00;2026-07-04 00:00:00;2026-07-20 00:00:00;32097;260713TC;RS/A60G16SQZ_S;RS*A60G16SQZ;Introducer II H;Introducer II H;;;IK;4319;0;0;0;RS34M20-N2;RS34M20-N2;SHIPPING BOX LABEL M26 non CE;Nhãn thùng xuất xưởng M26 không CE;ZROH;;432;3001;0;0030
260713TC;000010084224;REL - Released;2026-07-13 00:00:00;2026-07-04 00:00:00;2026-07-20 00:00:00;32097;260713TC;RS/A60G16SQZ_S;RS*A60G16SQZ;Introducer II H;Introducer II H;;;IK;4319;0;0;0;RS30XGTL1V-1;RS30XGTL1V-1;TYVEK PEELPACK M26 (TRAY L);Túi đóng gói Tyvek (có khay L);ZROH;;4319;3001;0;0040
260713TC;000010084224;REL - Released;2026-07-13 00:00:00;2026-07-04 00:00:00;2026-07-20 00:00:00;32097;260713TC;RS/A60G16SQZ_S;RS*A60G16SQZ;Introducer II H;Introducer II H;;;IK;4319;0;0;0;RS36M805LV-1;RS36M805LV-1;RS 5 SET M26 TRAY L TVC;RS 5set M26 khay L TVC;ZROH;;864;3001;0;0050
260713TC;000010084224;REL - Released;2026-07-13 00:00:00;2026-07-04 00:00:00;2026-07-20 00:00:00;32097;260713TC;RS/A60G16SQZ_S;RS*A60G16SQZ;Introducer II H;Introducer II H;;;IK;4319;0;0;0;RS37E003V;RS37E003V;RS MULTI 20 SET TRAY L TVC;RS đa ngôn ngữ 20 set khay L TVC;ZROH;;216;3001;0;0060
260713TC;000010084224;REL - Released;2026-07-13 00:00:00;2026-07-04 00:00:00;2026-07-20 00:00:00;32097;260713TC;RS/A60G16SQZ_S;RS*A60G16SQZ;Introducer II H;Introducer II H;;;IK;4319;0;0;0;RS33M021NV-1;RS33M021NV-1;IFU M26 TRAY/POUCH Non CE;HDSD M26 có khay/không khay (không CE);ZROH;;864;3001;0;0070
260713TC;000010084224;REL - Released;2026-07-13 00:00:00;2026-07-04 00:00:00;2026-07-20 00:00:00;32097;260713TC;RS/A60G16SQZ_S;RS*A60G16SQZ;Introducer II H;Introducer II H;;;IK;4319;0;0;0;MSA60G16SQZY;MSA60G16SQZY;Bộ dây dẫn mini;Bộ dây dẫn mini;ZHAL;;4319;3001;0;0080
260713TC;000010084224;REL - Released;2026-07-13 00:00:00;2026-07-04 00:00:00;2026-07-20 00:00:00;32097;260713TC;RS/A60G16SQZ_S;RS*A60G16SQZ;Introducer II H;Introducer II H;;;IK;4319;0;0;0;RS60E06016;RS60E06016;RS*lắp ráp 6FR 16CM;RS*lắp ráp 6FR 16CM;ZHAL;;4319;3001;0;0090
260713TC;000010084224;REL - Released;2026-07-13 00:00:00;2026-07-04 00:00:00;2026-07-20 00:00:00;32097;260713TC;RS/A60G16SQZ_S;RS*A60G16SQZ;Introducer II H;Introducer II H;;;IK;4319;0;0;0;RS25C60G16W;RS25C60G16W;RS que nong C60G16;RS que nong C60G16;ZHAL;;4319;3001;0;0100
260713TC;000010084224;REL - Released;2026-07-13 00:00:00;2026-07-04 00:00:00;2026-07-20 00:00:00;32097;260713TC;RS/A60G16SQZ_S;RS*A60G16SQZ;Introducer II H;Introducer II H;;;IK;4319;0;0;0;SS50X050ZV;SS50X050ZV;CYLINDER SS-02SZ;XI LANH SS-02SZ;ZROH;;4319;3001;0;0110
260713TC;000010084224;REL - Released;2026-07-13 00:00:00;2026-07-04 00:00:00;2026-07-20 00:00:00;32097;260713TC;RS/A60G16SQZ_S;RS*A60G16SQZ;Introducer II H;Introducer II H;;;IK;4319;0;0;0;SC55S2032BV;SC55S2032BV;NON STERILE PARTS FS2032;KIM LUỒN FS2032;ZROH;;4319;3001;0;0120
260713TC;000010084224;REL - Released;2026-07-13 00:00:00;2026-07-04 00:00:00;2026-07-20 00:00:00;32097;260713TC;RS/A60G16SQZ_S;RS*A60G16SQZ;Introducer II H;Introducer II H;;;IK;4319;0;0;0;RS06X003V;RS06X003V;TVC KAI SURGICAL KNIFE;Dao rạch KAI TVC;ZROH;;4319;3001;0;0130
260713TC;000010084224;REL - Released;2026-07-13 00:00:00;2026-07-04 00:00:00;2026-07-20 00:00:00;32097;260713TC;RS/A60G16SQZ_S;RS*A60G16SQZ;Introducer II H;Introducer II H;;;IK;4319;0;0;0;RS32X111V;RS32X111V;STANDARD TRAY L;KHAY ĐỠ LOẠI L;ZROH;;4319;3001;0;0140
260713TA;000010084225;CRTD - Created;2026-07-13 00:00:00;;2026-07-20 00:00:00;32097;260713TA;RS/A70K10SQ_S;RS*A70K10SQ;Introducer II H;Introducer II H;;;IK;13119;0;0;0;RS34M7001-N2;RS34M7001-N2;PEEL LABEL 7Fr M26 non CE;Nhãn túi đóng gói 7Fr M26 không CE;ZROH;;13119;3001;0;0010
260713TA;000010084225;CRTD - Created;2026-07-13 00:00:00;;2026-07-20 00:00:00;32097;260713TA;RS/A70K10SQ_S;RS*A70K10SQ;Introducer II H;Introducer II H;;;IK;13119;0;0;0;RS34M7005-N2;RS34M7005-N2;UNIT BOX LABEL 7Fr M26 non CE;Nhãn hộp đơn vị 7Fr M26 không CE;ZROH;;2624;3001;0;0020
260713TA;000010084225;CRTD - Created;2026-07-13 00:00:00;;2026-07-20 00:00:00;32097;260713TA;RS/A70K10SQ_S;RS*A70K10SQ;Introducer II H;Introducer II H;;;IK;13119;0;0;0;RS34M20-N2;RS34M20-N2;SHIPPING BOX LABEL M26 non CE;Nhãn thùng xuất xưởng M26 không CE;ZROH;;1312;3001;0;0030
260713TA;000010084225;CRTD - Created;2026-07-13 00:00:00;;2026-07-20 00:00:00;32097;260713TA;RS/A70K10SQ_S;RS*A70K10SQ;Introducer II H;Introducer II H;;;IK;13119;0;0;0;RS30XGTS1V-1;RS30XGTS1V-1;TYVEK PEELPACK M26 (TRAY S);Túi đóng gói Tyvek (có khay S);ZROH;;13119;3001;0;0040
260713TA;000010084225;CRTD - Created;2026-07-13 00:00:00;;2026-07-20 00:00:00;32097;260713TA;RS/A70K10SQ_S;RS*A70K10SQ;Introducer II H;Introducer II H;;;IK;13119;0;0;0;RS36M805SV-1;RS36M805SV-1;RS 5 SET M26 TRAY S TVC;RS 5set M26 khay S TVC;ZROH;;2624;3001;0;0050
260713TA;000010084225;CRTD - Created;2026-07-13 00:00:00;;2026-07-20 00:00:00;32097;260713TA;RS/A70K10SQ_S;RS*A70K10SQ;Introducer II H;Introducer II H;;;IK;13119;0;0;0;RS37E002V;RS37E002V;RS MULTI 20 SET TRAY S TVC;RS đa ngôn ngữ 20 set khay S TVC;ZROH;;656;3001;0;0060
260713TA;000010084225;CRTD - Created;2026-07-13 00:00:00;;2026-07-20 00:00:00;32097;260713TA;RS/A70K10SQ_S;RS*A70K10SQ;Introducer II H;Introducer II H;;;IK;13119;0;0;0;RS33M021NV-1;RS33M021NV-1;IFU M26 TRAY/POUCH Non CE;HDSD M26 có khay/không khay (không CE);ZROH;;2624;3001;0;0070
260713TA;000010084225;CRTD - Created;2026-07-13 00:00:00;;2026-07-20 00:00:00;32097;260713TA;RS/A70K10SQ_S;RS*A70K10SQ;Introducer II H;Introducer II H;;;IK;13119;0;0;0;MSA70K10SQY;MSA70K10SQY;Bộ dây dẫn mini;Bộ dây dẫn mini;ZHAL;;13119;3001;0;0080
260713TA;000010084225;CRTD - Created;2026-07-13 00:00:00;;2026-07-20 00:00:00;32097;260713TA;RS/A70K10SQ_S;RS*A70K10SQ;Introducer II H;Introducer II H;;;IK;13119;0;0;0;RS60E07010;RS60E07010;RS*lắp ráp 7FR 10CM;RS*lắp ráp 7FR 10CM;ZHAL;;13119;3001;0;0090
260713TA;000010084225;CRTD - Created;2026-07-13 00:00:00;;2026-07-20 00:00:00;32097;260713TA;RS/A70K10SQ_S;RS*A70K10SQ;Introducer II H;Introducer II H;;;IK;13119;0;0;0;RS25E70K10S;RS25E70K10S;RS que nong S 70K10;RS que nong S 70K10;ZHAL;;13119;3001;0;0100
260713TA;000010084225;CRTD - Created;2026-07-13 00:00:00;;2026-07-20 00:00:00;32097;260713TA;RS/A70K10SQ_S;RS*A70K10SQ;Introducer II H;Introducer II H;;;IK;13119;0;0;0;SS50X050ZV;SS50X050ZV;CYLINDER SS-02SZ;XI LANH SS-02SZ;ZROH;;13119;3001;0;0110
260713TA;000010084225;CRTD - Created;2026-07-13 00:00:00;;2026-07-20 00:00:00;32097;260713TA;RS/A70K10SQ_S;RS*A70K10SQ;Introducer II H;Introducer II H;;;IK;13119;0;0;0;SC55S1864BV;SC55S1864BV;NON STERILE PARTS FS1864;KIM LUỒN FS1864;ZROH;;13119;3001;0;0120
260713TA;000010084225;CRTD - Created;2026-07-13 00:00:00;;2026-07-20 00:00:00;32097;260713TA;RS/A70K10SQ_S;RS*A70K10SQ;Introducer II H;Introducer II H;;;IK;13119;0;0;0;RS32X110V;RS32X110V;STANDARD TRAY S;KHAY ĐỠ LOẠI S;ZROH;;13119;3001;0;0130
260714G01;000010084226;CRTD - Created;2026-07-14 00:00:00;;2026-07-21 00:00:00;32060;260714G01;CRS25C60D10W;CRS25C60D10W;Ống q/nong sau cắt  60D10CM;Ống q/nong sau cắt 60D10CM;;;IK;6307;0;0;0;RS92S060A;RS92S060A;BEFORE-CHECK A DILATOR TUBE S6FR;Que nong S6Fr trước kiểm tra A;ZROH;;901;3001;0;0010
260714G01;000010084227;CRTD - Created;2026-07-14 00:00:00;;2026-07-21 00:00:00;32065;260714G01;RS25C60D10W;RS25C60D10W;RS que nong C60D10;RS que nong C60D10;;;IK;6307;0;0;0;CRS25C60D10W;CRS25C60D10W;Ống q/nong sau cắt  60D10CM;Ống q/nong sau cắt 60D10CM;ZHAL;;6307;3001;0;0010
260714G01;000010084227;CRTD - Created;2026-07-14 00:00:00;;2026-07-21 00:00:00;32065;260714G01;RS25C60D10W;RS25C60D10W;RS que nong C60D10;RS que nong C60D10;;;IK;6307;0;0;0;RS27X100V;RS27X100V;DILATOR LOCK PIN A TVC;RS CHỐT QUE NONG LOẠI A TVC;ZROH;;6307;3001;0;0020
260714G01;000010084227;CRTD - Created;2026-07-14 00:00:00;;2026-07-21 00:00:00;32065;260714G01;RS25C60D10W;RS25C60D10W;RS que nong C60D10;RS que nong C60D10;;;IK;6307;0;0;0;RS00X660EV1;RS00X660EV1;DILATOR HUB 6FR;CHUÔI QUE NONG 6FR;ZROH;;6307;3001;0;0030
260714G01;000010084228;CRTD - Created;2026-07-14 00:00:00;;2026-07-21 00:00:00;32050;260714G01;CRS26Q6010M;CRS26Q6010M;Ống sheath M sau cắt 6FR10CM;Ống sheath M sau cắt 6FR10CM;;;IK;6348;0;0;0;RS04X261V;RS04X261V;ETFE TUBE (SHEATH) 6FR;ỐNG ETFE (SHEATH) 6FR;ZROH;;1058;3001;0;0010
260714G01;000010084229;CRTD - Created;2026-07-14 00:00:00;;2026-07-21 00:00:00;32055;260714G01;RS26Q6010M;RS26Q6010M;RS Sheath 0.20 60x10  M;RS Sheath 0.20 60x10 M;;;IK;6348;0;0;0;CRS26Q6010M;CRS26Q6010M;Ống sheath M sau cắt 6FR10CM;Ống sheath M sau cắt 6FR10CM;ZHAL;;6348;3001;0;0010
260714G01;000010084229;CRTD - Created;2026-07-14 00:00:00;;2026-07-21 00:00:00;32055;260714G01;RS26Q6010M;RS26Q6010M;RS Sheath 0.20 60x10  M;RS Sheath 0.20 60x10 M;;;IK;6348;0;0;0;RS27X006V;RS27X006V;SHEATH LOCK PIN RS 6FR;Chốt sheath RS 6Fr;ZROH;;6348;3001;0;0020
260714G01;000010084230;CRTD - Created;2026-07-14 00:00:00;;2026-07-21 00:00:00;32070;260714G01;RS60E06010M;RS60E06010M;RS*lắp ráp 6FR 10cm M;RS*lắp ráp 6FR 10cm M;;;IK;6390;0;0;0;RS26Q6010M;RS26Q6010M;RS Sheath 0.20 60x10  M;RS Sheath 0.20 60x10 M;ZHAL;;6390;3001;0;0010
260714G01;000010084230;CRTD - Created;2026-07-14 00:00:00;;2026-07-21 00:00:00;32070;260714G01;RS60E06010M;RS60E06010M;RS*lắp ráp 6FR 10cm M;RS*lắp ráp 6FR 10cm M;;;IK;6390;0;0;0;RS00X261EV1;RS00X261EV1;SHEATH HOUSING 6FR;SHEATH HOUSING 6FR;ZROH;;6390;3001;0;0020
260714G01;000010084230;CRTD - Created;2026-07-14 00:00:00;;2026-07-21 00:00:00;32070;260714G01;RS60E06010M;RS60E06010M;RS*lắp ráp 6FR 10cm M;RS*lắp ráp 6FR 10cm M;;;IK;6390;0;0;0;RS00X222KV;RS00X222KV;SHEATH CAP RS A TVC NEW TYPE;Nắp sheath RS A TVC Loại mới;ZROH;;6390;3001;0;0030
260714G01;000010084230;CRTD - Created;2026-07-14 00:00:00;;2026-07-21 00:00:00;32070;260714G01;RS60E06010M;RS60E06010M;RS*lắp ráp 6FR 10cm M;RS*lắp ráp 6FR 10cm M;;;IK;6390;0;0;0;RS23X000V;RS23X000V;VALVE RFS TVC;Van RFS TVC;ZROH;;6390;3001;0;0040
260714G01;000010084230;CRTD - Created;2026-07-14 00:00:00;;2026-07-21 00:00:00;32070;260714G01;RS60E06010M;RS60E06010M;RS*lắp ráp 6FR 10cm M;RS*lắp ráp 6FR 10cm M;;;IK;6390;0;0;0;RS00E460EV1;RS00E460EV1;SHEATH SUPPORT 6FR;THÂN ĐỠ SHEATH 6FR;ZROH;;6390;3001;0;0050
260714G01;000010084230;CRTD - Created;2026-07-14 00:00:00;;2026-07-21 00:00:00;32070;260714G01;RS60E06010M;RS60E06010M;RS*lắp ráp 6FR 10cm M;RS*lắp ráp 6FR 10cm M;;;IK;6390;0;0;0;TS40X511RSVA;TS40X511RSVA;NON STERILE PART 3WAY COCK;VAN TAM THÔNG;ZROH;;6390;3001;0;0060
260714G01;000010084230;CRTD - Created;2026-07-14 00:00:00;;2026-07-21 00:00:00;32070;260714G01;RS60E06010M;RS60E06010M;RS*lắp ráp 6FR 10cm M;RS*lắp ráp 6FR 10cm M;;;IK;6390;0;0;0;RS90X000V;RS90X000V;Ống Arm;Ống Arm;ZHAL;;6390;3001;0;0070
260714G01;000010084231;CRTD - Created;2026-07-14 00:00:00;;2026-07-21 00:00:00;32085;260714G01;MMRF6F10PQ;MMRF6F10PQ;Bộ dây dẫn mini M;Bộ dây dẫn mini M;;;IK;6159;0;0;0;RS05X541AIV;RS05X541AIV;SPRING MINI GW 2145;DÂY DẪN MINI SPRING 2145;ZROH;;6159;3001;0;0010
260714G01;000010084231;CRTD - Created;2026-07-14 00:00:00;;2026-07-21 00:00:00;32085;260714G01;MMRF6F10PQ;MMRF6F10PQ;Bộ dây dẫn mini M;Bộ dây dẫn mini M;;;IK;6159;0;0;0;RG90X0405VB;RG90X0405VB;Ống bọc ngoài xanh 405;Ống bọc ngoài xanh 405;ZHAL;;6159;3001;0;0020
260714G01;000010084232;CRTD - Created;2026-07-14 00:00:00;;2026-07-21 00:00:00;32060;260714G01;CRS25E50G07W;CRS25E50G07W;Ống q/nong sau cắt  50G07CM;Ống q/nong sau cắt 50G07CM;;;IK;13491;0;0;0;RS92S050A;RS92S050A;BEFORE-CHECK A DILATOR TUBE S5FR;Que nong S5Fr trước kiểm tra A;ZROH;;1499;3001;0;0010
260714G01;000010084233;CRTD - Created;2026-07-14 00:00:00;;2026-07-21 00:00:00;32060;260714G01;CRS25C60A10W;CRS25C60A10W;Ống q/nong sau cắt  60A10CM;Ống q/nong sau cắt 60A10CM;;;IK;13419;0;0;0;RS92S060A;RS92S060A;BEFORE-CHECK A DILATOR TUBE S6FR;Que nong S6Fr trước kiểm tra A;ZROH;;1917;3001;0;0010
260714G01;000010084234;CRTD - Created;2026-07-14 00:00:00;;2026-07-21 00:00:00;32065;260714G01;RS25E50G07W;RS25E50G07W;RS que nong E50G07;RS que nong E50G07;;;IK;13491;0;0;0;CRS25E50G07W;CRS25E50G07W;Ống q/nong sau cắt  50G07CM;Ống q/nong sau cắt 50G07CM;ZHAL;;13491;3001;0;0010
260714G01;000010084234;CRTD - Created;2026-07-14 00:00:00;;2026-07-21 00:00:00;32065;260714G01;RS25E50G07W;RS25E50G07W;RS que nong E50G07;RS que nong E50G07;;;IK;13491;0;0;0;RS27X100V;RS27X100V;DILATOR LOCK PIN A TVC;RS CHỐT QUE NONG LOẠI A TVC;ZROH;;13491;3001;0;0020
260714G01;000010084234;CRTD - Created;2026-07-14 00:00:00;;2026-07-21 00:00:00;32065;260714G01;RS25E50G07W;RS25E50G07W;RS que nong E50G07;RS que nong E50G07;;;IK;13491;0;0;0;RS00X650EV1;RS00X650EV1;DILATOR HUB 5FR;CHUÔI QUE NONG 5FR;ZROH;;13491;3001;0;0030
260714G01;000010084235;CRTD - Created;2026-07-14 00:00:00;;2026-07-21 00:00:00;32065;260714G01;RS25C60A10W;RS25C60A10W;RS que nong C60A10;RS que nong C60A10;;;IK;13419;0;0;0;CRS25C60A10W;CRS25C60A10W;Ống q/nong sau cắt  60A10CM;Ống q/nong sau cắt 60A10CM;ZHAL;;13419;3001;0;0010
260714G01;000010084235;CRTD - Created;2026-07-14 00:00:00;;2026-07-21 00:00:00;32065;260714G01;RS25C60A10W;RS25C60A10W;RS que nong C60A10;RS que nong C60A10;;;IK;13419;0;0;0;RS27X100V;RS27X100V;DILATOR LOCK PIN A TVC;RS CHỐT QUE NONG LOẠI A TVC;ZROH;;13419;3001;0;0020
260714G01;000010084235;CRTD - Created;2026-07-14 00:00:00;;2026-07-21 00:00:00;32065;260714G01;RS25C60A10W;RS25C60A10W;RS que nong C60A10;RS que nong C60A10;;;IK;13419;0;0;0;RS00X660EV1;RS00X660EV1;DILATOR HUB 6FR;CHUÔI QUE NONG 6FR;ZROH;;13419;3001;0;0030
260714G01;000010084236;CRTD - Created;2026-07-14 00:00:00;;2026-07-21 00:00:00;32050;260714G01;CRS26Q5007;CRS26Q5007;Ống sheath sau cắt  5FR07CM;Ống sheath sau cắt 5FR07CM;;;IK;13203;0;0;0;RS04X251V;RS04X251V;ETFE TUBE (SHEATH) 5FR;ỐNG ETFE (SHEATH) 5FR;ZROH;;1467;3001;0;0010
260714G01;000010084237;CRTD - Created;2026-07-14 00:00:00;;2026-07-21 00:00:00;32050;260714G01;CRS26Q6010;CRS26Q6010;Ống sheath sau cắt  6FR10CM;Ống sheath sau cắt 6FR10CM;;;IK;13181;0;0;0;RS04X261V;RS04X261V;ETFE TUBE (SHEATH) 6FR;ỐNG ETFE (SHEATH) 6FR;ZROH;;1883;3001;0;0010
260714G01;000010084238;CRTD - Created;2026-07-14 00:00:00;;2026-07-21 00:00:00;32055;260714G01;RS26Q5007;RS26Q5007;RS Sheath 0.20 50X07;RS Sheath 0.20 50X07;;;IK;13203;0;0;0;CRS26Q5007;CRS26Q5007;Ống sheath sau cắt  5FR07CM;Ống sheath sau cắt 5FR07CM;ZHAL;;13203;3001;0;0010
260714G01;000010084238;CRTD - Created;2026-07-14 00:00:00;;2026-07-21 00:00:00;32055;260714G01;RS26Q5007;RS26Q5007;RS Sheath 0.20 50X07;RS Sheath 0.20 50X07;;;IK;13203;0;0;0;RS27X005V;RS27X005V;SHEATH LOCK PIN RS 5FR;Chốt sheath RS 5Fr;ZROH;;13203;3001;0;0020
260714G01;000010084239;CRTD - Created;2026-07-14 00:00:00;;2026-07-21 00:00:00;32055;260714G01;RS26Q6010;RS26Q6010;RS Sheath 0.20 60X10;RS Sheath 0.20 60X10;;;IK;13181;0;0;0;CRS26Q6010;CRS26Q6010;Ống sheath sau cắt  6FR10CM;Ống sheath sau cắt 6FR10CM;ZHAL;;13181;3001;0;0010
260714G01;000010084239;CRTD - Created;2026-07-14 00:00:00;;2026-07-21 00:00:00;32055;260714G01;RS26Q6010;RS26Q6010;RS Sheath 0.20 60X10;RS Sheath 0.20 60X10;;;IK;13181;0;0;0;RS27X006V;RS27X006V;SHEATH LOCK PIN RS 6FR;Chốt sheath RS 6Fr;ZROH;;13181;3001;0;0020
260714G01;000010084240;CRTD - Created;2026-07-14 00:00:00;;2026-07-21 00:00:00;32070;260714G01;RS60E05007;RS60E05007;RS*lắp ráp 5FR 7CM;RS*lắp ráp 5FR 7CM;;;IK;13203;0;0;0;RS26Q5007;RS26Q5007;RS Sheath 0.20 50X07;RS Sheath 0.20 50X07;ZHAL;;13203;3001;0;0010
260714G01;000010084240;CRTD - Created;2026-07-14 00:00:00;;2026-07-21 00:00:00;32070;260714G01;RS60E05007;RS60E05007;RS*lắp ráp 5FR 7CM;RS*lắp ráp 5FR 7CM;;;IK;13203;0;0;0;RS00E251EV;RS00E251EV;SHEATH HOUSING 5FR;SHEATH HOUSING 5FR;ZROH;;13203;3001;0;0020
260714G01;000010084240;CRTD - Created;2026-07-14 00:00:00;;2026-07-21 00:00:00;32070;260714G01;RS60E05007;RS60E05007;RS*lắp ráp 5FR 7CM;RS*lắp ráp 5FR 7CM;;;IK;13203;0;0;0;RS00X222KV;RS00X222KV;SHEATH CAP RS A TVC NEW TYPE;Nắp sheath RS A TVC Loại mới;ZROH;;13203;3001;0;0030
260714G01;000010084240;CRTD - Created;2026-07-14 00:00:00;;2026-07-21 00:00:00;32070;260714G01;RS60E05007;RS60E05007;RS*lắp ráp 5FR 7CM;RS*lắp ráp 5FR 7CM;;;IK;13203;0;0;0;RS23X000V;RS23X000V;VALVE RFS TVC;Van RFS TVC;ZROH;;13203;3001;0;0040
260714G01;000010084240;CRTD - Created;2026-07-14 00:00:00;;2026-07-21 00:00:00;32070;260714G01;RS60E05007;RS60E05007;RS*lắp ráp 5FR 7CM;RS*lắp ráp 5FR 7CM;;;IK;13203;0;0;0;RS00E450EV;RS00E450EV;SHEATH SUPPORT 5FR;THÂN ĐỠ SHEATH 5FR;ZROH;;13203;3001;0;0050
260714G01;000010084240;CRTD - Created;2026-07-14 00:00:00;;2026-07-21 00:00:00;32070;260714G01;RS60E05007;RS60E05007;RS*lắp ráp 5FR 7CM;RS*lắp ráp 5FR 7CM;;;IK;13203;0;0;0;TS40X511RSVA;TS40X511RSVA;NON STERILE PART 3WAY COCK;VAN TAM THÔNG;ZROH;;13203;3001;0;0060
260714G01;000010084240;CRTD - Created;2026-07-14 00:00:00;;2026-07-21 00:00:00;32070;260714G01;RS60E05007;RS60E05007;RS*lắp ráp 5FR 7CM;RS*lắp ráp 5FR 7CM;;;IK;13203;0;0;0;RS90X000V;RS90X000V;Ống Arm;Ống Arm;ZHAL;;13203;3001;0;0070
260714G01;000010084241;CRTD - Created;2026-07-14 00:00:00;;2026-07-21 00:00:00;32070;260714G01;RS60E06010;RS60E06010;RS*lắp ráp 6FR 10CM;RS*lắp ráp 6FR 10CM;;;IK;13181;0;0;0;RS26Q6010;RS26Q6010;RS Sheath 0.20 60X10;RS Sheath 0.20 60X10;ZHAL;;13181;3001;0;0010
260714G01;000010084241;CRTD - Created;2026-07-14 00:00:00;;2026-07-21 00:00:00;32070;260714G01;RS60E06010;RS60E06010;RS*lắp ráp 6FR 10CM;RS*lắp ráp 6FR 10CM;;;IK;13181;0;0;0;RS00X261EV1;RS00X261EV1;SHEATH HOUSING 6FR;SHEATH HOUSING 6FR;ZROH;;13181;3001;0;0020
260714G01;000010084241;CRTD - Created;2026-07-14 00:00:00;;2026-07-21 00:00:00;32070;260714G01;RS60E06010;RS60E06010;RS*lắp ráp 6FR 10CM;RS*lắp ráp 6FR 10CM;;;IK;13181;0;0;0;RS00X222KV;RS00X222KV;SHEATH CAP RS A TVC NEW TYPE;Nắp sheath RS A TVC Loại mới;ZROH;;13181;3001;0;0030
260714G01;000010084241;CRTD - Created;2026-07-14 00:00:00;;2026-07-21 00:00:00;32070;260714G01;RS60E06010;RS60E06010;RS*lắp ráp 6FR 10CM;RS*lắp ráp 6FR 10CM;;;IK;13181;0;0;0;RS23X000V;RS23X000V;VALVE RFS TVC;Van RFS TVC;ZROH;;13181;3001;0;0040
260714G01;000010084241;CRTD - Created;2026-07-14 00:00:00;;2026-07-21 00:00:00;32070;260714G01;RS60E06010;RS60E06010;RS*lắp ráp 6FR 10CM;RS*lắp ráp 6FR 10CM;;;IK;13181;0;0;0;RS00E460EV1;RS00E460EV1;SHEATH SUPPORT 6FR;THÂN ĐỠ SHEATH 6FR;ZROH;;13181;3001;0;0050
260714G01;000010084241;CRTD - Created;2026-07-14 00:00:00;;2026-07-21 00:00:00;32070;260714G01;RS60E06010;RS60E06010;RS*lắp ráp 6FR 10CM;RS*lắp ráp 6FR 10CM;;;IK;13181;0;0;0;TS40X511RSVA;TS40X511RSVA;NON STERILE PART 3WAY COCK;VAN TAM THÔNG;ZROH;;13181;3001;0;0060
260714G01;000010084241;CRTD - Created;2026-07-14 00:00:00;;2026-07-21 00:00:00;32070;260714G01;RS60E06010;RS60E06010;RS*lắp ráp 6FR 10CM;RS*lắp ráp 6FR 10CM;;;IK;13181;0;0;0;RS90X000V;RS90X000V;Ống Arm;Ống Arm;ZHAL;;13181;3001;0;0070
260714G01;000010084242;CRTD - Created;2026-07-14 00:00:00;;2026-07-21 00:00:00;32085;260714G01;MSR50G07PQ;MSR50G07PQ;Bộ dây dẫn mini;Bộ dây dẫn mini;;;IK;13119;0;0;0;RG90X0405VB;RG90X0405VB;Ống bọc ngoài xanh 405;Ống bọc ngoài xanh 405;ZHAL;;13119;3001;0;0010
260714G01;000010084242;CRTD - Created;2026-07-14 00:00:00;;2026-07-21 00:00:00;32085;260714G01;MSR50G07PQ;MSR50G07PQ;Bộ dây dẫn mini;Bộ dây dẫn mini;;;IK;13119;0;0;0;RS05X537AIV;RS05X537AIV;SPRING MINI GW S2545;DÂY DẪN MINI SPRING S2545;ZROH;;13119;3001;0;0020
260714G01;000010084243;CRTD - Created;2026-07-14 00:00:00;;2026-07-21 00:00:00;32085;260714G01;MSR60A10PQ;MSR60A10PQ;Bộ dây dẫn mini;Bộ dây dẫn mini;;;IK;13119;0;0;0;RG90X0405VB;RG90X0405VB;Ống bọc ngoài xanh 405;Ống bọc ngoài xanh 405;ZHAL;;13119;3001;0;0010
260714G01;000010084243;CRTD - Created;2026-07-14 00:00:00;;2026-07-21 00:00:00;32085;260714G01;MSR60A10PQ;MSR60A10PQ;Bộ dây dẫn mini;Bộ dây dẫn mini;;;IK;13119;0;0;0;RS05X551AIV;RS05X551AIV;SPRING MINI GW 0.018;DÂY DẪN MINI SPRING 0.018;ZROH;;13119;3001;0;0020
260714G01;000010084244;CRTD - Created;2026-07-14 00:00:00;;2026-07-21 00:00:00;32060;260714G01;CRS25C60G16W;CRS25C60G16W;Ống q/nong sau cắt  60G16CM;Ống q/nong sau cắt 60G16CM;;;IK;13260;0;0;0;RS92S060A;RS92S060A;BEFORE-CHECK A DILATOR TUBE S6FR;Que nong S6Fr trước kiểm tra A;ZROH;;2652;3001;0;0010
260714G01;000010084245;CRTD - Created;2026-07-14 00:00:00;;2026-07-21 00:00:00;32060;260714G01;CRS25C80K10W;CRS25C80K10W;Ống q/nong sau cắt  80K10CM;Ống q/nong sau cắt 80K10CM;;;IK;13433;0;0;0;RS92C080A;RS92C080A;BEFORE-CHECK A DILATOR TUBE C8FR;Que nong C8Fr trước kiểm tra A;ZROH;;1919;3001;0;0010
260714G01;000010084246;CRTD - Created;2026-07-14 00:00:00;;2026-07-21 00:00:00;32065;260714G01;RS25C60G16W;RS25C60G16W;RS que nong C60G16;RS que nong C60G16;;;IK;13260;0;0;0;CRS25C60G16W;CRS25C60G16W;Ống q/nong sau cắt  60G16CM;Ống q/nong sau cắt 60G16CM;ZHAL;;13260;3001;0;0010
260714G01;000010084246;CRTD - Created;2026-07-14 00:00:00;;2026-07-21 00:00:00;32065;260714G01;RS25C60G16W;RS25C60G16W;RS que nong C60G16;RS que nong C60G16;;;IK;13260;0;0;0;RS27X100V;RS27X100V;DILATOR LOCK PIN A TVC;RS CHỐT QUE NONG LOẠI A TVC;ZROH;;13260;3001;0;0020
260714G01;000010084246;CRTD - Created;2026-07-14 00:00:00;;2026-07-21 00:00:00;32065;260714G01;RS25C60G16W;RS25C60G16W;RS que nong C60G16;RS que nong C60G16;;;IK;13260;0;0;0;RS00X660EV1;RS00X660EV1;DILATOR HUB 6FR;CHUÔI QUE NONG 6FR;ZROH;;13260;3001;0;0030
260714G01;000010084247;CRTD - Created;2026-07-14 00:00:00;;2026-07-21 00:00:00;32065;260714G01;RS25C80K10W;RS25C80K10W;RS que nong C80K10;RS que nong C80K10;;;IK;13433;0;0;0;CRS25C80K10W;CRS25C80K10W;Ống q/nong sau cắt  80K10CM;Ống q/nong sau cắt 80K10CM;ZHAL;;13433;3001;0;0010
260714G01;000010084247;CRTD - Created;2026-07-14 00:00:00;;2026-07-21 00:00:00;32065;260714G01;RS25C80K10W;RS25C80K10W;RS que nong C80K10;RS que nong C80K10;;;IK;13433;0;0;0;RS27X100V;RS27X100V;DILATOR LOCK PIN A TVC;RS CHỐT QUE NONG LOẠI A TVC;ZROH;;13433;3001;0;0020
260714G01;000010084247;CRTD - Created;2026-07-14 00:00:00;;2026-07-21 00:00:00;32065;260714G01;RS25C80K10W;RS25C80K10W;RS que nong C80K10;RS que nong C80K10;;;IK;13433;0;0;0;RS00X680EV2;RS00X680EV2;DILATOR HUB 8FR;CHUÔI QUE NONG 8FR;ZROH;;13433;3001;0;0030
260714G01;000010084248;CRTD - Created;2026-07-14 00:00:00;;2026-07-21 00:00:00;32050;260714G01;CRS26Q6016;CRS26Q6016;Ống sheath sau cắt  6FR16CM;Ống sheath sau cắt 6FR16CM;;;IK;13036;0;0;0;RS04X261VS;RS04X261VS;ETFE TUBE (SHEATH) 6FR S;ỐNG ETFE (SHEATH) 6FR S;ZROH;;3259;3001;0;0010
260714G01;000010084249;CRTD - Created;2026-07-14 00:00:00;;2026-07-21 00:00:00;32050;260714G01;CRS26Q8010;CRS26Q8010;Ống sheath sau cắt  8FR10CM;Ống sheath sau cắt 8FR10CM;;;IK;13209;0;0;0;RS04X281V;RS04X281V;ETFE TUBE (SHEATH) 8FR;ỐNG ETFE (SHEATH) 8FR;ZROH;;1887;3001;0;0010
260714G01;000010084250;CRTD - Created;2026-07-14 00:00:00;;2026-07-21 00:00:00;32055;260714G01;RS26Q6016;RS26Q6016;RS Sheath 0.20 60X16;RS Sheath 0.20 60X16;;;IK;13036;0;0;0;CRS26Q6016;CRS26Q6016;Ống sheath sau cắt  6FR16CM;Ống sheath sau cắt 6FR16CM;ZHAL;;13036;3001;0;0010
260714G01;000010084250;CRTD - Created;2026-07-14 00:00:00;;2026-07-21 00:00:00;32055;260714G01;RS26Q6016;RS26Q6016;RS Sheath 0.20 60X16;RS Sheath 0.20 60X16;;;IK;13036;0;0;0;RS27X006V;RS27X006V;SHEATH LOCK PIN RS 6FR;Chốt sheath RS 6Fr;ZROH;;13036;3001;0;0020
260714G01;000010084251;CRTD - Created;2026-07-14 00:00:00;;2026-07-21 00:00:00;32055;260714G01;RS26Q8010;RS26Q8010;RS Sheath 0.20 80X10;RS Sheath 0.20 80X10;;;IK;13209;0;0;0;CRS26Q8010;CRS26Q8010;Ống sheath sau cắt  8FR10CM;Ống sheath sau cắt 8FR10CM;ZHAL;;13209;3001;0;0010
260714G01;000010084251;CRTD - Created;2026-07-14 00:00:00;;2026-07-21 00:00:00;32055;260714G01;RS26Q8010;RS26Q8010;RS Sheath 0.20 80X10;RS Sheath 0.20 80X10;;;IK;13209;0;0;0;RS27X008V;RS27X008V;SHEATH LOCK PIN 8FR;Chốt sheath 8Fr;ZROH;;13209;3001;0;0020
260714G01;000010084252;CRTD - Created;2026-07-14 00:00:00;;2026-07-21 00:00:00;32070;260714G01;RS60E06016;RS60E06016;RS*lắp ráp 6FR 16CM;RS*lắp ráp 6FR 16CM;;;IK;13036;0;0;0;RS26Q6016;RS26Q6016;RS Sheath 0.20 60X16;RS Sheath 0.20 60X16;ZHAL;;13036;3001;0;0010
260714G01;000010084252;CRTD - Created;2026-07-14 00:00:00;;2026-07-21 00:00:00;32070;260714G01;RS60E06016;RS60E06016;RS*lắp ráp 6FR 16CM;RS*lắp ráp 6FR 16CM;;;IK;13036;0;0;0;RS00X261EV1;RS00X261EV1;SHEATH HOUSING 6FR;SHEATH HOUSING 6FR;ZROH;;13036;3001;0;0020
260714G01;000010084252;CRTD - Created;2026-07-14 00:00:00;;2026-07-21 00:00:00;32070;260714G01;RS60E06016;RS60E06016;RS*lắp ráp 6FR 16CM;RS*lắp ráp 6FR 16CM;;;IK;13036;0;0;0;RS00X222KV;RS00X222KV;SHEATH CAP RS A TVC NEW TYPE;Nắp sheath RS A TVC Loại mới;ZROH;;13036;3001;0;0030
260714G01;000010084252;CRTD - Created;2026-07-14 00:00:00;;2026-07-21 00:00:00;32070;260714G01;RS60E06016;RS60E06016;RS*lắp ráp 6FR 16CM;RS*lắp ráp 6FR 16CM;;;IK;13036;0;0;0;RS23X000V;RS23X000V;VALVE RFS TVC;Van RFS TVC;ZROH;;13036;3001;0;0040
260714G01;000010084252;CRTD - Created;2026-07-14 00:00:00;;2026-07-21 00:00:00;32070;260714G01;RS60E06016;RS60E06016;RS*lắp ráp 6FR 16CM;RS*lắp ráp 6FR 16CM;;;IK;13036;0;0;0;RS00E460EV1;RS00E460EV1;SHEATH SUPPORT 6FR;THÂN ĐỠ SHEATH 6FR;ZROH;;13036;3001;0;0050
260714G01;000010084252;CRTD - Created;2026-07-14 00:00:00;;2026-07-21 00:00:00;32070;260714G01;RS60E06016;RS60E06016;RS*lắp ráp 6FR 16CM;RS*lắp ráp 6FR 16CM;;;IK;13036;0;0;0;TS40X511RSVA;TS40X511RSVA;NON STERILE PART 3WAY COCK;VAN TAM THÔNG;ZROH;;13036;3001;0;0060
260714G01;000010084252;CRTD - Created;2026-07-14 00:00:00;;2026-07-21 00:00:00;32070;260714G01;RS60E06016;RS60E06016;RS*lắp ráp 6FR 16CM;RS*lắp ráp 6FR 16CM;;;IK;13036;0;0;0;RS90X000V;RS90X000V;Ống Arm;Ống Arm;ZHAL;;13036;3001;0;0070
260714G01;000010084253;CRTD - Created;2026-07-14 00:00:00;;2026-07-21 00:00:00;32070;260714G01;RS60E08010;RS60E08010;RS*lắp ráp 8FR 10CM;RS*lắp ráp 8FR 10CM;;;IK;13209;0;0;0;RS26Q8010;RS26Q8010;RS Sheath 0.20 80X10;RS Sheath 0.20 80X10;ZHAL;;13209;3001;0;0010
260714G01;000010084253;CRTD - Created;2026-07-14 00:00:00;;2026-07-21 00:00:00;32070;260714G01;RS60E08010;RS60E08010;RS*lắp ráp 8FR 10CM;RS*lắp ráp 8FR 10CM;;;IK;13209;0;0;0;RS00X281EV;RS00X281EV;SHEATH HOUSING 8FR;SHEATH HOUSING 8FR;ZROH;;13209;3001;0;0020
260714G01;000010084253;CRTD - Created;2026-07-14 00:00:00;;2026-07-21 00:00:00;32070;260714G01;RS60E08010;RS60E08010;RS*lắp ráp 8FR 10CM;RS*lắp ráp 8FR 10CM;;;IK;13209;0;0;0;RS00X222KV;RS00X222KV;SHEATH CAP RS A TVC NEW TYPE;Nắp sheath RS A TVC Loại mới;ZROH;;13209;3001;0;0030
260714G01;000010084253;CRTD - Created;2026-07-14 00:00:00;;2026-07-21 00:00:00;32070;260714G01;RS60E08010;RS60E08010;RS*lắp ráp 8FR 10CM;RS*lắp ráp 8FR 10CM;;;IK;13209;0;0;0;RS23X000V;RS23X000V;VALVE RFS TVC;Van RFS TVC;ZROH;;13209;3001;0;0040
260714G01;000010084253;CRTD - Created;2026-07-14 00:00:00;;2026-07-21 00:00:00;32070;260714G01;RS60E08010;RS60E08010;RS*lắp ráp 8FR 10CM;RS*lắp ráp 8FR 10CM;;;IK;13209;0;0;0;RS00E480EV;RS00E480EV;SHEATH SUPPORT 8FR;THÂN ĐỠ SHEATH 8FR;ZROH;;13209;3001;0;0050
260714G01;000010084253;CRTD - Created;2026-07-14 00:00:00;;2026-07-21 00:00:00;32070;260714G01;RS60E08010;RS60E08010;RS*lắp ráp 8FR 10CM;RS*lắp ráp 8FR 10CM;;;IK;13209;0;0;0;TS40X511RSVA;TS40X511RSVA;NON STERILE PART 3WAY COCK;VAN TAM THÔNG;ZROH;;13209;3001;0;0060
260714G01;000010084253;CRTD - Created;2026-07-14 00:00:00;;2026-07-21 00:00:00;32070;260714G01;RS60E08010;RS60E08010;RS*lắp ráp 8FR 10CM;RS*lắp ráp 8FR 10CM;;;IK;13209;0;0;0;RS90X000V;RS90X000V;Ống Arm;Ống Arm;ZHAL;;13209;3001;0;0070
260714G01;000010084254;CRTD - Created;2026-07-14 00:00:00;;2026-07-21 00:00:00;32075;260714G01;RF50MS2545Y;RF50MS2545Y;Dây dẫn mini đã g/c S0.025X45CM;Dây dẫn mini đã g/c S0.025X45CM;;;IK;12970;0;0;0;RF42MS2545YV;RF42MS2545YV;MINI GUIDE WIRE S2545;DÂY DẪN MINI S2545;ZROH;;12970;3001;0;0010
260714G01;000010084255;CRTD - Created;2026-07-14 00:00:00;;2026-07-21 00:00:00;32075;260714G01;RF50MS3545Y;RF50MS3545Y;Dây dẫn mini đã g/c S0.035X45CM;Dây dẫn mini đã g/c S0.035X45CM;;;IK;13130;0;0;0;RF42MS3545YV;RF42MS3545YV;MINI GUIDE WIRE S3545;DÂY DẪN MINI S3545;ZROH;;13130;3001;0;0010
260714G01;000010084256;CRTD - Created;2026-07-14 00:00:00;;2026-07-21 00:00:00;32080;260714G01;RS23X422;RS23X422;Ống bọc ngoài đã gia công 420mm;Ống bọc ngoài đã gia công 420mm;;;IK;10000;0;0;0;RG90X0420V;RG90X0420V;IK ống bọc ngoài 420mm;IK ống bọc ngoài 420mm;ZHAL;;10000;3001;0;0010
260714G01;000010084257;CRTD - Created;2026-07-14 00:00:00;;2026-07-21 00:00:00;32085;260714G01;MSA60G16SQZY;MSA60G16SQZY;Bộ dây dẫn mini;Bộ dây dẫn mini;;;IK;4319;0;0;0;RS23X422;RS23X422;Ống bọc ngoài đã gia công 420mm;Ống bọc ngoài đã gia công 420mm;ZHAL;;4319;3001;0;0010
260714G01;000010084257;CRTD - Created;2026-07-14 00:00:00;;2026-07-21 00:00:00;32085;260714G01;MSA60G16SQZY;MSA60G16SQZY;Bộ dây dẫn mini;Bộ dây dẫn mini;;;IK;4319;0;0;0;RF50MS2545Y;RF50MS2545Y;Dây dẫn mini đã g/c S0.025X45CM;Dây dẫn mini đã g/c S0.025X45CM;ZHAL;;4319;3001;0;0020
260714G02;000010084258;CRTD - Created;2026-07-14 00:00:00;;2026-07-21 00:00:00;32085;260714G02;MSA60G16SQZY;MSA60G16SQZY;Bộ dây dẫn mini;Bộ dây dẫn mini;;;IK;4319;0;0;0;RS23X422;RS23X422;Ống bọc ngoài đã gia công 420mm;Ống bọc ngoài đã gia công 420mm;ZHAL;;4319;3001;0;0010
260714G02;000010084258;CRTD - Created;2026-07-14 00:00:00;;2026-07-21 00:00:00;32085;260714G02;MSA60G16SQZY;MSA60G16SQZY;Bộ dây dẫn mini;Bộ dây dẫn mini;;;IK;4319;0;0;0;RF50MS2545Y;RF50MS2545Y;Dây dẫn mini đã g/c S0.025X45CM;Dây dẫn mini đã g/c S0.025X45CM;ZHAL;;4319;3001;0;0020
260714G03;000010084259;CRTD - Created;2026-07-14 00:00:00;;2026-07-21 00:00:00;32085;260714G03;MSA60G16SQZY;MSA60G16SQZY;Bộ dây dẫn mini;Bộ dây dẫn mini;;;IK;4319;0;0;0;RS23X422;RS23X422;Ống bọc ngoài đã gia công 420mm;Ống bọc ngoài đã gia công 420mm;ZHAL;;4319;3001;0;0010
260714G03;000010084259;CRTD - Created;2026-07-14 00:00:00;;2026-07-21 00:00:00;32085;260714G03;MSA60G16SQZY;MSA60G16SQZY;Bộ dây dẫn mini;Bộ dây dẫn mini;;;IK;4319;0;0;0;RF50MS2545Y;RF50MS2545Y;Dây dẫn mini đã g/c S0.025X45CM;Dây dẫn mini đã g/c S0.025X45CM;ZHAL;;4319;3001;0;0020
260714G01;000010084260;CRTD - Created;2026-07-14 00:00:00;;2026-07-21 00:00:00;32085;260714G01;MSA80K10SQY;MSA80K10SQY;Bộ dây dẫn mini;Bộ dây dẫn mini;;;IK;13119;0;0;0;RG90X0405V;RG90X0405V;IK ống bọc ngoài 405mm;IK ống bọc ngoài 405mm;ZHAL;;13119;3001;0;0010
260714G01;000010084260;CRTD - Created;2026-07-14 00:00:00;;2026-07-21 00:00:00;32085;260714G01;MSA80K10SQY;MSA80K10SQY;Bộ dây dẫn mini;Bộ dây dẫn mini;;;IK;13119;0;0;0;RF50MS3545Y;RF50MS3545Y;Dây dẫn mini đã g/c S0.035X45CM;Dây dẫn mini đã g/c S0.035X45CM;ZHAL;;13119;3001;0;0020
260714VA;000010084261;CRTD - Created;2026-07-14 00:00:00;;2026-07-21 00:00:00;32091;260714VA;RM/RF6F25PQ_S;RM*RF6F25PQ;Dụng cụ mở đường vào động mạch;Dụng cụ mở đường vào động mạch;;;IK;3019;0;0;0;RS34M6001V-1;RS34M6001V-1;LABEL RS 6FR M26 1SET TVC;NHÃN RS 6Fr M26 Dùng cho 1 set TVC;ZROH;;3019;3001;0;0010
260714VA;000010084261;CRTD - Created;2026-07-14 00:00:00;;2026-07-21 00:00:00;32091;260714VA;RM/RF6F25PQ_S;RM*RF6F25PQ;Dụng cụ mở đường vào động mạch;Dụng cụ mở đường vào động mạch;;;IK;3019;0;0;0;RS34M6005V-1;RS34M6005V-1;RS LABEL MULTI 6FR 5 SET TVC;RS nhãn đa ngôn ngữ 6Fr 5 Set TVC;ZROH;;604;3001;0;0020
260714VA;000010084261;CRTD - Created;2026-07-14 00:00:00;;2026-07-21 00:00:00;32091;260714VA;RM/RF6F25PQ_S;RM*RF6F25PQ;Dụng cụ mở đường vào động mạch;Dụng cụ mở đường vào động mạch;;;IK;3019;0;0;0;RS34M20V-01;RS34M20V-01;SHIPPING BOX LABEL M26;Nhãn thùng xuất xưởng M26;ZROH;;302;3001;0;0030
260714VA;000010084261;CRTD - Created;2026-07-14 00:00:00;;2026-07-21 00:00:00;32091;260714VA;RM/RF6F25PQ_S;RM*RF6F25PQ;Dụng cụ mở đường vào động mạch;Dụng cụ mở đường vào động mạch;;;IK;3019;0;0;0;RS30XGTL1V-1;RS30XGTL1V-1;TYVEK PEELPACK M26 (TRAY L);Túi đóng gói Tyvek (có khay L);ZROH;;3019;3001;0;0040
260714VA;000010084261;CRTD - Created;2026-07-14 00:00:00;;2026-07-21 00:00:00;32091;260714VA;RM/RF6F25PQ_S;RM*RF6F25PQ;Dụng cụ mở đường vào động mạch;Dụng cụ mở đường vào động mạch;;;IK;3019;0;0;0;RS36M805LV-1;RS36M805LV-1;RS 5 SET M26 TRAY L TVC;RS 5set M26 khay L TVC;ZROH;;604;3001;0;0050
260714VA;000010084261;CRTD - Created;2026-07-14 00:00:00;;2026-07-21 00:00:00;32091;260714VA;RM/RF6F25PQ_S;RM*RF6F25PQ;Dụng cụ mở đường vào động mạch;Dụng cụ mở đường vào động mạch;;;IK;3019;0;0;0;RS37E003V;RS37E003V;RS MULTI 20 SET TRAY L TVC;RS đa ngôn ngữ 20 set khay L TVC;ZROH;;151;3001;0;0060
260714VA;000010084261;CRTD - Created;2026-07-14 00:00:00;;2026-07-21 00:00:00;32091;260714VA;RM/RF6F25PQ_S;RM*RF6F25PQ;Dụng cụ mở đường vào động mạch;Dụng cụ mở đường vào động mạch;;;IK;3019;0;0;0;RS33M013V-01;RS33M013V-01;IFU RS M26 METAL NEEDLE TVC;HDSD RS M26 kim luồn kim loại TVC;ZROH;;604;3001;0;0070
260714VA;000010084261;CRTD - Created;2026-07-14 00:00:00;;2026-07-21 00:00:00;32091;260714VA;RM/RF6F25PQ_S;RM*RF6F25PQ;Dụng cụ mở đường vào động mạch;Dụng cụ mở đường vào động mạch;;;IK;3019;0;0;0;MMRF6F25PQ;MMRF6F25PQ;Bộ dây dẫn mini M;Bộ dây dẫn mini M;ZHAL;;3019;3001;0;0080
260714VA;000010084261;CRTD - Created;2026-07-14 00:00:00;;2026-07-21 00:00:00;32091;260714VA;RM/RF6F25PQ_S;RM*RF6F25PQ;Dụng cụ mở đường vào động mạch;Dụng cụ mở đường vào động mạch;;;IK;3019;0;0;0;RS60E06025M;RS60E06025M;RS*lắp ráp 6FR 25cm M;RS*lắp ráp 6FR 25cm M;ZHAL;;3019;3001;0;0090
260714VA;000010084261;CRTD - Created;2026-07-14 00:00:00;;2026-07-21 00:00:00;32091;260714VA;RM/RF6F25PQ_S;RM*RF6F25PQ;Dụng cụ mở đường vào động mạch;Dụng cụ mở đường vào động mạch;;;IK;3019;0;0;0;RS25C60D25W;RS25C60D25W;RS que nong C60D25;RS que nong C60D25;ZHAL;;3019;3001;0;0100
260714VA;000010084261;CRTD - Created;2026-07-14 00:00:00;;2026-07-21 00:00:00;32091;260714VA;RM/RF6F25PQ_S;RM*RF6F25PQ;Dụng cụ mở đường vào động mạch;Dụng cụ mở đường vào động mạch;;;IK;3019;0;0;0;RS08X2135PVA;RS08X2135PVA;IK METAL NEEDLE 21G TVC;IK Kim luồn kim loại 21G TVC;ZROH;;3019;3001;0;0110
260714VA;000010084261;CRTD - Created;2026-07-14 00:00:00;;2026-07-21 00:00:00;32091;260714VA;RM/RF6F25PQ_S;RM*RF6F25PQ;Dụng cụ mở đường vào động mạch;Dụng cụ mở đường vào động mạch;;;IK;3019;0;0;0;RS32X111V;RS32X111V;STANDARD TRAY L;KHAY ĐỠ LOẠI L;ZROH;;3019;3001;0;0120
260714VB;000010084262;CRTD - Created;2026-07-14 00:00:00;;2026-07-21 00:00:00;32091;260714VB;RM/RF6F25PQ_S;RM*RF6F25PQ;Dụng cụ mở đường vào động mạch;Dụng cụ mở đường vào động mạch;;;IK;3019;0;0;0;RS34M6001V-1;RS34M6001V-1;LABEL RS 6FR M26 1SET TVC;NHÃN RS 6Fr M26 Dùng cho 1 set TVC;ZROH;;3019;3001;0;0010
260714VB;000010084262;CRTD - Created;2026-07-14 00:00:00;;2026-07-21 00:00:00;32091;260714VB;RM/RF6F25PQ_S;RM*RF6F25PQ;Dụng cụ mở đường vào động mạch;Dụng cụ mở đường vào động mạch;;;IK;3019;0;0;0;RS34M6005V-1;RS34M6005V-1;RS LABEL MULTI 6FR 5 SET TVC;RS nhãn đa ngôn ngữ 6Fr 5 Set TVC;ZROH;;604;3001;0;0020
260714VB;000010084262;CRTD - Created;2026-07-14 00:00:00;;2026-07-21 00:00:00;32091;260714VB;RM/RF6F25PQ_S;RM*RF6F25PQ;Dụng cụ mở đường vào động mạch;Dụng cụ mở đường vào động mạch;;;IK;3019;0;0;0;RS34M20V-01;RS34M20V-01;SHIPPING BOX LABEL M26;Nhãn thùng xuất xưởng M26;ZROH;;302;3001;0;0030
260714VB;000010084262;CRTD - Created;2026-07-14 00:00:00;;2026-07-21 00:00:00;32091;260714VB;RM/RF6F25PQ_S;RM*RF6F25PQ;Dụng cụ mở đường vào động mạch;Dụng cụ mở đường vào động mạch;;;IK;3019;0;0;0;RS30XGTL1V-1;RS30XGTL1V-1;TYVEK PEELPACK M26 (TRAY L);Túi đóng gói Tyvek (có khay L);ZROH;;3019;3001;0;0040
260714VB;000010084262;CRTD - Created;2026-07-14 00:00:00;;2026-07-21 00:00:00;32091;260714VB;RM/RF6F25PQ_S;RM*RF6F25PQ;Dụng cụ mở đường vào động mạch;Dụng cụ mở đường vào động mạch;;;IK;3019;0;0;0;RS36M805LV-1;RS36M805LV-1;RS 5 SET M26 TRAY L TVC;RS 5set M26 khay L TVC;ZROH;;604;3001;0;0050
260714VB;000010084262;CRTD - Created;2026-07-14 00:00:00;;2026-07-21 00:00:00;32091;260714VB;RM/RF6F25PQ_S;RM*RF6F25PQ;Dụng cụ mở đường vào động mạch;Dụng cụ mở đường vào động mạch;;;IK;3019;0;0;0;RS37E003V;RS37E003V;RS MULTI 20 SET TRAY L TVC;RS đa ngôn ngữ 20 set khay L TVC;ZROH;;151;3001;0;0060
260714VB;000010084262;CRTD - Created;2026-07-14 00:00:00;;2026-07-21 00:00:00;32091;260714VB;RM/RF6F25PQ_S;RM*RF6F25PQ;Dụng cụ mở đường vào động mạch;Dụng cụ mở đường vào động mạch;;;IK;3019;0;0;0;RS33M013V-01;RS33M013V-01;IFU RS M26 METAL NEEDLE TVC;HDSD RS M26 kim luồn kim loại TVC;ZROH;;604;3001;0;0070
260714VB;000010084262;CRTD - Created;2026-07-14 00:00:00;;2026-07-21 00:00:00;32091;260714VB;RM/RF6F25PQ_S;RM*RF6F25PQ;Dụng cụ mở đường vào động mạch;Dụng cụ mở đường vào động mạch;;;IK;3019;0;0;0;MMRF6F25PQ;MMRF6F25PQ;Bộ dây dẫn mini M;Bộ dây dẫn mini M;ZHAL;;3019;3001;0;0080
260714VB;000010084262;CRTD - Created;2026-07-14 00:00:00;;2026-07-21 00:00:00;32091;260714VB;RM/RF6F25PQ_S;RM*RF6F25PQ;Dụng cụ mở đường vào động mạch;Dụng cụ mở đường vào động mạch;;;IK;3019;0;0;0;RS60E06025M;RS60E06025M;RS*lắp ráp 6FR 25cm M;RS*lắp ráp 6FR 25cm M;ZHAL;;3019;3001;0;0090
260714VB;000010084262;CRTD - Created;2026-07-14 00:00:00;;2026-07-21 00:00:00;32091;260714VB;RM/RF6F25PQ_S;RM*RF6F25PQ;Dụng cụ mở đường vào động mạch;Dụng cụ mở đường vào động mạch;;;IK;3019;0;0;0;RS25C60D25W;RS25C60D25W;RS que nong C60D25;RS que nong C60D25;ZHAL;;3019;3001;0;0100
260714VB;000010084262;CRTD - Created;2026-07-14 00:00:00;;2026-07-21 00:00:00;32091;260714VB;RM/RF6F25PQ_S;RM*RF6F25PQ;Dụng cụ mở đường vào động mạch;Dụng cụ mở đường vào động mạch;;;IK;3019;0;0;0;RS08X2135PVA;RS08X2135PVA;IK METAL NEEDLE 21G TVC;IK Kim luồn kim loại 21G TVC;ZROH;;3019;3001;0;0110
260714VB;000010084262;CRTD - Created;2026-07-14 00:00:00;;2026-07-21 00:00:00;32091;260714VB;RM/RF6F25PQ_S;RM*RF6F25PQ;Dụng cụ mở đường vào động mạch;Dụng cụ mở đường vào động mạch;;;IK;3019;0;0;0;RS32X111V;RS32X111V;STANDARD TRAY L;KHAY ĐỠ LOẠI L;ZROH;;3019;3001;0;0120
260714VA;000010084263;CRTD - Created;2026-07-14 00:00:00;;2026-07-21 00:00:00;32091;260714VA;RS/R50A10PQ_S;RS*R50A10PQ;Dụng cụ mở đường vào động mạch;Dụng cụ mở đường vào động mạch;;;IK;13119;0;0;0;RS34M5001V-1;RS34M5001V-1;LABEL RS 5FR M26 1SET TVC;NHÃN RS 5Fr M26 Dùng cho 1 set TVC;ZROH;;13119;3001;0;0010
260714VA;000010084263;CRTD - Created;2026-07-14 00:00:00;;2026-07-21 00:00:00;32091;260714VA;RS/R50A10PQ_S;RS*R50A10PQ;Dụng cụ mở đường vào động mạch;Dụng cụ mở đường vào động mạch;;;IK;13119;0;0;0;RS34M5005V-1;RS34M5005V-1;RS LABEL MULTI 5FR 5 SET TVC;RS nhãn đa ngôn ngữ 5Fr 5 Set TVC;ZROH;;2624;3001;0;0020
260714VA;000010084263;CRTD - Created;2026-07-14 00:00:00;;2026-07-21 00:00:00;32091;260714VA;RS/R50A10PQ_S;RS*R50A10PQ;Dụng cụ mở đường vào động mạch;Dụng cụ mở đường vào động mạch;;;IK;13119;0;0;0;RS34M20V-01;RS34M20V-01;SHIPPING BOX LABEL M26;Nhãn thùng xuất xưởng M26;ZROH;;1312;3001;0;0030
260714VA;000010084263;CRTD - Created;2026-07-14 00:00:00;;2026-07-21 00:00:00;32091;260714VA;RS/R50A10PQ_S;RS*R50A10PQ;Dụng cụ mở đường vào động mạch;Dụng cụ mở đường vào động mạch;;;IK;13119;0;0;0;RS30XGTS1V-1;RS30XGTS1V-1;TYVEK PEELPACK M26 (TRAY S);Túi đóng gói Tyvek (có khay S);ZROH;;13119;3001;0;0040
260714VA;000010084263;CRTD - Created;2026-07-14 00:00:00;;2026-07-21 00:00:00;32091;260714VA;RS/R50A10PQ_S;RS*R50A10PQ;Dụng cụ mở đường vào động mạch;Dụng cụ mở đường vào động mạch;;;IK;13119;0;0;0;RS36M805SV-1;RS36M805SV-1;RS 5 SET M26 TRAY S TVC;RS 5set M26 khay S TVC;ZROH;;2624;3001;0;0050
260714VA;000010084263;CRTD - Created;2026-07-14 00:00:00;;2026-07-21 00:00:00;32091;260714VA;RS/R50A10PQ_S;RS*R50A10PQ;Dụng cụ mở đường vào động mạch;Dụng cụ mở đường vào động mạch;;;IK;13119;0;0;0;RS37E002V;RS37E002V;RS MULTI 20 SET TRAY S TVC;RS đa ngôn ngữ 20 set khay S TVC;ZROH;;656;3001;0;0060
260714VA;000010084263;CRTD - Created;2026-07-14 00:00:00;;2026-07-21 00:00:00;32091;260714VA;RS/R50A10PQ_S;RS*R50A10PQ;Dụng cụ mở đường vào động mạch;Dụng cụ mở đường vào động mạch;;;IK;13119;0;0;0;RS33M013V-01;RS33M013V-01;IFU RS M26 METAL NEEDLE TVC;HDSD RS M26 kim luồn kim loại TVC;ZROH;;2624;3001;0;0070
260714VA;000010084263;CRTD - Created;2026-07-14 00:00:00;;2026-07-21 00:00:00;32091;260714VA;RS/R50A10PQ_S;RS*R50A10PQ;Dụng cụ mở đường vào động mạch;Dụng cụ mở đường vào động mạch;;;IK;13119;0;0;0;MSR50A10PQ;MSR50A10PQ;Bộ dây dẫn mini;Bộ dây dẫn mini;ZHAL;;13119;3001;0;0080
260714VA;000010084263;CRTD - Created;2026-07-14 00:00:00;;2026-07-21 00:00:00;32091;260714VA;RS/R50A10PQ_S;RS*R50A10PQ;Dụng cụ mở đường vào động mạch;Dụng cụ mở đường vào động mạch;;;IK;13119;0;0;0;RS60E05010;RS60E05010;RS*lắp ráp 5FR 10CM;RS*lắp ráp 5FR 10CM;ZHAL;;13119;3001;0;0090
260714VA;000010084263;CRTD - Created;2026-07-14 00:00:00;;2026-07-21 00:00:00;32091;260714VA;RS/R50A10PQ_S;RS*R50A10PQ;Dụng cụ mở đường vào động mạch;Dụng cụ mở đường vào động mạch;;;IK;13119;0;0;0;RS25E50A10W;RS25E50A10W;RS que nong E50A10;RS que nong E50A10;ZHAL;;13119;3001;0;0100
260714VA;000010084263;CRTD - Created;2026-07-14 00:00:00;;2026-07-21 00:00:00;32091;260714VA;RS/R50A10PQ_S;RS*R50A10PQ;Dụng cụ mở đường vào động mạch;Dụng cụ mở đường vào động mạch;;;IK;13119;0;0;0;RS08X2235PVA;RS08X2235PVA;IK METAL NEEDLE 22G TVC;IK Kim luồn kim loại 22G TVC;ZROH;;13119;3001;0;0110
260714VA;000010084263;CRTD - Created;2026-07-14 00:00:00;;2026-07-21 00:00:00;32091;260714VA;RS/R50A10PQ_S;RS*R50A10PQ;Dụng cụ mở đường vào động mạch;Dụng cụ mở đường vào động mạch;;;IK;13119;0;0;0;RS32X110V;RS32X110V;STANDARD TRAY S;KHAY ĐỠ LOẠI S;ZROH;;13119;3001;0;0120
260714VA;000010084264;CRTD - Created;2026-07-14 00:00:00;;2026-07-21 00:00:00;32091;260714VA;RS/R60A10PQ_S;RS*R60A10PQ;Dụng cụ mở đường vào động mạch;Dụng cụ mở đường vào động mạch;;;IK;13119;0;0;0;RS34M6001V-1;RS34M6001V-1;LABEL RS 6FR M26 1SET TVC;NHÃN RS 6Fr M26 Dùng cho 1 set TVC;ZROH;;13119;3001;0;0010
260714VA;000010084264;CRTD - Created;2026-07-14 00:00:00;;2026-07-21 00:00:00;32091;260714VA;RS/R60A10PQ_S;RS*R60A10PQ;Dụng cụ mở đường vào động mạch;Dụng cụ mở đường vào động mạch;;;IK;13119;0;0;0;RS34M6005V-1;RS34M6005V-1;RS LABEL MULTI 6FR 5 SET TVC;RS nhãn đa ngôn ngữ 6Fr 5 Set TVC;ZROH;;2624;3001;0;0020
260714VA;000010084264;CRTD - Created;2026-07-14 00:00:00;;2026-07-21 00:00:00;32091;260714VA;RS/R60A10PQ_S;RS*R60A10PQ;Dụng cụ mở đường vào động mạch;Dụng cụ mở đường vào động mạch;;;IK;13119;0;0;0;RS34M20V-01;RS34M20V-01;SHIPPING BOX LABEL M26;Nhãn thùng xuất xưởng M26;ZROH;;1312;3001;0;0030
260714VA;000010084264;CRTD - Created;2026-07-14 00:00:00;;2026-07-21 00:00:00;32091;260714VA;RS/R60A10PQ_S;RS*R60A10PQ;Dụng cụ mở đường vào động mạch;Dụng cụ mở đường vào động mạch;;;IK;13119;0;0;0;RS30XGTS1V-1;RS30XGTS1V-1;TYVEK PEELPACK M26 (TRAY S);Túi đóng gói Tyvek (có khay S);ZROH;;13119;3001;0;0040
260714VA;000010084264;CRTD - Created;2026-07-14 00:00:00;;2026-07-21 00:00:00;32091;260714VA;RS/R60A10PQ_S;RS*R60A10PQ;Dụng cụ mở đường vào động mạch;Dụng cụ mở đường vào động mạch;;;IK;13119;0;0;0;RS36M805SV-1;RS36M805SV-1;RS 5 SET M26 TRAY S TVC;RS 5set M26 khay S TVC;ZROH;;2624;3001;0;0050
260714VA;000010084264;CRTD - Created;2026-07-14 00:00:00;;2026-07-21 00:00:00;32091;260714VA;RS/R60A10PQ_S;RS*R60A10PQ;Dụng cụ mở đường vào động mạch;Dụng cụ mở đường vào động mạch;;;IK;13119;0;0;0;RS37E002V;RS37E002V;RS MULTI 20 SET TRAY S TVC;RS đa ngôn ngữ 20 set khay S TVC;ZROH;;656;3001;0;0060
260714VA;000010084264;CRTD - Created;2026-07-14 00:00:00;;2026-07-21 00:00:00;32091;260714VA;RS/R60A10PQ_S;RS*R60A10PQ;Dụng cụ mở đường vào động mạch;Dụng cụ mở đường vào động mạch;;;IK;13119;0;0;0;RS33M013V-01;RS33M013V-01;IFU RS M26 METAL NEEDLE TVC;HDSD RS M26 kim luồn kim loại TVC;ZROH;;2624;3001;0;0070
260714VA;000010084264;CRTD - Created;2026-07-14 00:00:00;;2026-07-21 00:00:00;32091;260714VA;RS/R60A10PQ_S;RS*R60A10PQ;Dụng cụ mở đường vào động mạch;Dụng cụ mở đường vào động mạch;;;IK;13119;0;0;0;MSR60A10PQ;MSR60A10PQ;Bộ dây dẫn mini;Bộ dây dẫn mini;ZHAL;;13119;3001;0;0080
260714VA;000010084264;CRTD - Created;2026-07-14 00:00:00;;2026-07-21 00:00:00;32091;260714VA;RS/R60A10PQ_S;RS*R60A10PQ;Dụng cụ mở đường vào động mạch;Dụng cụ mở đường vào động mạch;;;IK;13119;0;0;0;RS60E06010;RS60E06010;RS*lắp ráp 6FR 10CM;RS*lắp ráp 6FR 10CM;ZHAL;;13119;3001;0;0090
260714VA;000010084264;CRTD - Created;2026-07-14 00:00:00;;2026-07-21 00:00:00;32091;260714VA;RS/R60A10PQ_S;RS*R60A10PQ;Dụng cụ mở đường vào động mạch;Dụng cụ mở đường vào động mạch;;;IK;13119;0;0;0;RS25C60A10W;RS25C60A10W;RS que nong C60A10;RS que nong C60A10;ZHAL;;13119;3001;0;0100
260714VA;000010084264;CRTD - Created;2026-07-14 00:00:00;;2026-07-21 00:00:00;32091;260714VA;RS/R60A10PQ_S;RS*R60A10PQ;Dụng cụ mở đường vào động mạch;Dụng cụ mở đường vào động mạch;;;IK;13119;0;0;0;RS08X2235PVA;RS08X2235PVA;IK METAL NEEDLE 22G TVC;IK Kim luồn kim loại 22G TVC;ZROH;;13119;3001;0;0110
260714VA;000010084264;CRTD - Created;2026-07-14 00:00:00;;2026-07-21 00:00:00;32091;260714VA;RS/R60A10PQ_S;RS*R60A10PQ;Dụng cụ mở đường vào động mạch;Dụng cụ mở đường vào động mạch;;;IK;13119;0;0;0;RS32X110V;RS32X110V;STANDARD TRAY S;KHAY ĐỠ LOẠI S;ZROH;;13119;3001;0;0120
260714TA;000010084265;CRTD - Created;2026-07-14 00:00:00;;2026-07-21 00:00:00;32097;260714TA;RS/A60G16SQZ_S;RS*A60G16SQZ;Introducer II H;Introducer II H;;;IK;4322;0;0;0;RS34M6001-N2;RS34M6001-N2;PEEL LABEL 6Fr M26 non CE;Nhãn túi đóng gói 6Fr M26 không CE;ZROH;;4322;3001;0;0010
260714TA;000010084265;CRTD - Created;2026-07-14 00:00:00;;2026-07-21 00:00:00;32097;260714TA;RS/A60G16SQZ_S;RS*A60G16SQZ;Introducer II H;Introducer II H;;;IK;4322;0;0;0;RS34M6005-N2;RS34M6005-N2;UNIT BOX LABEL 6Fr M26 non CE;Nhãn hộp đơn vị 6Fr M26 không CE;ZROH;;865;3001;0;0020
260714TA;000010084265;CRTD - Created;2026-07-14 00:00:00;;2026-07-21 00:00:00;32097;260714TA;RS/A60G16SQZ_S;RS*A60G16SQZ;Introducer II H;Introducer II H;;;IK;4322;0;0;0;RS34M20-N2;RS34M20-N2;SHIPPING BOX LABEL M26 non CE;Nhãn thùng xuất xưởng M26 không CE;ZROH;;433;3001;0;0030
260714TA;000010084265;CRTD - Created;2026-07-14 00:00:00;;2026-07-21 00:00:00;32097;260714TA;RS/A60G16SQZ_S;RS*A60G16SQZ;Introducer II H;Introducer II H;;;IK;4322;0;0;0;RS30XGTL1V-1;RS30XGTL1V-1;TYVEK PEELPACK M26 (TRAY L);Túi đóng gói Tyvek (có khay L);ZROH;;4322;3001;0;0040
260714TA;000010084265;CRTD - Created;2026-07-14 00:00:00;;2026-07-21 00:00:00;32097;260714TA;RS/A60G16SQZ_S;RS*A60G16SQZ;Introducer II H;Introducer II H;;;IK;4322;0;0;0;RS36M805LV-1;RS36M805LV-1;RS 5 SET M26 TRAY L TVC;RS 5set M26 khay L TVC;ZROH;;865;3001;0;0050
260714TA;000010084265;CRTD - Created;2026-07-14 00:00:00;;2026-07-21 00:00:00;32097;260714TA;RS/A60G16SQZ_S;RS*A60G16SQZ;Introducer II H;Introducer II H;;;IK;4322;0;0;0;RS37E003V;RS37E003V;RS MULTI 20 SET TRAY L TVC;RS đa ngôn ngữ 20 set khay L TVC;ZROH;;217;3001;0;0060
260714TA;000010084265;CRTD - Created;2026-07-14 00:00:00;;2026-07-21 00:00:00;32097;260714TA;RS/A60G16SQZ_S;RS*A60G16SQZ;Introducer II H;Introducer II H;;;IK;4322;0;0;0;RS33M021NV-1;RS33M021NV-1;IFU M26 TRAY/POUCH Non CE;HDSD M26 có khay/không khay (không CE);ZROH;;865;3001;0;0070
260714TA;000010084265;CRTD - Created;2026-07-14 00:00:00;;2026-07-21 00:00:00;32097;260714TA;RS/A60G16SQZ_S;RS*A60G16SQZ;Introducer II H;Introducer II H;;;IK;4322;0;0;0;MSA60G16SQZY;MSA60G16SQZY;Bộ dây dẫn mini;Bộ dây dẫn mini;ZHAL;;4322;3001;0;0080
260714TA;000010084265;CRTD - Created;2026-07-14 00:00:00;;2026-07-21 00:00:00;32097;260714TA;RS/A60G16SQZ_S;RS*A60G16SQZ;Introducer II H;Introducer II H;;;IK;4322;0;0;0;RS60E06016;RS60E06016;RS*lắp ráp 6FR 16CM;RS*lắp ráp 6FR 16CM;ZHAL;;4322;3001;0;0090
260714TA;000010084265;CRTD - Created;2026-07-14 00:00:00;;2026-07-21 00:00:00;32097;260714TA;RS/A60G16SQZ_S;RS*A60G16SQZ;Introducer II H;Introducer II H;;;IK;4322;0;0;0;RS25C60G16W;RS25C60G16W;RS que nong C60G16;RS que nong C60G16;ZHAL;;4322;3001;0;0100
260714TA;000010084265;CRTD - Created;2026-07-14 00:00:00;;2026-07-21 00:00:00;32097;260714TA;RS/A60G16SQZ_S;RS*A60G16SQZ;Introducer II H;Introducer II H;;;IK;4322;0;0;0;SS50X050ZV;SS50X050ZV;CYLINDER SS-02SZ;XI LANH SS-02SZ;ZROH;;4322;3001;0;0110
260714TA;000010084265;CRTD - Created;2026-07-14 00:00:00;;2026-07-21 00:00:00;32097;260714TA;RS/A60G16SQZ_S;RS*A60G16SQZ;Introducer II H;Introducer II H;;;IK;4322;0;0;0;SC55S2032BV;SC55S2032BV;NON STERILE PARTS FS2032;KIM LUỒN FS2032;ZROH;;4322;3001;0;0120
260714TA;000010084265;CRTD - Created;2026-07-14 00:00:00;;2026-07-21 00:00:00;32097;260714TA;RS/A60G16SQZ_S;RS*A60G16SQZ;Introducer II H;Introducer II H;;;IK;4322;0;0;0;RS06X003V;RS06X003V;TVC KAI SURGICAL KNIFE;Dao rạch KAI TVC;ZROH;;4322;3001;0;0130
260714TA;000010084265;CRTD - Created;2026-07-14 00:00:00;;2026-07-21 00:00:00;32097;260714TA;RS/A60G16SQZ_S;RS*A60G16SQZ;Introducer II H;Introducer II H;;;IK;4322;0;0;0;RS32X111V;RS32X111V;STANDARD TRAY L;KHAY ĐỠ LOẠI L;ZROH;;4322;3001;0;0140
260714TB;000010084266;CRTD - Created;2026-07-14 00:00:00;;2026-07-21 00:00:00;32097;260714TB;RS/A60G16SQZ_S;RS*A60G16SQZ;Introducer II H;Introducer II H;;;IK;4319;0;0;0;RS34M6001-N2;RS34M6001-N2;PEEL LABEL 6Fr M26 non CE;Nhãn túi đóng gói 6Fr M26 không CE;ZROH;;4319;3001;0;0010
260714TB;000010084266;CRTD - Created;2026-07-14 00:00:00;;2026-07-21 00:00:00;32097;260714TB;RS/A60G16SQZ_S;RS*A60G16SQZ;Introducer II H;Introducer II H;;;IK;4319;0;0;0;RS34M6005-N2;RS34M6005-N2;UNIT BOX LABEL 6Fr M26 non CE;Nhãn hộp đơn vị 6Fr M26 không CE;ZROH;;864;3001;0;0020
260714TB;000010084266;CRTD - Created;2026-07-14 00:00:00;;2026-07-21 00:00:00;32097;260714TB;RS/A60G16SQZ_S;RS*A60G16SQZ;Introducer II H;Introducer II H;;;IK;4319;0;0;0;RS34M20-N2;RS34M20-N2;SHIPPING BOX LABEL M26 non CE;Nhãn thùng xuất xưởng M26 không CE;ZROH;;432;3001;0;0030
260714TB;000010084266;CRTD - Created;2026-07-14 00:00:00;;2026-07-21 00:00:00;32097;260714TB;RS/A60G16SQZ_S;RS*A60G16SQZ;Introducer II H;Introducer II H;;;IK;4319;0;0;0;RS30XGTL1V-1;RS30XGTL1V-1;TYVEK PEELPACK M26 (TRAY L);Túi đóng gói Tyvek (có khay L);ZROH;;4319;3001;0;0040
260714TB;000010084266;CRTD - Created;2026-07-14 00:00:00;;2026-07-21 00:00:00;32097;260714TB;RS/A60G16SQZ_S;RS*A60G16SQZ;Introducer II H;Introducer II H;;;IK;4319;0;0;0;RS36M805LV-1;RS36M805LV-1;RS 5 SET M26 TRAY L TVC;RS 5set M26 khay L TVC;ZROH;;864;3001;0;0050
260714TB;000010084266;CRTD - Created;2026-07-14 00:00:00;;2026-07-21 00:00:00;32097;260714TB;RS/A60G16SQZ_S;RS*A60G16SQZ;Introducer II H;Introducer II H;;;IK;4319;0;0;0;RS37E003V;RS37E003V;RS MULTI 20 SET TRAY L TVC;RS đa ngôn ngữ 20 set khay L TVC;ZROH;;216;3001;0;0060
260714TB;000010084266;CRTD - Created;2026-07-14 00:00:00;;2026-07-21 00:00:00;32097;260714TB;RS/A60G16SQZ_S;RS*A60G16SQZ;Introducer II H;Introducer II H;;;IK;4319;0;0;0;RS33M021NV-1;RS33M021NV-1;IFU M26 TRAY/POUCH Non CE;HDSD M26 có khay/không khay (không CE);ZROH;;864;3001;0;0070
260714TB;000010084266;CRTD - Created;2026-07-14 00:00:00;;2026-07-21 00:00:00;32097;260714TB;RS/A60G16SQZ_S;RS*A60G16SQZ;Introducer II H;Introducer II H;;;IK;4319;0;0;0;MSA60G16SQZY;MSA60G16SQZY;Bộ dây dẫn mini;Bộ dây dẫn mini;ZHAL;;4319;3001;0;0080
260714TB;000010084266;CRTD - Created;2026-07-14 00:00:00;;2026-07-21 00:00:00;32097;260714TB;RS/A60G16SQZ_S;RS*A60G16SQZ;Introducer II H;Introducer II H;;;IK;4319;0;0;0;RS60E06016;RS60E06016;RS*lắp ráp 6FR 16CM;RS*lắp ráp 6FR 16CM;ZHAL;;4319;3001;0;0090
260714TB;000010084266;CRTD - Created;2026-07-14 00:00:00;;2026-07-21 00:00:00;32097;260714TB;RS/A60G16SQZ_S;RS*A60G16SQZ;Introducer II H;Introducer II H;;;IK;4319;0;0;0;RS25C60G16W;RS25C60G16W;RS que nong C60G16;RS que nong C60G16;ZHAL;;4319;3001;0;0100
260714TB;000010084266;CRTD - Created;2026-07-14 00:00:00;;2026-07-21 00:00:00;32097;260714TB;RS/A60G16SQZ_S;RS*A60G16SQZ;Introducer II H;Introducer II H;;;IK;4319;0;0;0;SS50X050ZV;SS50X050ZV;CYLINDER SS-02SZ;XI LANH SS-02SZ;ZROH;;4319;3001;0;0110
260714TB;000010084266;CRTD - Created;2026-07-14 00:00:00;;2026-07-21 00:00:00;32097;260714TB;RS/A60G16SQZ_S;RS*A60G16SQZ;Introducer II H;Introducer II H;;;IK;4319;0;0;0;SC55S2032BV;SC55S2032BV;NON STERILE PARTS FS2032;KIM LUỒN FS2032;ZROH;;4319;3001;0;0120
260714TB;000010084266;CRTD - Created;2026-07-14 00:00:00;;2026-07-21 00:00:00;32097;260714TB;RS/A60G16SQZ_S;RS*A60G16SQZ;Introducer II H;Introducer II H;;;IK;4319;0;0;0;RS06X003V;RS06X003V;TVC KAI SURGICAL KNIFE;Dao rạch KAI TVC;ZROH;;4319;3001;0;0130
260714TB;000010084266;CRTD - Created;2026-07-14 00:00:00;;2026-07-21 00:00:00;32097;260714TB;RS/A60G16SQZ_S;RS*A60G16SQZ;Introducer II H;Introducer II H;;;IK;4319;0;0;0;RS32X111V;RS32X111V;STANDARD TRAY L;KHAY ĐỠ LOẠI L;ZROH;;4319;3001;0;0140
260714TC;000010084267;CRTD - Created;2026-07-14 00:00:00;;2026-07-21 00:00:00;32097;260714TC;RS/A60G16SQZ_S;RS*A60G16SQZ;Introducer II H;Introducer II H;;;IK;4319;0;0;0;RS34M6001-N2;RS34M6001-N2;PEEL LABEL 6Fr M26 non CE;Nhãn túi đóng gói 6Fr M26 không CE;ZROH;;4319;3001;0;0010
260714TC;000010084267;CRTD - Created;2026-07-14 00:00:00;;2026-07-21 00:00:00;32097;260714TC;RS/A60G16SQZ_S;RS*A60G16SQZ;Introducer II H;Introducer II H;;;IK;4319;0;0;0;RS34M6005-N2;RS34M6005-N2;UNIT BOX LABEL 6Fr M26 non CE;Nhãn hộp đơn vị 6Fr M26 không CE;ZROH;;864;3001;0;0020
260714TC;000010084267;CRTD - Created;2026-07-14 00:00:00;;2026-07-21 00:00:00;32097;260714TC;RS/A60G16SQZ_S;RS*A60G16SQZ;Introducer II H;Introducer II H;;;IK;4319;0;0;0;RS34M20-N2;RS34M20-N2;SHIPPING BOX LABEL M26 non CE;Nhãn thùng xuất xưởng M26 không CE;ZROH;;432;3001;0;0030
260714TC;000010084267;CRTD - Created;2026-07-14 00:00:00;;2026-07-21 00:00:00;32097;260714TC;RS/A60G16SQZ_S;RS*A60G16SQZ;Introducer II H;Introducer II H;;;IK;4319;0;0;0;RS30XGTL1V-1;RS30XGTL1V-1;TYVEK PEELPACK M26 (TRAY L);Túi đóng gói Tyvek (có khay L);ZROH;;4319;3001;0;0040
260714TC;000010084267;CRTD - Created;2026-07-14 00:00:00;;2026-07-21 00:00:00;32097;260714TC;RS/A60G16SQZ_S;RS*A60G16SQZ;Introducer II H;Introducer II H;;;IK;4319;0;0;0;RS36M805LV-1;RS36M805LV-1;RS 5 SET M26 TRAY L TVC;RS 5set M26 khay L TVC;ZROH;;864;3001;0;0050
260714TC;000010084267;CRTD - Created;2026-07-14 00:00:00;;2026-07-21 00:00:00;32097;260714TC;RS/A60G16SQZ_S;RS*A60G16SQZ;Introducer II H;Introducer II H;;;IK;4319;0;0;0;RS37E003V;RS37E003V;RS MULTI 20 SET TRAY L TVC;RS đa ngôn ngữ 20 set khay L TVC;ZROH;;216;3001;0;0060
260714TC;000010084267;CRTD - Created;2026-07-14 00:00:00;;2026-07-21 00:00:00;32097;260714TC;RS/A60G16SQZ_S;RS*A60G16SQZ;Introducer II H;Introducer II H;;;IK;4319;0;0;0;RS33M021NV-1;RS33M021NV-1;IFU M26 TRAY/POUCH Non CE;HDSD M26 có khay/không khay (không CE);ZROH;;864;3001;0;0070
260714TC;000010084267;CRTD - Created;2026-07-14 00:00:00;;2026-07-21 00:00:00;32097;260714TC;RS/A60G16SQZ_S;RS*A60G16SQZ;Introducer II H;Introducer II H;;;IK;4319;0;0;0;MSA60G16SQZY;MSA60G16SQZY;Bộ dây dẫn mini;Bộ dây dẫn mini;ZHAL;;4319;3001;0;0080
260714TC;000010084267;CRTD - Created;2026-07-14 00:00:00;;2026-07-21 00:00:00;32097;260714TC;RS/A60G16SQZ_S;RS*A60G16SQZ;Introducer II H;Introducer II H;;;IK;4319;0;0;0;RS60E06016;RS60E06016;RS*lắp ráp 6FR 16CM;RS*lắp ráp 6FR 16CM;ZHAL;;4319;3001;0;0090
260714TC;000010084267;CRTD - Created;2026-07-14 00:00:00;;2026-07-21 00:00:00;32097;260714TC;RS/A60G16SQZ_S;RS*A60G16SQZ;Introducer II H;Introducer II H;;;IK;4319;0;0;0;RS25C60G16W;RS25C60G16W;RS que nong C60G16;RS que nong C60G16;ZHAL;;4319;3001;0;0100
260714TC;000010084267;CRTD - Created;2026-07-14 00:00:00;;2026-07-21 00:00:00;32097;260714TC;RS/A60G16SQZ_S;RS*A60G16SQZ;Introducer II H;Introducer II H;;;IK;4319;0;0;0;SS50X050ZV;SS50X050ZV;CYLINDER SS-02SZ;XI LANH SS-02SZ;ZROH;;4319;3001;0;0110
260714TC;000010084267;CRTD - Created;2026-07-14 00:00:00;;2026-07-21 00:00:00;32097;260714TC;RS/A60G16SQZ_S;RS*A60G16SQZ;Introducer II H;Introducer II H;;;IK;4319;0;0;0;SC55S2032BV;SC55S2032BV;NON STERILE PARTS FS2032;KIM LUỒN FS2032;ZROH;;4319;3001;0;0120
260714TC;000010084267;CRTD - Created;2026-07-14 00:00:00;;2026-07-21 00:00:00;32097;260714TC;RS/A60G16SQZ_S;RS*A60G16SQZ;Introducer II H;Introducer II H;;;IK;4319;0;0;0;RS06X003V;RS06X003V;TVC KAI SURGICAL KNIFE;Dao rạch KAI TVC;ZROH;;4319;3001;0;0130
260714TC;000010084267;CRTD - Created;2026-07-14 00:00:00;;2026-07-21 00:00:00;32097;260714TC;RS/A60G16SQZ_S;RS*A60G16SQZ;Introducer II H;Introducer II H;;;IK;4319;0;0;0;RS32X111V;RS32X111V;STANDARD TRAY L;KHAY ĐỠ LOẠI L;ZROH;;4319;3001;0;0140
260714TA;000010084268;CRTD - Created;2026-07-14 00:00:00;;2026-07-21 00:00:00;32099;260714TA;RS/A80K10SQ_S;RS*A80K10SQ;Introducer II H;Introducer II H;;;IK;13120;0;0;0;RS34M8001-N2;RS34M8001-N2;PEEL LABEL 8Fr M26 non CE;Nhãn túi đóng gói 8Fr M26 không CE;ZROH;;13120;3001;0;0010
260714TA;000010084268;CRTD - Created;2026-07-14 00:00:00;;2026-07-21 00:00:00;32099;260714TA;RS/A80K10SQ_S;RS*A80K10SQ;Introducer II H;Introducer II H;;;IK;13120;0;0;0;RS34M8005-N2;RS34M8005-N2;UNIT BOX LABEL 8Fr M26 non CE;Nhãn hộp đơn vị 8Fr M26 không CE;ZROH;;2624;3001;0;0020
260714TA;000010084268;CRTD - Created;2026-07-14 00:00:00;;2026-07-21 00:00:00;32099;260714TA;RS/A80K10SQ_S;RS*A80K10SQ;Introducer II H;Introducer II H;;;IK;13120;0;0;0;RS34M20-N2;RS34M20-N2;SHIPPING BOX LABEL M26 non CE;Nhãn thùng xuất xưởng M26 không CE;ZROH;;1312;3001;0;0030
260714TA;000010084268;CRTD - Created;2026-07-14 00:00:00;;2026-07-21 00:00:00;32099;260714TA;RS/A80K10SQ_S;RS*A80K10SQ;Introducer II H;Introducer II H;;;IK;13120;0;0;0;RS30XGTS1V-1;RS30XGTS1V-1;TYVEK PEELPACK M26 (TRAY S);Túi đóng gói Tyvek (có khay S);ZROH;;13120;3001;0;0040
260714TA;000010084268;CRTD - Created;2026-07-14 00:00:00;;2026-07-21 00:00:00;32099;260714TA;RS/A80K10SQ_S;RS*A80K10SQ;Introducer II H;Introducer II H;;;IK;13120;0;0;0;RS36M805SV-1;RS36M805SV-1;RS 5 SET M26 TRAY S TVC;RS 5set M26 khay S TVC;ZROH;;2624;3001;0;0050
260714TA;000010084268;CRTD - Created;2026-07-14 00:00:00;;2026-07-21 00:00:00;32099;260714TA;RS/A80K10SQ_S;RS*A80K10SQ;Introducer II H;Introducer II H;;;IK;13120;0;0;0;RS37E002V;RS37E002V;RS MULTI 20 SET TRAY S TVC;RS đa ngôn ngữ 20 set khay S TVC;ZROH;;656;3001;0;0060
260714TA;000010084268;CRTD - Created;2026-07-14 00:00:00;;2026-07-21 00:00:00;32099;260714TA;RS/A80K10SQ_S;RS*A80K10SQ;Introducer II H;Introducer II H;;;IK;13120;0;0;0;RS33M021NV-1;RS33M021NV-1;IFU M26 TRAY/POUCH Non CE;HDSD M26 có khay/không khay (không CE);ZROH;;2624;3001;0;0070
260714TA;000010084268;CRTD - Created;2026-07-14 00:00:00;;2026-07-21 00:00:00;32099;260714TA;RS/A80K10SQ_S;RS*A80K10SQ;Introducer II H;Introducer II H;;;IK;13120;0;0;0;MSA80K10SQY;MSA80K10SQY;Bộ dây dẫn mini;Bộ dây dẫn mini;ZHAL;;13120;3001;0;0080
260714TA;000010084268;CRTD - Created;2026-07-14 00:00:00;;2026-07-21 00:00:00;32099;260714TA;RS/A80K10SQ_S;RS*A80K10SQ;Introducer II H;Introducer II H;;;IK;13120;0;0;0;RS60E08010;RS60E08010;RS*lắp ráp 8FR 10CM;RS*lắp ráp 8FR 10CM;ZHAL;;13120;3001;0;0090
260714TA;000010084268;CRTD - Created;2026-07-14 00:00:00;;2026-07-21 00:00:00;32099;260714TA;RS/A80K10SQ_S;RS*A80K10SQ;Introducer II H;Introducer II H;;;IK;13120;0;0;0;RS25C80K10W;RS25C80K10W;RS que nong C80K10;RS que nong C80K10;ZHAL;;13120;3001;0;0100
260714TA;000010084268;CRTD - Created;2026-07-14 00:00:00;;2026-07-21 00:00:00;32099;260714TA;RS/A80K10SQ_S;RS*A80K10SQ;Introducer II H;Introducer II H;;;IK;13120;0;0;0;SS50X050ZV;SS50X050ZV;CYLINDER SS-02SZ;XI LANH SS-02SZ;ZROH;;13120;3001;0;0110
260714TA;000010084268;CRTD - Created;2026-07-14 00:00:00;;2026-07-21 00:00:00;32099;260714TA;RS/A80K10SQ_S;RS*A80K10SQ;Introducer II H;Introducer II H;;;IK;13120;0;0;0;SC55S1864BV;SC55S1864BV;NON STERILE PARTS FS1864;KIM LUỒN FS1864;ZROH;;13120;3001;0;0120
260714TA;000010084268;CRTD - Created;2026-07-14 00:00:00;;2026-07-21 00:00:00;32099;260714TA;RS/A80K10SQ_S;RS*A80K10SQ;Introducer II H;Introducer II H;;;IK;13120;0;0;0;RS32X110V;RS32X110V;STANDARD TRAY S;KHAY ĐỠ LOẠI S;ZROH;;13120;3001;0;0130
260702V;000010084492;TECO - Technically completed;2026-07-03 00:00:00;2026-07-03 00:00:00;2026-07-04 00:00:00;3012;260702V;4RFGA35153M;RF*GA35153M;"RF GuidewireM Std 0.035""x150cm Angled";Dây d/đường cho catheter;;;Sterilization;27541;27541;0;0;RF/GA35153M_S;RF*GA35153M;Sản phẩm đóng gói RF*GA35153M;Sản phẩm đóng gói RF*GA35153M;ZHAL;260702V;27541;;27541;0010
260702VA;000010084496;TECO - Technically completed;2026-07-03 00:00:00;2026-07-03 00:00:00;2026-07-04 00:00:00;3013;260702VA;4RSA60G07SQ;RS*A60G07SQ;"RF IK  6Fr 7cm PL Straight 0.025""GW";D/cụ mở đường vào đmạch;;;Sterilization;13119;13119;0;0;RS/A60G07SQ_S;RS*A60G07SQ;Introducer II H;Introducer II H;ZHAL;260702VA;13119;;13119;0010
260703VA;000010084498;TECO - Technically completed;2026-07-04 00:00:00;2026-07-03 00:00:00;2026-07-04 00:00:00;3013;260703VA;4RSB60N10MQ;RS*B60N10MQ;"RF IK 6Fr10cm SpringStraight J 0.038""GW";D/cụ mở đường vào đmạch;;;Sterilization;13119;13119;0;0;RS/B60N10MQ_S;RS*B60N10MQ;Introducer II H;Introducer II H;ZHAL;260703VA;13119;;13119;0010
260703TC;000010084500;TECO - Technically completed;2026-07-03 00:00:00;2026-07-03 00:00:00;2026-07-04 00:00:00;3013;260703TC;4RSA60G16SQZ;RS*A60G16SQZ;"RF IK  6Fr16cm PL Straight 0.025""GW";D/cụ mở đường vào đmạch;;;Sterilization;4319;4319;0;0;RS/A60G16SQZ_S;RS*A60G16SQZ;Introducer II H;Introducer II H;ZHAL;260703TC;4319;;4319;0010
260704TA;000010084536;REL - Released;2026-07-04 00:00:00;2026-07-03 00:00:00;2026-07-04 00:00:00;3013;260704TA;4RSA60G16SQZ;RS*A60G16SQZ;"RF IK  6Fr16cm PL Straight 0.025""GW";D/cụ mở đường vào đmạch;;;Sterilization;4319;0;0;0;RS/A60G16SQZ_S;RS*A60G16SQZ;Introducer II H;Introducer II H;ZHAL;260704TA;4319;;0;0010
260702V;000010084541;TECO - Technically completed;2026-07-04 00:00:00;2026-07-04 00:00:00;2026-07-04 00:00:00;3012;260702V;4RFGA35263M;RF*GA35263M;"RFGuidewireMStd0.035""x260cmAngleExchange";Dây d/đường cho catheter;;;Sterilization;13841;13841;0;0;RF/GA35263M_S;RF*GA35263M;Sản phẩm đóng gói RF*GA35263M;Sản phẩm đóng gói RF*GA35263M;ZHAL;260702V;13841;;13841;0010
260703A;000010084542;REL - Released;2026-07-04 00:00:00;2026-07-04 00:00:00;2026-07-04 00:00:00;3012;260703A;4RH5TIG110MX;RH+5TIG110M;RF Optitorque 5Fr Tiger I SH1 100cm;Catheter chụp tim, mạch…;;;Sterilization;6827;0;0;0;RH+5TIG110M_S;RH+5TIG110M;Optitorque RH+5TIG110M;Optitorque RH+5TIG110M;ZHAL;260703A;6827;;0;0010
260703H;000010084543;REL - Released;2026-07-04 00:00:00;2026-07-04 00:00:00;2026-07-04 00:00:00;3012;260703H;4RH5CR4000M;RH*5CR4000M;RF Optitorque 5Fr JR 4.0cm 100cm;Catheter chụp tim, mạch…;;;Sterilization;6827;0;0;0;RH/5CR4000M_S;RH*5CR4000M;Optitorque RH*5CR4000M;Optitorque RH*5CR4000M;ZHAL;260703H;6827;;0;0010
260703TA;000010084544;REL - Released;2026-07-04 00:00:00;2026-07-04 00:00:00;2026-07-05 00:00:00;3013;260703TA;4RSA50K10SQ;RS*A50K10SQ;"RF IK  5Fr10cm PL Straight 0.035""GW";D/cụ mở đường vào đmạch;;;Sterilization;13119;0;0;0;RS/A50K10SQ_S;RS*A50K10SQ;Introducer II H;Introducer II H;ZHAL;260703TA;13119;;0;0010
260715G01;000010084545;CRTD - Created;2026-07-15 00:00:00;;2026-07-22 00:00:00;32060;260715G01;CRS25C60D25W;CRS25C60D25W;Ống q/nong sau cắt  60D25CM;Ống q/nong sau cắt 60D25CM;;;IK;3128;0;0;0;RS92S060A;RS92S060A;BEFORE-CHECK A DILATOR TUBE S6FR;Que nong S6Fr trước kiểm tra A;ZROH;;782;3001;0;0010
260715G01;000010084546;CRTD - Created;2026-07-15 00:00:00;;2026-07-22 00:00:00;32060;260715G01;CRS25C60G25W;CRS25C60G25W;Ống q/nong sau cắt  60G25CM;Ống q/nong sau cắt 60G25CM;;;IK;3140;0;0;0;RS92S060A;RS92S060A;BEFORE-CHECK A DILATOR TUBE S6FR;Que nong S6Fr trước kiểm tra A;ZROH;;785;3001;0;0010
260715G01;000010084547;CRTD - Created;2026-07-15 00:00:00;;2026-07-22 00:00:00;32065;260715G01;RS25C60D25W;RS25C60D25W;RS que nong C60D25;RS que nong C60D25;;;IK;3128;0;0;0;CRS25C60D25W;CRS25C60D25W;Ống q/nong sau cắt  60D25CM;Ống q/nong sau cắt 60D25CM;ZHAL;;3128;3001;0;0010
260715G01;000010084547;CRTD - Created;2026-07-15 00:00:00;;2026-07-22 00:00:00;32065;260715G01;RS25C60D25W;RS25C60D25W;RS que nong C60D25;RS que nong C60D25;;;IK;3128;0;0;0;RS27X100V;RS27X100V;DILATOR LOCK PIN A TVC;RS CHỐT QUE NONG LOẠI A TVC;ZROH;;3128;3001;0;0020
260715G01;000010084547;CRTD - Created;2026-07-15 00:00:00;;2026-07-22 00:00:00;32065;260715G01;RS25C60D25W;RS25C60D25W;RS que nong C60D25;RS que nong C60D25;;;IK;3128;0;0;0;RS00X660EV1;RS00X660EV1;DILATOR HUB 6FR;CHUÔI QUE NONG 6FR;ZROH;;3128;3001;0;0030
260715G01;000010084548;CRTD - Created;2026-07-15 00:00:00;;2026-07-22 00:00:00;32065;260715G01;RS25C60G25W;RS25C60G25W;RS que nong C60G25;RS que nong C60G25;;;IK;3140;0;0;0;CRS25C60G25W;CRS25C60G25W;Ống q/nong sau cắt  60G25CM;Ống q/nong sau cắt 60G25CM;ZHAL;;3140;3001;0;0010
260715G01;000010084548;CRTD - Created;2026-07-15 00:00:00;;2026-07-22 00:00:00;32065;260715G01;RS25C60G25W;RS25C60G25W;RS que nong C60G25;RS que nong C60G25;;;IK;3140;0;0;0;RS27X100V;RS27X100V;DILATOR LOCK PIN A TVC;RS CHỐT QUE NONG LOẠI A TVC;ZROH;;3140;3001;0;0020
260715G01;000010084548;CRTD - Created;2026-07-15 00:00:00;;2026-07-22 00:00:00;32065;260715G01;RS25C60G25W;RS25C60G25W;RS que nong C60G25;RS que nong C60G25;;;IK;3140;0;0;0;RS00X660EV1;RS00X660EV1;DILATOR HUB 6FR;CHUÔI QUE NONG 6FR;ZROH;;3140;3001;0;0030
260715G01;000010084549;CRTD - Created;2026-07-15 00:00:00;;2026-07-22 00:00:00;32050;260715G01;CRS26Q6010M;CRS26Q6010M;Ống sheath M sau cắt 6FR10CM;Ống sheath M sau cắt 6FR10CM;;;IK;6348;0;0;0;RS04X261V;RS04X261V;ETFE TUBE (SHEATH) 6FR;ỐNG ETFE (SHEATH) 6FR;ZROH;;1058;3001;0;0010
260715G01;000010084550;CRTD - Created;2026-07-15 00:00:00;;2026-07-22 00:00:00;32050;260715G01;CRS26Q6025M;CRS26Q6025M;Ống sheath M sau cắt 6FR25CM;Ống sheath M sau cắt 6FR25CM;;;IK;3135;0;0;0;RS04X261V;RS04X261V;ETFE TUBE (SHEATH) 6FR;ỐNG ETFE (SHEATH) 6FR;ZROH;;1045;3001;0;0010
260715G01;000010084551;CRTD - Created;2026-07-15 00:00:00;;2026-07-22 00:00:00;32055;260715G01;RS26Q6010M;RS26Q6010M;RS Sheath 0.20 60x10  M;RS Sheath 0.20 60x10 M;;;IK;6348;0;0;0;CRS26Q6010M;CRS26Q6010M;Ống sheath M sau cắt 6FR10CM;Ống sheath M sau cắt 6FR10CM;ZHAL;;6348;3001;0;0010
260715G01;000010084551;CRTD - Created;2026-07-15 00:00:00;;2026-07-22 00:00:00;32055;260715G01;RS26Q6010M;RS26Q6010M;RS Sheath 0.20 60x10  M;RS Sheath 0.20 60x10 M;;;IK;6348;0;0;0;RS27X006V;RS27X006V;SHEATH LOCK PIN RS 6FR;Chốt sheath RS 6Fr;ZROH;;6348;3001;0;0020
260715G01;000010084552;CRTD - Created;2026-07-15 00:00:00;;2026-07-22 00:00:00;32055;260715G01;RS26Q6025M;RS26Q6025M;RS Sheath 0.20 60x25  M;RS Sheath 0.20 60x25 M;;;IK;3135;0;0;0;CRS26Q6025M;CRS26Q6025M;Ống sheath M sau cắt 6FR25CM;Ống sheath M sau cắt 6FR25CM;ZHAL;;3135;3001;0;0010
260715G01;000010084552;CRTD - Created;2026-07-15 00:00:00;;2026-07-22 00:00:00;32055;260715G01;RS26Q6025M;RS26Q6025M;RS Sheath 0.20 60x25  M;RS Sheath 0.20 60x25 M;;;IK;3135;0;0;0;RS27X006V;RS27X006V;SHEATH LOCK PIN RS 6FR;Chốt sheath RS 6Fr;ZROH;;3135;3001;0;0020
260715G01;000010084553;CRTD - Created;2026-07-15 00:00:00;;2026-07-22 00:00:00;32070;260715G01;RS60E06025M;RS60E06025M;RS*lắp ráp 6FR 25cm M;RS*lắp ráp 6FR 25cm M;;;IK;6354;0;0;0;RS26Q6025M;RS26Q6025M;RS Sheath 0.20 60x25  M;RS Sheath 0.20 60x25 M;ZHAL;;6354;3001;0;0010
260715G01;000010084553;CRTD - Created;2026-07-15 00:00:00;;2026-07-22 00:00:00;32070;260715G01;RS60E06025M;RS60E06025M;RS*lắp ráp 6FR 25cm M;RS*lắp ráp 6FR 25cm M;;;IK;6354;0;0;0;RS00X261EV1;RS00X261EV1;SHEATH HOUSING 6FR;SHEATH HOUSING 6FR;ZROH;;6354;3001;0;0020
260715G01;000010084553;CRTD - Created;2026-07-15 00:00:00;;2026-07-22 00:00:00;32070;260715G01;RS60E06025M;RS60E06025M;RS*lắp ráp 6FR 25cm M;RS*lắp ráp 6FR 25cm M;;;IK;6354;0;0;0;RS00X222KV;RS00X222KV;SHEATH CAP RS A TVC NEW TYPE;Nắp sheath RS A TVC Loại mới;ZROH;;6354;3001;0;0030
260715G01;000010084553;CRTD - Created;2026-07-15 00:00:00;;2026-07-22 00:00:00;32070;260715G01;RS60E06025M;RS60E06025M;RS*lắp ráp 6FR 25cm M;RS*lắp ráp 6FR 25cm M;;;IK;6354;0;0;0;RS23X000V;RS23X000V;VALVE RFS TVC;Van RFS TVC;ZROH;;6354;3001;0;0040
260715G01;000010084553;CRTD - Created;2026-07-15 00:00:00;;2026-07-22 00:00:00;32070;260715G01;RS60E06025M;RS60E06025M;RS*lắp ráp 6FR 25cm M;RS*lắp ráp 6FR 25cm M;;;IK;6354;0;0;0;RS00E460EV1;RS00E460EV1;SHEATH SUPPORT 6FR;THÂN ĐỠ SHEATH 6FR;ZROH;;6354;3001;0;0050
260715G01;000010084553;CRTD - Created;2026-07-15 00:00:00;;2026-07-22 00:00:00;32070;260715G01;RS60E06025M;RS60E06025M;RS*lắp ráp 6FR 25cm M;RS*lắp ráp 6FR 25cm M;;;IK;6354;0;0;0;TS40X511RSVA;TS40X511RSVA;NON STERILE PART 3WAY COCK;VAN TAM THÔNG;ZROH;;6354;3001;0;0060
260715G01;000010084553;CRTD - Created;2026-07-15 00:00:00;;2026-07-22 00:00:00;32070;260715G01;RS60E06025M;RS60E06025M;RS*lắp ráp 6FR 25cm M;RS*lắp ráp 6FR 25cm M;;;IK;6354;0;0;0;RS90X000V;RS90X000V;Ống Arm;Ống Arm;ZHAL;;6354;3001;0;0070
260715G01;000010084554;CRTD - Created;2026-07-15 00:00:00;;2026-07-22 00:00:00;32075;260715G01;RF50MS2580Y;RF50MS2580Y;Dây dẫn mini đã g/c S0.025X80CM;Dây dẫn mini đã g/c S0.025X80CM;;;IK;3090;0;0;0;RF42MS2580YV;RF42MS2580YV;MINI GUIDE WIRE S2580;DÂY DẪN MINI S2580;ZROH;;3090;3001;0;0010
260715G01;000010084555;CRTD - Created;2026-07-15 00:00:00;;2026-07-22 00:00:00;32085;260715G01;MMAF6J25SQWY;MMAF6J25SQWY;Bộ dây dẫn mini;Bộ dây dẫn mini;;;IK;3063;0;0;0;RG90X0760V;RG90X0760V;IK ống bọc ngoài 760mm;IK ống bọc ngoài 760mm;ZHAL;;3063;3001;0;0010
260715G01;000010084555;CRTD - Created;2026-07-15 00:00:00;;2026-07-22 00:00:00;32085;260715G01;MMAF6J25SQWY;MMAF6J25SQWY;Bộ dây dẫn mini;Bộ dây dẫn mini;;;IK;3063;0;0;0;RF50MS2580Y;RF50MS2580Y;Dây dẫn mini đã g/c S0.025X80CM;Dây dẫn mini đã g/c S0.025X80CM;ZHAL;;3063;3001;0;0020
260715G01;000010084556;CRTD - Created;2026-07-15 00:00:00;;2026-07-22 00:00:00;32085;260715G01;MMRF6F25PQ;MMRF6F25PQ;Bộ dây dẫn mini M;Bộ dây dẫn mini M;;;IK;3059;0;0;0;RS05X536AIV;RS05X536AIV;SPRING MINI GW 2180;DÂY DẪN MINI SPRING 2180;ZROH;;3059;3001;0;0010
260715G01;000010084556;CRTD - Created;2026-07-15 00:00:00;;2026-07-22 00:00:00;32085;260715G01;MMRF6F25PQ;MMRF6F25PQ;Bộ dây dẫn mini M;Bộ dây dẫn mini M;;;IK;3059;0;0;0;RG90X0760VB;RG90X0760VB;Ống bọc ngoài xanh 760;Ống bọc ngoài xanh 760;ZHAL;;3059;3001;0;0020
260715G01;000010084557;CRTD - Created;2026-07-15 00:00:00;;2026-07-22 00:00:00;32060;260715G01;CRS25C60D10W;CRS25C60D10W;Ống q/nong sau cắt  60D10CM;Ống q/nong sau cắt 60D10CM;;;IK;13433;0;0;0;RS92S060A;RS92S060A;BEFORE-CHECK A DILATOR TUBE S6FR;Que nong S6Fr trước kiểm tra A;ZROH;;1919;3001;0;0010
260715G01;000010084558;CRTD - Created;2026-07-15 00:00:00;;2026-07-22 00:00:00;32065;260715G01;RS25C60D10W;RS25C60D10W;RS que nong C60D10;RS que nong C60D10;;;IK;13433;0;0;0;CRS25C60D10W;CRS25C60D10W;Ống q/nong sau cắt  60D10CM;Ống q/nong sau cắt 60D10CM;ZHAL;;13433;3001;0;0010
260715G01;000010084558;CRTD - Created;2026-07-15 00:00:00;;2026-07-22 00:00:00;32065;260715G01;RS25C60D10W;RS25C60D10W;RS que nong C60D10;RS que nong C60D10;;;IK;13433;0;0;0;RS27X100V;RS27X100V;DILATOR LOCK PIN A TVC;RS CHỐT QUE NONG LOẠI A TVC;ZROH;;13433;3001;0;0020
260715G01;000010084558;CRTD - Created;2026-07-15 00:00:00;;2026-07-22 00:00:00;32065;260715G01;RS25C60D10W;RS25C60D10W;RS que nong C60D10;RS que nong C60D10;;;IK;13433;0;0;0;RS00X660EV1;RS00X660EV1;DILATOR HUB 6FR;CHUÔI QUE NONG 6FR;ZROH;;13433;3001;0;0030
260715G01;000010084559;CRTD - Created;2026-07-15 00:00:00;;2026-07-22 00:00:00;32050;260715G01;CRS26Q6010;CRS26Q6010;Ống sheath sau cắt  6FR10CM;Ống sheath sau cắt 6FR10CM;;;IK;13181;0;0;0;RS04X261V;RS04X261V;ETFE TUBE (SHEATH) 6FR;ỐNG ETFE (SHEATH) 6FR;ZROH;;1883;3001;0;0010
260704VA;000010084560;REL - Released;2026-07-04 00:00:00;2026-07-04 00:00:00;2026-07-04 00:00:00;3013;260704VA;4RMRS6F16PQ;RM*RS6F16PQ;"GSSlender 6Fr 16cm Spring 0.021"" GW";Dc mđường vào đmạch quay;;;Sterilization;3020;0;0;0;RM/RS6F16PQ_S;RM*RS6F16PQ;Dc mđường vào đmạch quay;Dc mđường vào đmạch quay;ZHAL;260704VA;3020;;0;0010
260704TB;000010084571;REL - Released;2026-07-04 00:00:00;2026-07-04 00:00:00;2026-07-05 00:00:00;3013;260704TB;4RSA60G16SQZ;RS*A60G16SQZ;"RF IK  6Fr16cm PL Straight 0.025""GW";D/cụ mở đường vào đmạch;;;Sterilization;4319;0;0;0;RS/A60G16SQZ_S;RS*A60G16SQZ;Introducer II H;Introducer II H;ZHAL;260704TB;4319;;0;0010
260715G01;000010084580;CRTD - Created;2026-07-15 00:00:00;;2026-07-22 00:00:00;32055;260715G01;RS26Q6010;RS26Q6010;RS Sheath 0.20 60X10;RS Sheath 0.20 60X10;;;IK;13181;0;0;0;CRS26Q6010;CRS26Q6010;Ống sheath sau cắt  6FR10CM;Ống sheath sau cắt 6FR10CM;ZHAL;;13181;3001;0;0010
260715G01;000010084580;CRTD - Created;2026-07-15 00:00:00;;2026-07-22 00:00:00;32055;260715G01;RS26Q6010;RS26Q6010;RS Sheath 0.20 60X10;RS Sheath 0.20 60X10;;;IK;13181;0;0;0;RS27X006V;RS27X006V;SHEATH LOCK PIN RS 6FR;Chốt sheath RS 6Fr;ZROH;;13181;3001;0;0020
260715G01;000010084581;CRTD - Created;2026-07-15 00:00:00;;2026-07-22 00:00:00;32070;260715G01;RS60E06010;RS60E06010;RS*lắp ráp 6FR 10CM;RS*lắp ráp 6FR 10CM;;;IK;13181;0;0;0;RS26Q6010;RS26Q6010;RS Sheath 0.20 60X10;RS Sheath 0.20 60X10;ZHAL;;13181;3001;0;0010
260715G01;000010084581;CRTD - Created;2026-07-15 00:00:00;;2026-07-22 00:00:00;32070;260715G01;RS60E06010;RS60E06010;RS*lắp ráp 6FR 10CM;RS*lắp ráp 6FR 10CM;;;IK;13181;0;0;0;RS00X261EV1;RS00X261EV1;SHEATH HOUSING 6FR;SHEATH HOUSING 6FR;ZROH;;13181;3001;0;0020
260715G01;000010084581;CRTD - Created;2026-07-15 00:00:00;;2026-07-22 00:00:00;32070;260715G01;RS60E06010;RS60E06010;RS*lắp ráp 6FR 10CM;RS*lắp ráp 6FR 10CM;;;IK;13181;0;0;0;RS00X222KV;RS00X222KV;SHEATH CAP RS A TVC NEW TYPE;Nắp sheath RS A TVC Loại mới;ZROH;;13181;3001;0;0030
260715G01;000010084581;CRTD - Created;2026-07-15 00:00:00;;2026-07-22 00:00:00;32070;260715G01;RS60E06010;RS60E06010;RS*lắp ráp 6FR 10CM;RS*lắp ráp 6FR 10CM;;;IK;13181;0;0;0;RS23X000V;RS23X000V;VALVE RFS TVC;Van RFS TVC;ZROH;;13181;3001;0;0040
260715G01;000010084581;CRTD - Created;2026-07-15 00:00:00;;2026-07-22 00:00:00;32070;260715G01;RS60E06010;RS60E06010;RS*lắp ráp 6FR 10CM;RS*lắp ráp 6FR 10CM;;;IK;13181;0;0;0;RS00E460EV1;RS00E460EV1;SHEATH SUPPORT 6FR;THÂN ĐỠ SHEATH 6FR;ZROH;;13181;3001;0;0050
260715G01;000010084581;CRTD - Created;2026-07-15 00:00:00;;2026-07-22 00:00:00;32070;260715G01;RS60E06010;RS60E06010;RS*lắp ráp 6FR 10CM;RS*lắp ráp 6FR 10CM;;;IK;13181;0;0;0;TS40X511RSVA;TS40X511RSVA;NON STERILE PART 3WAY COCK;VAN TAM THÔNG;ZROH;;13181;3001;0;0060
260715G01;000010084581;CRTD - Created;2026-07-15 00:00:00;;2026-07-22 00:00:00;32070;260715G01;RS60E06010;RS60E06010;RS*lắp ráp 6FR 10CM;RS*lắp ráp 6FR 10CM;;;IK;13181;0;0;0;RS90X000V;RS90X000V;Ống Arm;Ống Arm;ZHAL;;13181;3001;0;0070
260715G01;000010084582;CRTD - Created;2026-07-15 00:00:00;;2026-07-22 00:00:00;32085;260715G01;MSR60D10PQ;MSR60D10PQ;Bộ dây dẫn mini;Bộ dây dẫn mini;;;IK;13119;0;0;0;RG90X0405VB;RG90X0405VB;Ống bọc ngoài xanh 405;Ống bọc ngoài xanh 405;ZHAL;;13119;3001;0;0010
260715G01;000010084582;CRTD - Created;2026-07-15 00:00:00;;2026-07-22 00:00:00;32085;260715G01;MSR60D10PQ;MSR60D10PQ;Bộ dây dẫn mini;Bộ dây dẫn mini;;;IK;13119;0;0;0;RS05X541AIV;RS05X541AIV;SPRING MINI GW 2145;DÂY DẪN MINI SPRING 2145;ZROH;;13119;3001;0;0020
260715G01;000010084583;CRTD - Created;2026-07-15 00:00:00;;2026-07-22 00:00:00;32060;260715G01;CRS25C60G16W;CRS25C60G16W;Ống q/nong sau cắt  60G16CM;Ống q/nong sau cắt 60G16CM;;;IK;13260;0;0;0;RS92S060A;RS92S060A;BEFORE-CHECK A DILATOR TUBE S6FR;Que nong S6Fr trước kiểm tra A;ZROH;;2652;3001;0;0010
260715G01;000010084584;CRTD - Created;2026-07-15 00:00:00;;2026-07-22 00:00:00;32060;260715G01;CRS25C80K10W;CRS25C80K10W;Ống q/nong sau cắt  80K10CM;Ống q/nong sau cắt 80K10CM;;;IK;13433;0;0;0;RS92C080A;RS92C080A;BEFORE-CHECK A DILATOR TUBE C8FR;Que nong C8Fr trước kiểm tra A;ZROH;;1919;3001;0;0010
260715G01;000010084585;CRTD - Created;2026-07-15 00:00:00;;2026-07-22 00:00:00;32065;260715G01;RS25C60G16W;RS25C60G16W;RS que nong C60G16;RS que nong C60G16;;;IK;13260;0;0;0;CRS25C60G16W;CRS25C60G16W;Ống q/nong sau cắt  60G16CM;Ống q/nong sau cắt 60G16CM;ZHAL;;13260;3001;0;0010
260715G01;000010084585;CRTD - Created;2026-07-15 00:00:00;;2026-07-22 00:00:00;32065;260715G01;RS25C60G16W;RS25C60G16W;RS que nong C60G16;RS que nong C60G16;;;IK;13260;0;0;0;RS27X100V;RS27X100V;DILATOR LOCK PIN A TVC;RS CHỐT QUE NONG LOẠI A TVC;ZROH;;13260;3001;0;0020
260715G01;000010084585;CRTD - Created;2026-07-15 00:00:00;;2026-07-22 00:00:00;32065;260715G01;RS25C60G16W;RS25C60G16W;RS que nong C60G16;RS que nong C60G16;;;IK;13260;0;0;0;RS00X660EV1;RS00X660EV1;DILATOR HUB 6FR;CHUÔI QUE NONG 6FR;ZROH;;13260;3001;0;0030
260715G01;000010084586;CRTD - Created;2026-07-15 00:00:00;;2026-07-22 00:00:00;32065;260715G01;RS25C80K10W;RS25C80K10W;RS que nong C80K10;RS que nong C80K10;;;IK;13433;0;0;0;CRS25C80K10W;CRS25C80K10W;Ống q/nong sau cắt  80K10CM;Ống q/nong sau cắt 80K10CM;ZHAL;;13433;3001;0;0010
260715G01;000010084586;CRTD - Created;2026-07-15 00:00:00;;2026-07-22 00:00:00;32065;260715G01;RS25C80K10W;RS25C80K10W;RS que nong C80K10;RS que nong C80K10;;;IK;13433;0;0;0;RS27X100V;RS27X100V;DILATOR LOCK PIN A TVC;RS CHỐT QUE NONG LOẠI A TVC;ZROH;;13433;3001;0;0020
260715G01;000010084586;CRTD - Created;2026-07-15 00:00:00;;2026-07-22 00:00:00;32065;260715G01;RS25C80K10W;RS25C80K10W;RS que nong C80K10;RS que nong C80K10;;;IK;13433;0;0;0;RS00X680EV2;RS00X680EV2;DILATOR HUB 8FR;CHUÔI QUE NONG 8FR;ZROH;;13433;3001;0;0030
260715G01;000010084587;CRTD - Created;2026-07-15 00:00:00;;2026-07-22 00:00:00;32050;260715G01;CRS26Q6016;CRS26Q6016;Ống sheath sau cắt  6FR16CM;Ống sheath sau cắt 6FR16CM;;;IK;13036;0;0;0;RS04X261VS;RS04X261VS;ETFE TUBE (SHEATH) 6FR S;ỐNG ETFE (SHEATH) 6FR S;ZROH;;3259;3001;0;0010
260715G01;000010084588;CRTD - Created;2026-07-15 00:00:00;;2026-07-22 00:00:00;32050;260715G01;CRS26Q8010;CRS26Q8010;Ống sheath sau cắt  8FR10CM;Ống sheath sau cắt 8FR10CM;;;IK;13209;0;0;0;RS04X281V;RS04X281V;ETFE TUBE (SHEATH) 8FR;ỐNG ETFE (SHEATH) 8FR;ZROH;;1887;3001;0;0010
260715G01;000010084589;CRTD - Created;2026-07-15 00:00:00;;2026-07-22 00:00:00;32055;260715G01;RS26Q6016;RS26Q6016;RS Sheath 0.20 60X16;RS Sheath 0.20 60X16;;;IK;13036;0;0;0;CRS26Q6016;CRS26Q6016;Ống sheath sau cắt  6FR16CM;Ống sheath sau cắt 6FR16CM;ZHAL;;13036;3001;0;0010
260715G01;000010084589;CRTD - Created;2026-07-15 00:00:00;;2026-07-22 00:00:00;32055;260715G01;RS26Q6016;RS26Q6016;RS Sheath 0.20 60X16;RS Sheath 0.20 60X16;;;IK;13036;0;0;0;RS27X006V;RS27X006V;SHEATH LOCK PIN RS 6FR;Chốt sheath RS 6Fr;ZROH;;13036;3001;0;0020
260715G01;000010084590;CRTD - Created;2026-07-15 00:00:00;;2026-07-22 00:00:00;32055;260715G01;RS26Q8010;RS26Q8010;RS Sheath 0.20 80X10;RS Sheath 0.20 80X10;;;IK;13209;0;0;0;CRS26Q8010;CRS26Q8010;Ống sheath sau cắt  8FR10CM;Ống sheath sau cắt 8FR10CM;ZHAL;;13209;3001;0;0010
260715G01;000010084590;CRTD - Created;2026-07-15 00:00:00;;2026-07-22 00:00:00;32055;260715G01;RS26Q8010;RS26Q8010;RS Sheath 0.20 80X10;RS Sheath 0.20 80X10;;;IK;13209;0;0;0;RS27X008V;RS27X008V;SHEATH LOCK PIN 8FR;Chốt sheath 8Fr;ZROH;;13209;3001;0;0020
260715G01;000010084591;CRTD - Created;2026-07-15 00:00:00;;2026-07-22 00:00:00;32070;260715G01;RS60E06016;RS60E06016;RS*lắp ráp 6FR 16CM;RS*lắp ráp 6FR 16CM;;;IK;13036;0;0;0;RS26Q6016;RS26Q6016;RS Sheath 0.20 60X16;RS Sheath 0.20 60X16;ZHAL;;13036;3001;0;0010
260715G01;000010084591;CRTD - Created;2026-07-15 00:00:00;;2026-07-22 00:00:00;32070;260715G01;RS60E06016;RS60E06016;RS*lắp ráp 6FR 16CM;RS*lắp ráp 6FR 16CM;;;IK;13036;0;0;0;RS00X261EV1;RS00X261EV1;SHEATH HOUSING 6FR;SHEATH HOUSING 6FR;ZROH;;13036;3001;0;0020
260715G01;000010084591;CRTD - Created;2026-07-15 00:00:00;;2026-07-22 00:00:00;32070;260715G01;RS60E06016;RS60E06016;RS*lắp ráp 6FR 16CM;RS*lắp ráp 6FR 16CM;;;IK;13036;0;0;0;RS00X222KV;RS00X222KV;SHEATH CAP RS A TVC NEW TYPE;Nắp sheath RS A TVC Loại mới;ZROH;;13036;3001;0;0030
260715G01;000010084591;CRTD - Created;2026-07-15 00:00:00;;2026-07-22 00:00:00;32070;260715G01;RS60E06016;RS60E06016;RS*lắp ráp 6FR 16CM;RS*lắp ráp 6FR 16CM;;;IK;13036;0;0;0;RS23X000V;RS23X000V;VALVE RFS TVC;Van RFS TVC;ZROH;;13036;3001;0;0040
260715G01;000010084591;CRTD - Created;2026-07-15 00:00:00;;2026-07-22 00:00:00;32070;260715G01;RS60E06016;RS60E06016;RS*lắp ráp 6FR 16CM;RS*lắp ráp 6FR 16CM;;;IK;13036;0;0;0;RS00E460EV1;RS00E460EV1;SHEATH SUPPORT 6FR;THÂN ĐỠ SHEATH 6FR;ZROH;;13036;3001;0;0050
260715G01;000010084591;CRTD - Created;2026-07-15 00:00:00;;2026-07-22 00:00:00;32070;260715G01;RS60E06016;RS60E06016;RS*lắp ráp 6FR 16CM;RS*lắp ráp 6FR 16CM;;;IK;13036;0;0;0;TS40X511RSVA;TS40X511RSVA;NON STERILE PART 3WAY COCK;VAN TAM THÔNG;ZROH;;13036;3001;0;0060
260715G01;000010084591;CRTD - Created;2026-07-15 00:00:00;;2026-07-22 00:00:00;32070;260715G01;RS60E06016;RS60E06016;RS*lắp ráp 6FR 16CM;RS*lắp ráp 6FR 16CM;;;IK;13036;0;0;0;RS90X000V;RS90X000V;Ống Arm;Ống Arm;ZHAL;;13036;3001;0;0070
260715G01;000010084592;CRTD - Created;2026-07-15 00:00:00;;2026-07-22 00:00:00;32070;260715G01;RS60E08010;RS60E08010;RS*lắp ráp 8FR 10CM;RS*lắp ráp 8FR 10CM;;;IK;13209;0;0;0;RS26Q8010;RS26Q8010;RS Sheath 0.20 80X10;RS Sheath 0.20 80X10;ZHAL;;13209;3001;0;0010
260715G01;000010084592;CRTD - Created;2026-07-15 00:00:00;;2026-07-22 00:00:00;32070;260715G01;RS60E08010;RS60E08010;RS*lắp ráp 8FR 10CM;RS*lắp ráp 8FR 10CM;;;IK;13209;0;0;0;RS00X281EV;RS00X281EV;SHEATH HOUSING 8FR;SHEATH HOUSING 8FR;ZROH;;13209;3001;0;0020
260715G01;000010084592;CRTD - Created;2026-07-15 00:00:00;;2026-07-22 00:00:00;32070;260715G01;RS60E08010;RS60E08010;RS*lắp ráp 8FR 10CM;RS*lắp ráp 8FR 10CM;;;IK;13209;0;0;0;RS00X222KV;RS00X222KV;SHEATH CAP RS A TVC NEW TYPE;Nắp sheath RS A TVC Loại mới;ZROH;;13209;3001;0;0030
260715G01;000010084592;CRTD - Created;2026-07-15 00:00:00;;2026-07-22 00:00:00;32070;260715G01;RS60E08010;RS60E08010;RS*lắp ráp 8FR 10CM;RS*lắp ráp 8FR 10CM;;;IK;13209;0;0;0;RS23X000V;RS23X000V;VALVE RFS TVC;Van RFS TVC;ZROH;;13209;3001;0;0040
260715G01;000010084592;CRTD - Created;2026-07-15 00:00:00;;2026-07-22 00:00:00;32070;260715G01;RS60E08010;RS60E08010;RS*lắp ráp 8FR 10CM;RS*lắp ráp 8FR 10CM;;;IK;13209;0;0;0;RS00E480EV;RS00E480EV;SHEATH SUPPORT 8FR;THÂN ĐỠ SHEATH 8FR;ZROH;;13209;3001;0;0050
260715G01;000010084592;CRTD - Created;2026-07-15 00:00:00;;2026-07-22 00:00:00;32070;260715G01;RS60E08010;RS60E08010;RS*lắp ráp 8FR 10CM;RS*lắp ráp 8FR 10CM;;;IK;13209;0;0;0;TS40X511RSVA;TS40X511RSVA;NON STERILE PART 3WAY COCK;VAN TAM THÔNG;ZROH;;13209;3001;0;0060
260715G01;000010084592;CRTD - Created;2026-07-15 00:00:00;;2026-07-22 00:00:00;32070;260715G01;RS60E08010;RS60E08010;RS*lắp ráp 8FR 10CM;RS*lắp ráp 8FR 10CM;;;IK;13209;0;0;0;RS90X000V;RS90X000V;Ống Arm;Ống Arm;ZHAL;;13209;3001;0;0070
260715G01;000010084593;CRTD - Created;2026-07-15 00:00:00;;2026-07-22 00:00:00;32075;260715G01;RF50MS2545Y;RF50MS2545Y;Dây dẫn mini đã g/c S0.025X45CM;Dây dẫn mini đã g/c S0.025X45CM;;;IK;12970;0;0;0;RF42MS2545YV;RF42MS2545YV;MINI GUIDE WIRE S2545;DÂY DẪN MINI S2545;ZROH;;12970;3001;0;0010
260715G01;000010084594;CRTD - Created;2026-07-15 00:00:00;;2026-07-22 00:00:00;32075;260715G01;RF50MS3545Y;RF50MS3545Y;Dây dẫn mini đã g/c S0.035X45CM;Dây dẫn mini đã g/c S0.035X45CM;;;IK;13130;0;0;0;RF42MS3545YV;RF42MS3545YV;MINI GUIDE WIRE S3545;DÂY DẪN MINI S3545;ZROH;;13130;3001;0;0010
260715G01;000010084595;CRTD - Created;2026-07-15 00:00:00;;2026-07-22 00:00:00;32080;260715G01;RS23X422;RS23X422;Ống bọc ngoài đã gia công 420mm;Ống bọc ngoài đã gia công 420mm;;;IK;10000;0;0;0;RG90X0420V;RG90X0420V;IK ống bọc ngoài 420mm;IK ống bọc ngoài 420mm;ZHAL;;10000;3001;0;0010
260715G01;000010084596;CRTD - Created;2026-07-15 00:00:00;;2026-07-22 00:00:00;32085;260715G01;MSA60G16SQZY;MSA60G16SQZY;Bộ dây dẫn mini;Bộ dây dẫn mini;;;IK;4319;0;0;0;RS23X422;RS23X422;Ống bọc ngoài đã gia công 420mm;Ống bọc ngoài đã gia công 420mm;ZHAL;;4319;3001;0;0010
260715G01;000010084596;CRTD - Created;2026-07-15 00:00:00;;2026-07-22 00:00:00;32085;260715G01;MSA60G16SQZY;MSA60G16SQZY;Bộ dây dẫn mini;Bộ dây dẫn mini;;;IK;4319;0;0;0;RF50MS2545Y;RF50MS2545Y;Dây dẫn mini đã g/c S0.025X45CM;Dây dẫn mini đã g/c S0.025X45CM;ZHAL;;4319;3001;0;0020
260715G02;000010084597;CRTD - Created;2026-07-15 00:00:00;;2026-07-22 00:00:00;32085;260715G02;MSA60G16SQZY;MSA60G16SQZY;Bộ dây dẫn mini;Bộ dây dẫn mini;;;IK;4319;0;0;0;RS23X422;RS23X422;Ống bọc ngoài đã gia công 420mm;Ống bọc ngoài đã gia công 420mm;ZHAL;;4319;3001;0;0010
260715G02;000010084597;CRTD - Created;2026-07-15 00:00:00;;2026-07-22 00:00:00;32085;260715G02;MSA60G16SQZY;MSA60G16SQZY;Bộ dây dẫn mini;Bộ dây dẫn mini;;;IK;4319;0;0;0;RF50MS2545Y;RF50MS2545Y;Dây dẫn mini đã g/c S0.025X45CM;Dây dẫn mini đã g/c S0.025X45CM;ZHAL;;4319;3001;0;0020
260715G03;000010084598;CRTD - Created;2026-07-15 00:00:00;;2026-07-22 00:00:00;32085;260715G03;MSA60G16SQZY;MSA60G16SQZY;Bộ dây dẫn mini;Bộ dây dẫn mini;;;IK;4319;0;0;0;RS23X422;RS23X422;Ống bọc ngoài đã gia công 420mm;Ống bọc ngoài đã gia công 420mm;ZHAL;;4319;3001;0;0010
260715G03;000010084598;CRTD - Created;2026-07-15 00:00:00;;2026-07-22 00:00:00;32085;260715G03;MSA60G16SQZY;MSA60G16SQZY;Bộ dây dẫn mini;Bộ dây dẫn mini;;;IK;4319;0;0;0;RF50MS2545Y;RF50MS2545Y;Dây dẫn mini đã g/c S0.025X45CM;Dây dẫn mini đã g/c S0.025X45CM;ZHAL;;4319;3001;0;0020
260715G01;000010084599;CRTD - Created;2026-07-15 00:00:00;;2026-07-22 00:00:00;32085;260715G01;MSA80K10SQY;MSA80K10SQY;Bộ dây dẫn mini;Bộ dây dẫn mini;;;IK;13119;0;0;0;RG90X0405V;RG90X0405V;IK ống bọc ngoài 405mm;IK ống bọc ngoài 405mm;ZHAL;;13119;3001;0;0010
260715G01;000010084599;CRTD - Created;2026-07-15 00:00:00;;2026-07-22 00:00:00;32085;260715G01;MSA80K10SQY;MSA80K10SQY;Bộ dây dẫn mini;Bộ dây dẫn mini;;;IK;13119;0;0;0;RF50MS3545Y;RF50MS3545Y;Dây dẫn mini đã g/c S0.035X45CM;Dây dẫn mini đã g/c S0.035X45CM;ZHAL;;13119;3001;0;0020
260715VA;000010084600;CRTD - Created;2026-07-15 00:00:00;;2026-07-22 00:00:00;32091;260715VA;RM/RF6F10PQ_S;RM*RF6F10PQ;Dụng cụ mở đường vào động mạch;Dụng cụ mở đường vào động mạch;;;IK;6159;0;0;0;RS34M6001V-1;RS34M6001V-1;LABEL RS 6FR M26 1SET TVC;NHÃN RS 6Fr M26 Dùng cho 1 set TVC;ZROH;;6159;3001;0;0010
260715VA;000010084600;CRTD - Created;2026-07-15 00:00:00;;2026-07-22 00:00:00;32091;260715VA;RM/RF6F10PQ_S;RM*RF6F10PQ;Dụng cụ mở đường vào động mạch;Dụng cụ mở đường vào động mạch;;;IK;6159;0;0;0;RS34M6005V-1;RS34M6005V-1;RS LABEL MULTI 6FR 5 SET TVC;RS nhãn đa ngôn ngữ 6Fr 5 Set TVC;ZROH;;1232;3001;0;0020
260715VA;000010084600;CRTD - Created;2026-07-15 00:00:00;;2026-07-22 00:00:00;32091;260715VA;RM/RF6F10PQ_S;RM*RF6F10PQ;Dụng cụ mở đường vào động mạch;Dụng cụ mở đường vào động mạch;;;IK;6159;0;0;0;RS34M20V-01;RS34M20V-01;SHIPPING BOX LABEL M26;Nhãn thùng xuất xưởng M26;ZROH;;616;3001;0;0030
260715VA;000010084600;CRTD - Created;2026-07-15 00:00:00;;2026-07-22 00:00:00;32091;260715VA;RM/RF6F10PQ_S;RM*RF6F10PQ;Dụng cụ mở đường vào động mạch;Dụng cụ mở đường vào động mạch;;;IK;6159;0;0;0;RS30XGTS1V-1;RS30XGTS1V-1;TYVEK PEELPACK M26 (TRAY S);Túi đóng gói Tyvek (có khay S);ZROH;;6159;3001;0;0040
260715VA;000010084600;CRTD - Created;2026-07-15 00:00:00;;2026-07-22 00:00:00;32091;260715VA;RM/RF6F10PQ_S;RM*RF6F10PQ;Dụng cụ mở đường vào động mạch;Dụng cụ mở đường vào động mạch;;;IK;6159;0;0;0;RS36M805SV-1;RS36M805SV-1;RS 5 SET M26 TRAY S TVC;RS 5set M26 khay S TVC;ZROH;;1232;3001;0;0050
260715VA;000010084600;CRTD - Created;2026-07-15 00:00:00;;2026-07-22 00:00:00;32091;260715VA;RM/RF6F10PQ_S;RM*RF6F10PQ;Dụng cụ mở đường vào động mạch;Dụng cụ mở đường vào động mạch;;;IK;6159;0;0;0;RS37E002V;RS37E002V;RS MULTI 20 SET TRAY S TVC;RS đa ngôn ngữ 20 set khay S TVC;ZROH;;308;3001;0;0060
260715VA;000010084600;CRTD - Created;2026-07-15 00:00:00;;2026-07-22 00:00:00;32091;260715VA;RM/RF6F10PQ_S;RM*RF6F10PQ;Dụng cụ mở đường vào động mạch;Dụng cụ mở đường vào động mạch;;;IK;6159;0;0;0;RS33M013V-01;RS33M013V-01;IFU RS M26 METAL NEEDLE TVC;HDSD RS M26 kim luồn kim loại TVC;ZROH;;1232;3001;0;0070
260715VA;000010084600;CRTD - Created;2026-07-15 00:00:00;;2026-07-22 00:00:00;32091;260715VA;RM/RF6F10PQ_S;RM*RF6F10PQ;Dụng cụ mở đường vào động mạch;Dụng cụ mở đường vào động mạch;;;IK;6159;0;0;0;MMRF6F10PQ;MMRF6F10PQ;Bộ dây dẫn mini M;Bộ dây dẫn mini M;ZHAL;;6159;3001;0;0080
260715VA;000010084600;CRTD - Created;2026-07-15 00:00:00;;2026-07-22 00:00:00;32091;260715VA;RM/RF6F10PQ_S;RM*RF6F10PQ;Dụng cụ mở đường vào động mạch;Dụng cụ mở đường vào động mạch;;;IK;6159;0;0;0;RS60E06010M;RS60E06010M;RS*lắp ráp 6FR 10cm M;RS*lắp ráp 6FR 10cm M;ZHAL;;6159;3001;0;0090
260715VA;000010084600;CRTD - Created;2026-07-15 00:00:00;;2026-07-22 00:00:00;32091;260715VA;RM/RF6F10PQ_S;RM*RF6F10PQ;Dụng cụ mở đường vào động mạch;Dụng cụ mở đường vào động mạch;;;IK;6159;0;0;0;RS25C60D10W;RS25C60D10W;RS que nong C60D10;RS que nong C60D10;ZHAL;;6159;3001;0;0100
260715VA;000010084600;CRTD - Created;2026-07-15 00:00:00;;2026-07-22 00:00:00;32091;260715VA;RM/RF6F10PQ_S;RM*RF6F10PQ;Dụng cụ mở đường vào động mạch;Dụng cụ mở đường vào động mạch;;;IK;6159;0;0;0;RS08X2135PVA;RS08X2135PVA;IK METAL NEEDLE 21G TVC;IK Kim luồn kim loại 21G TVC;ZROH;;6159;3001;0;0110
260715VA;000010084600;CRTD - Created;2026-07-15 00:00:00;;2026-07-22 00:00:00;32091;260715VA;RM/RF6F10PQ_S;RM*RF6F10PQ;Dụng cụ mở đường vào động mạch;Dụng cụ mở đường vào động mạch;;;IK;6159;0;0;0;RS32X110V;RS32X110V;STANDARD TRAY S;KHAY ĐỠ LOẠI S;ZROH;;6159;3001;0;0120
260715VA;000010084601;CRTD - Created;2026-07-15 00:00:00;;2026-07-22 00:00:00;32091;260715VA;RS/R50G07PQ_S;RS*R50G07PQ;Dụng cụ mở đường vào động mạch;Dụng cụ mở đường vào động mạch;;;IK;13119;0;0;0;RS34M5001V-1;RS34M5001V-1;LABEL RS 5FR M26 1SET TVC;NHÃN RS 5Fr M26 Dùng cho 1 set TVC;ZROH;;13119;3001;0;0010
260715VA;000010084601;CRTD - Created;2026-07-15 00:00:00;;2026-07-22 00:00:00;32091;260715VA;RS/R50G07PQ_S;RS*R50G07PQ;Dụng cụ mở đường vào động mạch;Dụng cụ mở đường vào động mạch;;;IK;13119;0;0;0;RS34M5005V-1;RS34M5005V-1;RS LABEL MULTI 5FR 5 SET TVC;RS nhãn đa ngôn ngữ 5Fr 5 Set TVC;ZROH;;2624;3001;0;0020
260715VA;000010084601;CRTD - Created;2026-07-15 00:00:00;;2026-07-22 00:00:00;32091;260715VA;RS/R50G07PQ_S;RS*R50G07PQ;Dụng cụ mở đường vào động mạch;Dụng cụ mở đường vào động mạch;;;IK;13119;0;0;0;RS34M20V-01;RS34M20V-01;SHIPPING BOX LABEL M26;Nhãn thùng xuất xưởng M26;ZROH;;1312;3001;0;0030
260715VA;000010084601;CRTD - Created;2026-07-15 00:00:00;;2026-07-22 00:00:00;32091;260715VA;RS/R50G07PQ_S;RS*R50G07PQ;Dụng cụ mở đường vào động mạch;Dụng cụ mở đường vào động mạch;;;IK;13119;0;0;0;RS30XGTS1V-1;RS30XGTS1V-1;TYVEK PEELPACK M26 (TRAY S);Túi đóng gói Tyvek (có khay S);ZROH;;13119;3001;0;0040
260715VA;000010084601;CRTD - Created;2026-07-15 00:00:00;;2026-07-22 00:00:00;32091;260715VA;RS/R50G07PQ_S;RS*R50G07PQ;Dụng cụ mở đường vào động mạch;Dụng cụ mở đường vào động mạch;;;IK;13119;0;0;0;RS36M805SV-1;RS36M805SV-1;RS 5 SET M26 TRAY S TVC;RS 5set M26 khay S TVC;ZROH;;2624;3001;0;0050
260715VA;000010084601;CRTD - Created;2026-07-15 00:00:00;;2026-07-22 00:00:00;32091;260715VA;RS/R50G07PQ_S;RS*R50G07PQ;Dụng cụ mở đường vào động mạch;Dụng cụ mở đường vào động mạch;;;IK;13119;0;0;0;RS37E002V;RS37E002V;RS MULTI 20 SET TRAY S TVC;RS đa ngôn ngữ 20 set khay S TVC;ZROH;;656;3001;0;0060
260715VA;000010084601;CRTD - Created;2026-07-15 00:00:00;;2026-07-22 00:00:00;32091;260715VA;RS/R50G07PQ_S;RS*R50G07PQ;Dụng cụ mở đường vào động mạch;Dụng cụ mở đường vào động mạch;;;IK;13119;0;0;0;RS33M013V-01;RS33M013V-01;IFU RS M26 METAL NEEDLE TVC;HDSD RS M26 kim luồn kim loại TVC;ZROH;;2624;3001;0;0070
260715VA;000010084601;CRTD - Created;2026-07-15 00:00:00;;2026-07-22 00:00:00;32091;260715VA;RS/R50G07PQ_S;RS*R50G07PQ;Dụng cụ mở đường vào động mạch;Dụng cụ mở đường vào động mạch;;;IK;13119;0;0;0;MSR50G07PQ;MSR50G07PQ;Bộ dây dẫn mini;Bộ dây dẫn mini;ZHAL;;13119;3001;0;0080
260715VA;000010084601;CRTD - Created;2026-07-15 00:00:00;;2026-07-22 00:00:00;32091;260715VA;RS/R50G07PQ_S;RS*R50G07PQ;Dụng cụ mở đường vào động mạch;Dụng cụ mở đường vào động mạch;;;IK;13119;0;0;0;RS60E05007;RS60E05007;RS*lắp ráp 5FR 7CM;RS*lắp ráp 5FR 7CM;ZHAL;;13119;3001;0;0090
260715VA;000010084601;CRTD - Created;2026-07-15 00:00:00;;2026-07-22 00:00:00;32091;260715VA;RS/R50G07PQ_S;RS*R50G07PQ;Dụng cụ mở đường vào động mạch;Dụng cụ mở đường vào động mạch;;;IK;13119;0;0;0;RS25E50G07W;RS25E50G07W;RS que nong E50G07;RS que nong E50G07;ZHAL;;13119;3001;0;0100
260715VA;000010084601;CRTD - Created;2026-07-15 00:00:00;;2026-07-22 00:00:00;32091;260715VA;RS/R50G07PQ_S;RS*R50G07PQ;Dụng cụ mở đường vào động mạch;Dụng cụ mở đường vào động mạch;;;IK;13119;0;0;0;RS08X2035PVA;RS08X2035PVA;IK METAL NEEDLE 20G TVC;IK Kim luồn kim loại 20G TVC;ZROH;;13119;3001;0;0110
260715VA;000010084601;CRTD - Created;2026-07-15 00:00:00;;2026-07-22 00:00:00;32091;260715VA;RS/R50G07PQ_S;RS*R50G07PQ;Dụng cụ mở đường vào động mạch;Dụng cụ mở đường vào động mạch;;;IK;13119;0;0;0;RS32X110V;RS32X110V;STANDARD TRAY S;KHAY ĐỠ LOẠI S;ZROH;;13119;3001;0;0120
260715VA;000010084602;CRTD - Created;2026-07-15 00:00:00;;2026-07-22 00:00:00;32091;260715VA;RS/R60A10PQ_S;RS*R60A10PQ;Dụng cụ mở đường vào động mạch;Dụng cụ mở đường vào động mạch;;;IK;13119;0;0;0;RS34M6001V-1;RS34M6001V-1;LABEL RS 6FR M26 1SET TVC;NHÃN RS 6Fr M26 Dùng cho 1 set TVC;ZROH;;13119;3001;0;0010
260715VA;000010084602;CRTD - Created;2026-07-15 00:00:00;;2026-07-22 00:00:00;32091;260715VA;RS/R60A10PQ_S;RS*R60A10PQ;Dụng cụ mở đường vào động mạch;Dụng cụ mở đường vào động mạch;;;IK;13119;0;0;0;RS34M6005V-1;RS34M6005V-1;RS LABEL MULTI 6FR 5 SET TVC;RS nhãn đa ngôn ngữ 6Fr 5 Set TVC;ZROH;;2624;3001;0;0020
260715VA;000010084602;CRTD - Created;2026-07-15 00:00:00;;2026-07-22 00:00:00;32091;260715VA;RS/R60A10PQ_S;RS*R60A10PQ;Dụng cụ mở đường vào động mạch;Dụng cụ mở đường vào động mạch;;;IK;13119;0;0;0;RS34M20V-01;RS34M20V-01;SHIPPING BOX LABEL M26;Nhãn thùng xuất xưởng M26;ZROH;;1312;3001;0;0030
260715VA;000010084602;CRTD - Created;2026-07-15 00:00:00;;2026-07-22 00:00:00;32091;260715VA;RS/R60A10PQ_S;RS*R60A10PQ;Dụng cụ mở đường vào động mạch;Dụng cụ mở đường vào động mạch;;;IK;13119;0;0;0;RS30XGTS1V-1;RS30XGTS1V-1;TYVEK PEELPACK M26 (TRAY S);Túi đóng gói Tyvek (có khay S);ZROH;;13119;3001;0;0040
260715VA;000010084602;CRTD - Created;2026-07-15 00:00:00;;2026-07-22 00:00:00;32091;260715VA;RS/R60A10PQ_S;RS*R60A10PQ;Dụng cụ mở đường vào động mạch;Dụng cụ mở đường vào động mạch;;;IK;13119;0;0;0;RS36M805SV-1;RS36M805SV-1;RS 5 SET M26 TRAY S TVC;RS 5set M26 khay S TVC;ZROH;;2624;3001;0;0050
260715VA;000010084602;CRTD - Created;2026-07-15 00:00:00;;2026-07-22 00:00:00;32091;260715VA;RS/R60A10PQ_S;RS*R60A10PQ;Dụng cụ mở đường vào động mạch;Dụng cụ mở đường vào động mạch;;;IK;13119;0;0;0;RS37E002V;RS37E002V;RS MULTI 20 SET TRAY S TVC;RS đa ngôn ngữ 20 set khay S TVC;ZROH;;656;3001;0;0060
260715VA;000010084602;CRTD - Created;2026-07-15 00:00:00;;2026-07-22 00:00:00;32091;260715VA;RS/R60A10PQ_S;RS*R60A10PQ;Dụng cụ mở đường vào động mạch;Dụng cụ mở đường vào động mạch;;;IK;13119;0;0;0;RS33M013V-01;RS33M013V-01;IFU RS M26 METAL NEEDLE TVC;HDSD RS M26 kim luồn kim loại TVC;ZROH;;2624;3001;0;0070
260715VA;000010084602;CRTD - Created;2026-07-15 00:00:00;;2026-07-22 00:00:00;32091;260715VA;RS/R60A10PQ_S;RS*R60A10PQ;Dụng cụ mở đường vào động mạch;Dụng cụ mở đường vào động mạch;;;IK;13119;0;0;0;MSR60A10PQ;MSR60A10PQ;Bộ dây dẫn mini;Bộ dây dẫn mini;ZHAL;;13119;3001;0;0080
260715VA;000010084602;CRTD - Created;2026-07-15 00:00:00;;2026-07-22 00:00:00;32091;260715VA;RS/R60A10PQ_S;RS*R60A10PQ;Dụng cụ mở đường vào động mạch;Dụng cụ mở đường vào động mạch;;;IK;13119;0;0;0;RS60E06010;RS60E06010;RS*lắp ráp 6FR 10CM;RS*lắp ráp 6FR 10CM;ZHAL;;13119;3001;0;0090
260715VA;000010084602;CRTD - Created;2026-07-15 00:00:00;;2026-07-22 00:00:00;32091;260715VA;RS/R60A10PQ_S;RS*R60A10PQ;Dụng cụ mở đường vào động mạch;Dụng cụ mở đường vào động mạch;;;IK;13119;0;0;0;RS25C60A10W;RS25C60A10W;RS que nong C60A10;RS que nong C60A10;ZHAL;;13119;3001;0;0100
260715VA;000010084602;CRTD - Created;2026-07-15 00:00:00;;2026-07-22 00:00:00;32091;260715VA;RS/R60A10PQ_S;RS*R60A10PQ;Dụng cụ mở đường vào động mạch;Dụng cụ mở đường vào động mạch;;;IK;13119;0;0;0;RS08X2235PVA;RS08X2235PVA;IK METAL NEEDLE 22G TVC;IK Kim luồn kim loại 22G TVC;ZROH;;13119;3001;0;0110
260715VA;000010084602;CRTD - Created;2026-07-15 00:00:00;;2026-07-22 00:00:00;32091;260715VA;RS/R60A10PQ_S;RS*R60A10PQ;Dụng cụ mở đường vào động mạch;Dụng cụ mở đường vào động mạch;;;IK;13119;0;0;0;RS32X110V;RS32X110V;STANDARD TRAY S;KHAY ĐỠ LOẠI S;ZROH;;13119;3001;0;0120
260715TA;000010084603;CRTD - Created;2026-07-15 00:00:00;;2026-07-22 00:00:00;32097;260715TA;RS/A60G16SQZ_S;RS*A60G16SQZ;Introducer II H;Introducer II H;;;IK;4319;0;0;0;RS34M6001-N2;RS34M6001-N2;PEEL LABEL 6Fr M26 non CE;Nhãn túi đóng gói 6Fr M26 không CE;ZROH;;4319;3001;0;0010
260715TA;000010084603;CRTD - Created;2026-07-15 00:00:00;;2026-07-22 00:00:00;32097;260715TA;RS/A60G16SQZ_S;RS*A60G16SQZ;Introducer II H;Introducer II H;;;IK;4319;0;0;0;RS34M6005-N2;RS34M6005-N2;UNIT BOX LABEL 6Fr M26 non CE;Nhãn hộp đơn vị 6Fr M26 không CE;ZROH;;864;3001;0;0020
260715TA;000010084603;CRTD - Created;2026-07-15 00:00:00;;2026-07-22 00:00:00;32097;260715TA;RS/A60G16SQZ_S;RS*A60G16SQZ;Introducer II H;Introducer II H;;;IK;4319;0;0;0;RS34M20-N2;RS34M20-N2;SHIPPING BOX LABEL M26 non CE;Nhãn thùng xuất xưởng M26 không CE;ZROH;;432;3001;0;0030
260715TA;000010084603;CRTD - Created;2026-07-15 00:00:00;;2026-07-22 00:00:00;32097;260715TA;RS/A60G16SQZ_S;RS*A60G16SQZ;Introducer II H;Introducer II H;;;IK;4319;0;0;0;RS30XGTL1V-1;RS30XGTL1V-1;TYVEK PEELPACK M26 (TRAY L);Túi đóng gói Tyvek (có khay L);ZROH;;4319;3001;0;0040
260715TA;000010084603;CRTD - Created;2026-07-15 00:00:00;;2026-07-22 00:00:00;32097;260715TA;RS/A60G16SQZ_S;RS*A60G16SQZ;Introducer II H;Introducer II H;;;IK;4319;0;0;0;RS36M805LV-1;RS36M805LV-1;RS 5 SET M26 TRAY L TVC;RS 5set M26 khay L TVC;ZROH;;864;3001;0;0050
260715TA;000010084603;CRTD - Created;2026-07-15 00:00:00;;2026-07-22 00:00:00;32097;260715TA;RS/A60G16SQZ_S;RS*A60G16SQZ;Introducer II H;Introducer II H;;;IK;4319;0;0;0;RS37E003V;RS37E003V;RS MULTI 20 SET TRAY L TVC;RS đa ngôn ngữ 20 set khay L TVC;ZROH;;216;3001;0;0060
260715TA;000010084603;CRTD - Created;2026-07-15 00:00:00;;2026-07-22 00:00:00;32097;260715TA;RS/A60G16SQZ_S;RS*A60G16SQZ;Introducer II H;Introducer II H;;;IK;4319;0;0;0;RS33M021NV-1;RS33M021NV-1;IFU M26 TRAY/POUCH Non CE;HDSD M26 có khay/không khay (không CE);ZROH;;864;3001;0;0070
260715TA;000010084603;CRTD - Created;2026-07-15 00:00:00;;2026-07-22 00:00:00;32097;260715TA;RS/A60G16SQZ_S;RS*A60G16SQZ;Introducer II H;Introducer II H;;;IK;4319;0;0;0;MSA60G16SQZY;MSA60G16SQZY;Bộ dây dẫn mini;Bộ dây dẫn mini;ZHAL;;4319;3001;0;0080
260715TA;000010084603;CRTD - Created;2026-07-15 00:00:00;;2026-07-22 00:00:00;32097;260715TA;RS/A60G16SQZ_S;RS*A60G16SQZ;Introducer II H;Introducer II H;;;IK;4319;0;0;0;RS60E06016;RS60E06016;RS*lắp ráp 6FR 16CM;RS*lắp ráp 6FR 16CM;ZHAL;;4319;3001;0;0090
260715TA;000010084603;CRTD - Created;2026-07-15 00:00:00;;2026-07-22 00:00:00;32097;260715TA;RS/A60G16SQZ_S;RS*A60G16SQZ;Introducer II H;Introducer II H;;;IK;4319;0;0;0;RS25C60G16W;RS25C60G16W;RS que nong C60G16;RS que nong C60G16;ZHAL;;4319;3001;0;0100
260715TA;000010084603;CRTD - Created;2026-07-15 00:00:00;;2026-07-22 00:00:00;32097;260715TA;RS/A60G16SQZ_S;RS*A60G16SQZ;Introducer II H;Introducer II H;;;IK;4319;0;0;0;SS50X050ZV;SS50X050ZV;CYLINDER SS-02SZ;XI LANH SS-02SZ;ZROH;;4319;3001;0;0110
260715TA;000010084603;CRTD - Created;2026-07-15 00:00:00;;2026-07-22 00:00:00;32097;260715TA;RS/A60G16SQZ_S;RS*A60G16SQZ;Introducer II H;Introducer II H;;;IK;4319;0;0;0;SC55S2032BV;SC55S2032BV;NON STERILE PARTS FS2032;KIM LUỒN FS2032;ZROH;;4319;3001;0;0120
260715TA;000010084603;CRTD - Created;2026-07-15 00:00:00;;2026-07-22 00:00:00;32097;260715TA;RS/A60G16SQZ_S;RS*A60G16SQZ;Introducer II H;Introducer II H;;;IK;4319;0;0;0;RS06X003V;RS06X003V;TVC KAI SURGICAL KNIFE;Dao rạch KAI TVC;ZROH;;4319;3001;0;0130
260715TA;000010084603;CRTD - Created;2026-07-15 00:00:00;;2026-07-22 00:00:00;32097;260715TA;RS/A60G16SQZ_S;RS*A60G16SQZ;Introducer II H;Introducer II H;;;IK;4319;0;0;0;RS32X111V;RS32X111V;STANDARD TRAY L;KHAY ĐỠ LOẠI L;ZROH;;4319;3001;0;0140
260715TB;000010084604;CRTD - Created;2026-07-15 00:00:00;;2026-07-22 00:00:00;32097;260715TB;RS/A60G16SQZ_S;RS*A60G16SQZ;Introducer II H;Introducer II H;;;IK;4319;0;0;0;RS34M6001-N2;RS34M6001-N2;PEEL LABEL 6Fr M26 non CE;Nhãn túi đóng gói 6Fr M26 không CE;ZROH;;4319;3001;0;0010
260715TB;000010084604;CRTD - Created;2026-07-15 00:00:00;;2026-07-22 00:00:00;32097;260715TB;RS/A60G16SQZ_S;RS*A60G16SQZ;Introducer II H;Introducer II H;;;IK;4319;0;0;0;RS34M6005-N2;RS34M6005-N2;UNIT BOX LABEL 6Fr M26 non CE;Nhãn hộp đơn vị 6Fr M26 không CE;ZROH;;864;3001;0;0020
260715TB;000010084604;CRTD - Created;2026-07-15 00:00:00;;2026-07-22 00:00:00;32097;260715TB;RS/A60G16SQZ_S;RS*A60G16SQZ;Introducer II H;Introducer II H;;;IK;4319;0;0;0;RS34M20-N2;RS34M20-N2;SHIPPING BOX LABEL M26 non CE;Nhãn thùng xuất xưởng M26 không CE;ZROH;;432;3001;0;0030
260715TB;000010084604;CRTD - Created;2026-07-15 00:00:00;;2026-07-22 00:00:00;32097;260715TB;RS/A60G16SQZ_S;RS*A60G16SQZ;Introducer II H;Introducer II H;;;IK;4319;0;0;0;RS30XGTL1V-1;RS30XGTL1V-1;TYVEK PEELPACK M26 (TRAY L);Túi đóng gói Tyvek (có khay L);ZROH;;4319;3001;0;0040
260715TB;000010084604;CRTD - Created;2026-07-15 00:00:00;;2026-07-22 00:00:00;32097;260715TB;RS/A60G16SQZ_S;RS*A60G16SQZ;Introducer II H;Introducer II H;;;IK;4319;0;0;0;RS36M805LV-1;RS36M805LV-1;RS 5 SET M26 TRAY L TVC;RS 5set M26 khay L TVC;ZROH;;864;3001;0;0050
260715TB;000010084604;CRTD - Created;2026-07-15 00:00:00;;2026-07-22 00:00:00;32097;260715TB;RS/A60G16SQZ_S;RS*A60G16SQZ;Introducer II H;Introducer II H;;;IK;4319;0;0;0;RS37E003V;RS37E003V;RS MULTI 20 SET TRAY L TVC;RS đa ngôn ngữ 20 set khay L TVC;ZROH;;216;3001;0;0060
260715TB;000010084604;CRTD - Created;2026-07-15 00:00:00;;2026-07-22 00:00:00;32097;260715TB;RS/A60G16SQZ_S;RS*A60G16SQZ;Introducer II H;Introducer II H;;;IK;4319;0;0;0;RS33M021NV-1;RS33M021NV-1;IFU M26 TRAY/POUCH Non CE;HDSD M26 có khay/không khay (không CE);ZROH;;864;3001;0;0070
260715TB;000010084604;CRTD - Created;2026-07-15 00:00:00;;2026-07-22 00:00:00;32097;260715TB;RS/A60G16SQZ_S;RS*A60G16SQZ;Introducer II H;Introducer II H;;;IK;4319;0;0;0;MSA60G16SQZY;MSA60G16SQZY;Bộ dây dẫn mini;Bộ dây dẫn mini;ZHAL;;4319;3001;0;0080
260715TB;000010084604;CRTD - Created;2026-07-15 00:00:00;;2026-07-22 00:00:00;32097;260715TB;RS/A60G16SQZ_S;RS*A60G16SQZ;Introducer II H;Introducer II H;;;IK;4319;0;0;0;RS60E06016;RS60E06016;RS*lắp ráp 6FR 16CM;RS*lắp ráp 6FR 16CM;ZHAL;;4319;3001;0;0090
260715TB;000010084604;CRTD - Created;2026-07-15 00:00:00;;2026-07-22 00:00:00;32097;260715TB;RS/A60G16SQZ_S;RS*A60G16SQZ;Introducer II H;Introducer II H;;;IK;4319;0;0;0;RS25C60G16W;RS25C60G16W;RS que nong C60G16;RS que nong C60G16;ZHAL;;4319;3001;0;0100
260715TB;000010084604;CRTD - Created;2026-07-15 00:00:00;;2026-07-22 00:00:00;32097;260715TB;RS/A60G16SQZ_S;RS*A60G16SQZ;Introducer II H;Introducer II H;;;IK;4319;0;0;0;SS50X050ZV;SS50X050ZV;CYLINDER SS-02SZ;XI LANH SS-02SZ;ZROH;;4319;3001;0;0110
260715TB;000010084604;CRTD - Created;2026-07-15 00:00:00;;2026-07-22 00:00:00;32097;260715TB;RS/A60G16SQZ_S;RS*A60G16SQZ;Introducer II H;Introducer II H;;;IK;4319;0;0;0;SC55S2032BV;SC55S2032BV;NON STERILE PARTS FS2032;KIM LUỒN FS2032;ZROH;;4319;3001;0;0120
260715TB;000010084604;CRTD - Created;2026-07-15 00:00:00;;2026-07-22 00:00:00;32097;260715TB;RS/A60G16SQZ_S;RS*A60G16SQZ;Introducer II H;Introducer II H;;;IK;4319;0;0;0;RS06X003V;RS06X003V;TVC KAI SURGICAL KNIFE;Dao rạch KAI TVC;ZROH;;4319;3001;0;0130
260715TB;000010084604;CRTD - Created;2026-07-15 00:00:00;;2026-07-22 00:00:00;32097;260715TB;RS/A60G16SQZ_S;RS*A60G16SQZ;Introducer II H;Introducer II H;;;IK;4319;0;0;0;RS32X111V;RS32X111V;STANDARD TRAY L;KHAY ĐỠ LOẠI L;ZROH;;4319;3001;0;0140
260715TC;000010084605;CRTD - Created;2026-07-15 00:00:00;;2026-07-22 00:00:00;32097;260715TC;RS/A60G16SQZ_S;RS*A60G16SQZ;Introducer II H;Introducer II H;;;IK;4319;0;0;0;RS34M6001-N2;RS34M6001-N2;PEEL LABEL 6Fr M26 non CE;Nhãn túi đóng gói 6Fr M26 không CE;ZROH;;4319;3001;0;0010
260715TC;000010084605;CRTD - Created;2026-07-15 00:00:00;;2026-07-22 00:00:00;32097;260715TC;RS/A60G16SQZ_S;RS*A60G16SQZ;Introducer II H;Introducer II H;;;IK;4319;0;0;0;RS34M6005-N2;RS34M6005-N2;UNIT BOX LABEL 6Fr M26 non CE;Nhãn hộp đơn vị 6Fr M26 không CE;ZROH;;864;3001;0;0020
260715TC;000010084605;CRTD - Created;2026-07-15 00:00:00;;2026-07-22 00:00:00;32097;260715TC;RS/A60G16SQZ_S;RS*A60G16SQZ;Introducer II H;Introducer II H;;;IK;4319;0;0;0;RS34M20-N2;RS34M20-N2;SHIPPING BOX LABEL M26 non CE;Nhãn thùng xuất xưởng M26 không CE;ZROH;;432;3001;0;0030
260715TC;000010084605;CRTD - Created;2026-07-15 00:00:00;;2026-07-22 00:00:00;32097;260715TC;RS/A60G16SQZ_S;RS*A60G16SQZ;Introducer II H;Introducer II H;;;IK;4319;0;0;0;RS30XGTL1V-1;RS30XGTL1V-1;TYVEK PEELPACK M26 (TRAY L);Túi đóng gói Tyvek (có khay L);ZROH;;4319;3001;0;0040
260715TC;000010084605;CRTD - Created;2026-07-15 00:00:00;;2026-07-22 00:00:00;32097;260715TC;RS/A60G16SQZ_S;RS*A60G16SQZ;Introducer II H;Introducer II H;;;IK;4319;0;0;0;RS36M805LV-1;RS36M805LV-1;RS 5 SET M26 TRAY L TVC;RS 5set M26 khay L TVC;ZROH;;864;3001;0;0050
260715TC;000010084605;CRTD - Created;2026-07-15 00:00:00;;2026-07-22 00:00:00;32097;260715TC;RS/A60G16SQZ_S;RS*A60G16SQZ;Introducer II H;Introducer II H;;;IK;4319;0;0;0;RS37E003V;RS37E003V;RS MULTI 20 SET TRAY L TVC;RS đa ngôn ngữ 20 set khay L TVC;ZROH;;216;3001;0;0060
260715TC;000010084605;CRTD - Created;2026-07-15 00:00:00;;2026-07-22 00:00:00;32097;260715TC;RS/A60G16SQZ_S;RS*A60G16SQZ;Introducer II H;Introducer II H;;;IK;4319;0;0;0;RS33M021NV-1;RS33M021NV-1;IFU M26 TRAY/POUCH Non CE;HDSD M26 có khay/không khay (không CE);ZROH;;864;3001;0;0070
260715TC;000010084605;CRTD - Created;2026-07-15 00:00:00;;2026-07-22 00:00:00;32097;260715TC;RS/A60G16SQZ_S;RS*A60G16SQZ;Introducer II H;Introducer II H;;;IK;4319;0;0;0;MSA60G16SQZY;MSA60G16SQZY;Bộ dây dẫn mini;Bộ dây dẫn mini;ZHAL;;4319;3001;0;0080
260715TC;000010084605;CRTD - Created;2026-07-15 00:00:00;;2026-07-22 00:00:00;32097;260715TC;RS/A60G16SQZ_S;RS*A60G16SQZ;Introducer II H;Introducer II H;;;IK;4319;0;0;0;RS60E06016;RS60E06016;RS*lắp ráp 6FR 16CM;RS*lắp ráp 6FR 16CM;ZHAL;;4319;3001;0;0090
260715TC;000010084605;CRTD - Created;2026-07-15 00:00:00;;2026-07-22 00:00:00;32097;260715TC;RS/A60G16SQZ_S;RS*A60G16SQZ;Introducer II H;Introducer II H;;;IK;4319;0;0;0;RS25C60G16W;RS25C60G16W;RS que nong C60G16;RS que nong C60G16;ZHAL;;4319;3001;0;0100
260715TC;000010084605;CRTD - Created;2026-07-15 00:00:00;;2026-07-22 00:00:00;32097;260715TC;RS/A60G16SQZ_S;RS*A60G16SQZ;Introducer II H;Introducer II H;;;IK;4319;0;0;0;SS50X050ZV;SS50X050ZV;CYLINDER SS-02SZ;XI LANH SS-02SZ;ZROH;;4319;3001;0;0110
260715TC;000010084605;CRTD - Created;2026-07-15 00:00:00;;2026-07-22 00:00:00;32097;260715TC;RS/A60G16SQZ_S;RS*A60G16SQZ;Introducer II H;Introducer II H;;;IK;4319;0;0;0;SC55S2032BV;SC55S2032BV;NON STERILE PARTS FS2032;KIM LUỒN FS2032;ZROH;;4319;3001;0;0120
260715TC;000010084605;CRTD - Created;2026-07-15 00:00:00;;2026-07-22 00:00:00;32097;260715TC;RS/A60G16SQZ_S;RS*A60G16SQZ;Introducer II H;Introducer II H;;;IK;4319;0;0;0;RS06X003V;RS06X003V;TVC KAI SURGICAL KNIFE;Dao rạch KAI TVC;ZROH;;4319;3001;0;0130
260715TC;000010084605;CRTD - Created;2026-07-15 00:00:00;;2026-07-22 00:00:00;32097;260715TC;RS/A60G16SQZ_S;RS*A60G16SQZ;Introducer II H;Introducer II H;;;IK;4319;0;0;0;RS32X111V;RS32X111V;STANDARD TRAY L;KHAY ĐỠ LOẠI L;ZROH;;4319;3001;0;0140
260715TA;000010084606;CRTD - Created;2026-07-15 00:00:00;;2026-07-22 00:00:00;32099;260715TA;RS/A80K10SQ_S;RS*A80K10SQ;Introducer II H;Introducer II H;;;IK;13119;0;0;0;RS34M8001-N2;RS34M8001-N2;PEEL LABEL 8Fr M26 non CE;Nhãn túi đóng gói 8Fr M26 không CE;ZROH;;13119;3001;0;0010
260715TA;000010084606;CRTD - Created;2026-07-15 00:00:00;;2026-07-22 00:00:00;32099;260715TA;RS/A80K10SQ_S;RS*A80K10SQ;Introducer II H;Introducer II H;;;IK;13119;0;0;0;RS34M8005-N2;RS34M8005-N2;UNIT BOX LABEL 8Fr M26 non CE;Nhãn hộp đơn vị 8Fr M26 không CE;ZROH;;2624;3001;0;0020
260715TA;000010084606;CRTD - Created;2026-07-15 00:00:00;;2026-07-22 00:00:00;32099;260715TA;RS/A80K10SQ_S;RS*A80K10SQ;Introducer II H;Introducer II H;;;IK;13119;0;0;0;RS34M20-N2;RS34M20-N2;SHIPPING BOX LABEL M26 non CE;Nhãn thùng xuất xưởng M26 không CE;ZROH;;1312;3001;0;0030
260715TA;000010084606;CRTD - Created;2026-07-15 00:00:00;;2026-07-22 00:00:00;32099;260715TA;RS/A80K10SQ_S;RS*A80K10SQ;Introducer II H;Introducer II H;;;IK;13119;0;0;0;RS30XGTS1V-1;RS30XGTS1V-1;TYVEK PEELPACK M26 (TRAY S);Túi đóng gói Tyvek (có khay S);ZROH;;13119;3001;0;0040
260715TA;000010084606;CRTD - Created;2026-07-15 00:00:00;;2026-07-22 00:00:00;32099;260715TA;RS/A80K10SQ_S;RS*A80K10SQ;Introducer II H;Introducer II H;;;IK;13119;0;0;0;RS36M805SV-1;RS36M805SV-1;RS 5 SET M26 TRAY S TVC;RS 5set M26 khay S TVC;ZROH;;2624;3001;0;0050
260715TA;000010084606;CRTD - Created;2026-07-15 00:00:00;;2026-07-22 00:00:00;32099;260715TA;RS/A80K10SQ_S;RS*A80K10SQ;Introducer II H;Introducer II H;;;IK;13119;0;0;0;RS37E002V;RS37E002V;RS MULTI 20 SET TRAY S TVC;RS đa ngôn ngữ 20 set khay S TVC;ZROH;;656;3001;0;0060
260715TA;000010084606;CRTD - Created;2026-07-15 00:00:00;;2026-07-22 00:00:00;32099;260715TA;RS/A80K10SQ_S;RS*A80K10SQ;Introducer II H;Introducer II H;;;IK;13119;0;0;0;RS33M021NV-1;RS33M021NV-1;IFU M26 TRAY/POUCH Non CE;HDSD M26 có khay/không khay (không CE);ZROH;;2624;3001;0;0070
260715TA;000010084606;CRTD - Created;2026-07-15 00:00:00;;2026-07-22 00:00:00;32099;260715TA;RS/A80K10SQ_S;RS*A80K10SQ;Introducer II H;Introducer II H;;;IK;13119;0;0;0;MSA80K10SQY;MSA80K10SQY;Bộ dây dẫn mini;Bộ dây dẫn mini;ZHAL;;13119;3001;0;0080
260715TA;000010084606;CRTD - Created;2026-07-15 00:00:00;;2026-07-22 00:00:00;32099;260715TA;RS/A80K10SQ_S;RS*A80K10SQ;Introducer II H;Introducer II H;;;IK;13119;0;0;0;RS60E08010;RS60E08010;RS*lắp ráp 8FR 10CM;RS*lắp ráp 8FR 10CM;ZHAL;;13119;3001;0;0090
260715TA;000010084606;CRTD - Created;2026-07-15 00:00:00;;2026-07-22 00:00:00;32099;260715TA;RS/A80K10SQ_S;RS*A80K10SQ;Introducer II H;Introducer II H;;;IK;13119;0;0;0;RS25C80K10W;RS25C80K10W;RS que nong C80K10;RS que nong C80K10;ZHAL;;13119;3001;0;0100
260715TA;000010084606;CRTD - Created;2026-07-15 00:00:00;;2026-07-22 00:00:00;32099;260715TA;RS/A80K10SQ_S;RS*A80K10SQ;Introducer II H;Introducer II H;;;IK;13119;0;0;0;SS50X050ZV;SS50X050ZV;CYLINDER SS-02SZ;XI LANH SS-02SZ;ZROH;;13119;3001;0;0110
260715TA;000010084606;CRTD - Created;2026-07-15 00:00:00;;2026-07-22 00:00:00;32099;260715TA;RS/A80K10SQ_S;RS*A80K10SQ;Introducer II H;Introducer II H;;;IK;13119;0;0;0;SC55S1864BV;SC55S1864BV;NON STERILE PARTS FS1864;KIM LUỒN FS1864;ZROH;;13119;3001;0;0120
260715TA;000010084606;CRTD - Created;2026-07-15 00:00:00;;2026-07-22 00:00:00;32099;260715TA;RS/A80K10SQ_S;RS*A80K10SQ;Introducer II H;Introducer II H;;;IK;13119;0;0;0;RS32X110V;RS32X110V;STANDARD TRAY S;KHAY ĐỠ LOẠI S;ZROH;;13119;3001;0;0130
260716G01;000010084607;CRTD - Created;2026-07-16 00:00:00;;2026-07-23 00:00:00;32060;260716G01;CRS25C60D10W;CRS25C60D10W;Ống q/nong sau cắt  60D10CM;Ống q/nong sau cắt 60D10CM;;;IK;6265;0;0;0;RS92S060A;RS92S060A;BEFORE-CHECK A DILATOR TUBE S6FR;Que nong S6Fr trước kiểm tra A;ZROH;;895;3001;0;0010
260716G01;000010084608;CRTD - Created;2026-07-16 00:00:00;;2026-07-23 00:00:00;32065;260716G01;RS25C60D10W;RS25C60D10W;RS que nong C60D10;RS que nong C60D10;;;IK;6265;0;0;0;CRS25C60D10W;CRS25C60D10W;Ống q/nong sau cắt  60D10CM;Ống q/nong sau cắt 60D10CM;ZHAL;;6265;3001;0;0010
260716G01;000010084608;CRTD - Created;2026-07-16 00:00:00;;2026-07-23 00:00:00;32065;260716G01;RS25C60D10W;RS25C60D10W;RS que nong C60D10;RS que nong C60D10;;;IK;6265;0;0;0;RS27X100V;RS27X100V;DILATOR LOCK PIN A TVC;RS CHỐT QUE NONG LOẠI A TVC;ZROH;;6265;3001;0;0020
260716G01;000010084608;CRTD - Created;2026-07-16 00:00:00;;2026-07-23 00:00:00;32065;260716G01;RS25C60D10W;RS25C60D10W;RS que nong C60D10;RS que nong C60D10;;;IK;6265;0;0;0;RS00X660EV1;RS00X660EV1;DILATOR HUB 6FR;CHUÔI QUE NONG 6FR;ZROH;;6265;3001;0;0030
260716G01;000010084609;CRTD - Created;2026-07-16 00:00:00;;2026-07-23 00:00:00;32050;260716G01;CRS26Q6025M;CRS26Q6025M;Ống sheath M sau cắt 6FR25CM;Ống sheath M sau cắt 6FR25CM;;;IK;6267;0;0;0;RS04X261V;RS04X261V;ETFE TUBE (SHEATH) 6FR;ỐNG ETFE (SHEATH) 6FR;ZROH;;2089;3001;0;0010
260716G01;000010084610;CRTD - Created;2026-07-16 00:00:00;;2026-07-23 00:00:00;32055;260716G01;RS26Q6025M;RS26Q6025M;RS Sheath 0.20 60x25  M;RS Sheath 0.20 60x25 M;;;IK;6267;0;0;0;CRS26Q6025M;CRS26Q6025M;Ống sheath M sau cắt 6FR25CM;Ống sheath M sau cắt 6FR25CM;ZHAL;;6267;3001;0;0010
260716G01;000010084610;CRTD - Created;2026-07-16 00:00:00;;2026-07-23 00:00:00;32055;260716G01;RS26Q6025M;RS26Q6025M;RS Sheath 0.20 60x25  M;RS Sheath 0.20 60x25 M;;;IK;6267;0;0;0;RS27X006V;RS27X006V;SHEATH LOCK PIN RS 6FR;Chốt sheath RS 6Fr;ZROH;;6267;3001;0;0020
260716G01;000010084611;CRTD - Created;2026-07-16 00:00:00;;2026-07-23 00:00:00;32070;260716G01;RS60E06010M;RS60E06010M;RS*lắp ráp 6FR 10cm M;RS*lắp ráp 6FR 10cm M;;;IK;6348;0;0;0;RS26Q6010M;RS26Q6010M;RS Sheath 0.20 60x10  M;RS Sheath 0.20 60x10 M;ZHAL;;6348;3001;0;0010
260716G01;000010084611;CRTD - Created;2026-07-16 00:00:00;;2026-07-23 00:00:00;32070;260716G01;RS60E06010M;RS60E06010M;RS*lắp ráp 6FR 10cm M;RS*lắp ráp 6FR 10cm M;;;IK;6348;0;0;0;RS00X261EV1;RS00X261EV1;SHEATH HOUSING 6FR;SHEATH HOUSING 6FR;ZROH;;6348;3001;0;0020
260716G01;000010084611;CRTD - Created;2026-07-16 00:00:00;;2026-07-23 00:00:00;32070;260716G01;RS60E06010M;RS60E06010M;RS*lắp ráp 6FR 10cm M;RS*lắp ráp 6FR 10cm M;;;IK;6348;0;0;0;RS00X222KV;RS00X222KV;SHEATH CAP RS A TVC NEW TYPE;Nắp sheath RS A TVC Loại mới;ZROH;;6348;3001;0;0030
260716G01;000010084611;CRTD - Created;2026-07-16 00:00:00;;2026-07-23 00:00:00;32070;260716G01;RS60E06010M;RS60E06010M;RS*lắp ráp 6FR 10cm M;RS*lắp ráp 6FR 10cm M;;;IK;6348;0;0;0;RS23X000V;RS23X000V;VALVE RFS TVC;Van RFS TVC;ZROH;;6348;3001;0;0040
260716G01;000010084611;CRTD - Created;2026-07-16 00:00:00;;2026-07-23 00:00:00;32070;260716G01;RS60E06010M;RS60E06010M;RS*lắp ráp 6FR 10cm M;RS*lắp ráp 6FR 10cm M;;;IK;6348;0;0;0;RS00E460EV1;RS00E460EV1;SHEATH SUPPORT 6FR;THÂN ĐỠ SHEATH 6FR;ZROH;;6348;3001;0;0050
260716G01;000010084611;CRTD - Created;2026-07-16 00:00:00;;2026-07-23 00:00:00;32070;260716G01;RS60E06010M;RS60E06010M;RS*lắp ráp 6FR 10cm M;RS*lắp ráp 6FR 10cm M;;;IK;6348;0;0;0;TS40X511RSVA;TS40X511RSVA;NON STERILE PART 3WAY COCK;VAN TAM THÔNG;ZROH;;6348;3001;0;0060
260716G01;000010084611;CRTD - Created;2026-07-16 00:00:00;;2026-07-23 00:00:00;32070;260716G01;RS60E06010M;RS60E06010M;RS*lắp ráp 6FR 10cm M;RS*lắp ráp 6FR 10cm M;;;IK;6348;0;0;0;RS90X000V;RS90X000V;Ống Arm;Ống Arm;ZHAL;;6348;3001;0;0070
260716G01;000010084612;CRTD - Created;2026-07-16 00:00:00;;2026-07-23 00:00:00;32085;260716G01;MMRF6F10PQ;MMRF6F10PQ;Bộ dây dẫn mini M;Bộ dây dẫn mini M;;;IK;6119;0;0;0;RS05X541AIV;RS05X541AIV;SPRING MINI GW 2145;DÂY DẪN MINI SPRING 2145;ZROH;;6119;3001;0;0010
260716G01;000010084612;CRTD - Created;2026-07-16 00:00:00;;2026-07-23 00:00:00;32085;260716G01;MMRF6F10PQ;MMRF6F10PQ;Bộ dây dẫn mini M;Bộ dây dẫn mini M;;;IK;6119;0;0;0;RG90X0405VB;RG90X0405VB;Ống bọc ngoài xanh 405;Ống bọc ngoài xanh 405;ZHAL;;6119;3001;0;0020
260716G01;000010084613;CRTD - Created;2026-07-16 00:00:00;;2026-07-23 00:00:00;32060;260716G01;CRS25C60G07W;CRS25C60G07W;Ống q/nong sau cắt  60G07CM;Ống q/nong sau cắt 60G07CM;;;IK;13437;0;0;0;RS92S060A;RS92S060A;BEFORE-CHECK A DILATOR TUBE S6FR;Que nong S6Fr trước kiểm tra A;ZROH;;1493;3001;0;0010
260716G02;000010084614;CRTD - Created;2026-07-16 00:00:00;;2026-07-23 00:00:00;32060;260716G02;CRS25C60G07W;CRS25C60G07W;Ống q/nong sau cắt  60G07CM;Ống q/nong sau cắt 60G07CM;;;IK;13428;0;0;0;RS92S060A;RS92S060A;BEFORE-CHECK A DILATOR TUBE S6FR;Que nong S6Fr trước kiểm tra A;ZROH;;1492;3001;0;0010
260716G01;000010084615;CRTD - Created;2026-07-16 00:00:00;;2026-07-23 00:00:00;32065;260716G01;RS25C60G07W;RS25C60G07W;RS que nong C60G07;RS que nong C60G07;;;IK;13437;0;0;0;CRS25C60G07W;CRS25C60G07W;Ống q/nong sau cắt  60G07CM;Ống q/nong sau cắt 60G07CM;ZHAL;;13437;3001;0;0010
260716G01;000010084615;CRTD - Created;2026-07-16 00:00:00;;2026-07-23 00:00:00;32065;260716G01;RS25C60G07W;RS25C60G07W;RS que nong C60G07;RS que nong C60G07;;;IK;13437;0;0;0;RS27X100V;RS27X100V;DILATOR LOCK PIN A TVC;RS CHỐT QUE NONG LOẠI A TVC;ZROH;;13437;3001;0;0020
260716G01;000010084615;CRTD - Created;2026-07-16 00:00:00;;2026-07-23 00:00:00;32065;260716G01;RS25C60G07W;RS25C60G07W;RS que nong C60G07;RS que nong C60G07;;;IK;13437;0;0;0;RS00X660EV1;RS00X660EV1;DILATOR HUB 6FR;CHUÔI QUE NONG 6FR;ZROH;;13437;3001;0;0030
260716G02;000010084616;CRTD - Created;2026-07-16 00:00:00;;2026-07-23 00:00:00;32065;260716G02;RS25C60G07W;RS25C60G07W;RS que nong C60G07;RS que nong C60G07;;;IK;13428;0;0;0;CRS25C60G07W;CRS25C60G07W;Ống q/nong sau cắt  60G07CM;Ống q/nong sau cắt 60G07CM;ZHAL;;13428;3001;0;0010
260716G02;000010084616;CRTD - Created;2026-07-16 00:00:00;;2026-07-23 00:00:00;32065;260716G02;RS25C60G07W;RS25C60G07W;RS que nong C60G07;RS que nong C60G07;;;IK;13428;0;0;0;RS27X100V;RS27X100V;DILATOR LOCK PIN A TVC;RS CHỐT QUE NONG LOẠI A TVC;ZROH;;13428;3001;0;0020
260716G02;000010084616;CRTD - Created;2026-07-16 00:00:00;;2026-07-23 00:00:00;32065;260716G02;RS25C60G07W;RS25C60G07W;RS que nong C60G07;RS que nong C60G07;;;IK;13428;0;0;0;RS00X660EV1;RS00X660EV1;DILATOR HUB 6FR;CHUÔI QUE NONG 6FR;ZROH;;13428;3001;0;0030
260716G01;000010084617;CRTD - Created;2026-07-16 00:00:00;;2026-07-23 00:00:00;32050;260716G01;CRS26Q6007;CRS26Q6007;Ống sheath sau cắt  6FR07CM;Ống sheath sau cắt 6FR07CM;;;IK;13185;0;0;0;RS04X261V;RS04X261V;ETFE TUBE (SHEATH) 6FR;ỐNG ETFE (SHEATH) 6FR;ZROH;;1465;3001;0;0010
260716G02;000010084618;CRTD - Created;2026-07-16 00:00:00;;2026-07-23 00:00:00;32050;260716G02;CRS26Q6007;CRS26Q6007;Ống sheath sau cắt  6FR07CM;Ống sheath sau cắt 6FR07CM;;;IK;13185;0;0;0;RS04X261V;RS04X261V;ETFE TUBE (SHEATH) 6FR;ỐNG ETFE (SHEATH) 6FR;ZROH;;1465;3001;0;0010
260716G01;000010084619;CRTD - Created;2026-07-16 00:00:00;;2026-07-23 00:00:00;32055;260716G01;RS26Q6007;RS26Q6007;RS Sheath 0.20 60X07;RS Sheath 0.20 60X07;;;IK;13185;0;0;0;CRS26Q6007;CRS26Q6007;Ống sheath sau cắt  6FR07CM;Ống sheath sau cắt 6FR07CM;ZHAL;;13185;3001;0;0010
260716G01;000010084619;CRTD - Created;2026-07-16 00:00:00;;2026-07-23 00:00:00;32055;260716G01;RS26Q6007;RS26Q6007;RS Sheath 0.20 60X07;RS Sheath 0.20 60X07;;;IK;13185;0;0;0;RS27X006V;RS27X006V;SHEATH LOCK PIN RS 6FR;Chốt sheath RS 6Fr;ZROH;;13185;3001;0;0020
260716G02;000010084620;CRTD - Created;2026-07-16 00:00:00;;2026-07-23 00:00:00;32055;260716G02;RS26Q6007;RS26Q6007;RS Sheath 0.20 60X07;RS Sheath 0.20 60X07;;;IK;13185;0;0;0;CRS26Q6007;CRS26Q6007;Ống sheath sau cắt  6FR07CM;Ống sheath sau cắt 6FR07CM;ZHAL;;13185;3001;0;0010
260716G02;000010084620;CRTD - Created;2026-07-16 00:00:00;;2026-07-23 00:00:00;32055;260716G02;RS26Q6007;RS26Q6007;RS Sheath 0.20 60X07;RS Sheath 0.20 60X07;;;IK;13185;0;0;0;RS27X006V;RS27X006V;SHEATH LOCK PIN RS 6FR;Chốt sheath RS 6Fr;ZROH;;13185;3001;0;0020
260716G01;000010084621;CRTD - Created;2026-07-16 00:00:00;;2026-07-23 00:00:00;32070;260716G01;RS60E06007;RS60E06007;RS*lắp ráp 6FR 7CM;RS*lắp ráp 6FR 7CM;;;IK;13185;0;0;0;RS26Q6007;RS26Q6007;RS Sheath 0.20 60X07;RS Sheath 0.20 60X07;ZHAL;;13185;3001;0;0010
260716G01;000010084621;CRTD - Created;2026-07-16 00:00:00;;2026-07-23 00:00:00;32070;260716G01;RS60E06007;RS60E06007;RS*lắp ráp 6FR 7CM;RS*lắp ráp 6FR 7CM;;;IK;13185;0;0;0;RS00X261EV1;RS00X261EV1;SHEATH HOUSING 6FR;SHEATH HOUSING 6FR;ZROH;;13185;3001;0;0020
260716G01;000010084621;CRTD - Created;2026-07-16 00:00:00;;2026-07-23 00:00:00;32070;260716G01;RS60E06007;RS60E06007;RS*lắp ráp 6FR 7CM;RS*lắp ráp 6FR 7CM;;;IK;13185;0;0;0;RS00X222KV;RS00X222KV;SHEATH CAP RS A TVC NEW TYPE;Nắp sheath RS A TVC Loại mới;ZROH;;13185;3001;0;0030
260716G01;000010084621;CRTD - Created;2026-07-16 00:00:00;;2026-07-23 00:00:00;32070;260716G01;RS60E06007;RS60E06007;RS*lắp ráp 6FR 7CM;RS*lắp ráp 6FR 7CM;;;IK;13185;0;0;0;RS23X000V;RS23X000V;VALVE RFS TVC;Van RFS TVC;ZROH;;13185;3001;0;0040
260716G01;000010084621;CRTD - Created;2026-07-16 00:00:00;;2026-07-23 00:00:00;32070;260716G01;RS60E06007;RS60E06007;RS*lắp ráp 6FR 7CM;RS*lắp ráp 6FR 7CM;;;IK;13185;0;0;0;RS00E460EV1;RS00E460EV1;SHEATH SUPPORT 6FR;THÂN ĐỠ SHEATH 6FR;ZROH;;13185;3001;0;0050
260716G01;000010084621;CRTD - Created;2026-07-16 00:00:00;;2026-07-23 00:00:00;32070;260716G01;RS60E06007;RS60E06007;RS*lắp ráp 6FR 7CM;RS*lắp ráp 6FR 7CM;;;IK;13185;0;0;0;TS40X511RSVA;TS40X511RSVA;NON STERILE PART 3WAY COCK;VAN TAM THÔNG;ZROH;;13185;3001;0;0060
260716G01;000010084621;CRTD - Created;2026-07-16 00:00:00;;2026-07-23 00:00:00;32070;260716G01;RS60E06007;RS60E06007;RS*lắp ráp 6FR 7CM;RS*lắp ráp 6FR 7CM;;;IK;13185;0;0;0;RS90X000V;RS90X000V;Ống Arm;Ống Arm;ZHAL;;13185;3001;0;0070
260716G02;000010084622;CRTD - Created;2026-07-16 00:00:00;;2026-07-23 00:00:00;32070;260716G02;RS60E06007;RS60E06007;RS*lắp ráp 6FR 7CM;RS*lắp ráp 6FR 7CM;;;IK;13185;0;0;0;RS26Q6007;RS26Q6007;RS Sheath 0.20 60X07;RS Sheath 0.20 60X07;ZHAL;;13185;3001;0;0010
260716G02;000010084622;CRTD - Created;2026-07-16 00:00:00;;2026-07-23 00:00:00;32070;260716G02;RS60E06007;RS60E06007;RS*lắp ráp 6FR 7CM;RS*lắp ráp 6FR 7CM;;;IK;13185;0;0;0;RS00X261EV1;RS00X261EV1;SHEATH HOUSING 6FR;SHEATH HOUSING 6FR;ZROH;;13185;3001;0;0020
260716G02;000010084622;CRTD - Created;2026-07-16 00:00:00;;2026-07-23 00:00:00;32070;260716G02;RS60E06007;RS60E06007;RS*lắp ráp 6FR 7CM;RS*lắp ráp 6FR 7CM;;;IK;13185;0;0;0;RS00X222KV;RS00X222KV;SHEATH CAP RS A TVC NEW TYPE;Nắp sheath RS A TVC Loại mới;ZROH;;13185;3001;0;0030
260716G02;000010084622;CRTD - Created;2026-07-16 00:00:00;;2026-07-23 00:00:00;32070;260716G02;RS60E06007;RS60E06007;RS*lắp ráp 6FR 7CM;RS*lắp ráp 6FR 7CM;;;IK;13185;0;0;0;RS23X000V;RS23X000V;VALVE RFS TVC;Van RFS TVC;ZROH;;13185;3001;0;0040
260716G02;000010084622;CRTD - Created;2026-07-16 00:00:00;;2026-07-23 00:00:00;32070;260716G02;RS60E06007;RS60E06007;RS*lắp ráp 6FR 7CM;RS*lắp ráp 6FR 7CM;;;IK;13185;0;0;0;RS00E460EV1;RS00E460EV1;SHEATH SUPPORT 6FR;THÂN ĐỠ SHEATH 6FR;ZROH;;13185;3001;0;0050
260716G02;000010084622;CRTD - Created;2026-07-16 00:00:00;;2026-07-23 00:00:00;32070;260716G02;RS60E06007;RS60E06007;RS*lắp ráp 6FR 7CM;RS*lắp ráp 6FR 7CM;;;IK;13185;0;0;0;TS40X511RSVA;TS40X511RSVA;NON STERILE PART 3WAY COCK;VAN TAM THÔNG;ZROH;;13185;3001;0;0060
260716G02;000010084622;CRTD - Created;2026-07-16 00:00:00;;2026-07-23 00:00:00;32070;260716G02;RS60E06007;RS60E06007;RS*lắp ráp 6FR 7CM;RS*lắp ráp 6FR 7CM;;;IK;13185;0;0;0;RS90X000V;RS90X000V;Ống Arm;Ống Arm;ZHAL;;13185;3001;0;0070
260716G01;000010084623;CRTD - Created;2026-07-16 00:00:00;;2026-07-23 00:00:00;32075;260716G01;RF50MS2545Y;RF50MS2545Y;Dây dẫn mini đã g/c S0.025X45CM;Dây dẫn mini đã g/c S0.025X45CM;;;IK;13270;0;0;0;RF42MS2545YV;RF42MS2545YV;MINI GUIDE WIRE S2545;DÂY DẪN MINI S2545;ZROH;;13270;3001;0;0010
260716G02;000010084624;CRTD - Created;2026-07-16 00:00:00;;2026-07-23 00:00:00;32075;260716G02;RF50MS2545Y;RF50MS2545Y;Dây dẫn mini đã g/c S0.025X45CM;Dây dẫn mini đã g/c S0.025X45CM;;;IK;13000;0;0;0;RF42MS2545YV;RF42MS2545YV;MINI GUIDE WIRE S2545;DÂY DẪN MINI S2545;ZROH;;13000;3001;0;0010
260716G01;000010084625;CRTD - Created;2026-07-16 00:00:00;;2026-07-23 00:00:00;32085;260716G01;MSA60G07SQY;MSA60G07SQY;Bộ dây dẫn mini;Bộ dây dẫn mini;;;IK;13119;0;0;0;RG90X0405V;RG90X0405V;IK ống bọc ngoài 405mm;IK ống bọc ngoài 405mm;ZHAL;;13119;3001;0;0010
260716G01;000010084625;CRTD - Created;2026-07-16 00:00:00;;2026-07-23 00:00:00;32085;260716G01;MSA60G07SQY;MSA60G07SQY;Bộ dây dẫn mini;Bộ dây dẫn mini;;;IK;13119;0;0;0;RF50MS2545Y;RF50MS2545Y;Dây dẫn mini đã g/c S0.025X45CM;Dây dẫn mini đã g/c S0.025X45CM;ZHAL;;13119;3001;0;0020
260716G01;000010084626;CRTD - Created;2026-07-16 00:00:00;;2026-07-23 00:00:00;32085;260716G01;MSB60G07SQY;MSB60G07SQY;Bộ dây dẫn mini;Bộ dây dẫn mini;;;IK;13119;0;0;0;RG90X0405V;RG90X0405V;IK ống bọc ngoài 405mm;IK ống bọc ngoài 405mm;ZHAL;;13119;3001;0;0010
260716G01;000010084626;CRTD - Created;2026-07-16 00:00:00;;2026-07-23 00:00:00;32085;260716G01;MSB60G07SQY;MSB60G07SQY;Bộ dây dẫn mini;Bộ dây dẫn mini;;;IK;13119;0;0;0;RF50MS2545Y;RF50MS2545Y;Dây dẫn mini đã g/c S0.025X45CM;Dây dẫn mini đã g/c S0.025X45CM;ZHAL;;13119;3001;0;0020
260716G01;000010084627;CRTD - Created;2026-07-16 00:00:00;;2026-07-23 00:00:00;32060;260716G01;CRS25E50K10W;CRS25E50K10W;Ống q/nong sau cắt  50K10CM;Ống q/nong sau cắt 50K10CM;;;IK;13482;0;0;0;RS92S050A;RS92S050A;BEFORE-CHECK A DILATOR TUBE S5FR;Que nong S5Fr trước kiểm tra A;ZROH;;1926;3001;0;0010
260716G01;000010084628;CRTD - Created;2026-07-16 00:00:00;;2026-07-23 00:00:00;32060;260716G01;CRS25C60G16W;CRS25C60G16W;Ống q/nong sau cắt  60G16CM;Ống q/nong sau cắt 60G16CM;;;IK;13260;0;0;0;RS92S060A;RS92S060A;BEFORE-CHECK A DILATOR TUBE S6FR;Que nong S6Fr trước kiểm tra A;ZROH;;2652;3001;0;0010
260716G01;000010084629;CRTD - Created;2026-07-16 00:00:00;;2026-07-23 00:00:00;32065;260716G01;RS25E50K10W;RS25E50K10W;RS que nong E50K10;RS que nong E50K10;;;IK;13482;0;0;0;CRS25E50K10W;CRS25E50K10W;Ống q/nong sau cắt  50K10CM;Ống q/nong sau cắt 50K10CM;ZHAL;;13482;3001;0;0010
260716G01;000010084629;CRTD - Created;2026-07-16 00:00:00;;2026-07-23 00:00:00;32065;260716G01;RS25E50K10W;RS25E50K10W;RS que nong E50K10;RS que nong E50K10;;;IK;13482;0;0;0;RS27X100V;RS27X100V;DILATOR LOCK PIN A TVC;RS CHỐT QUE NONG LOẠI A TVC;ZROH;;13482;3001;0;0020
260716G01;000010084629;CRTD - Created;2026-07-16 00:00:00;;2026-07-23 00:00:00;32065;260716G01;RS25E50K10W;RS25E50K10W;RS que nong E50K10;RS que nong E50K10;;;IK;13482;0;0;0;RS00X650EV1;RS00X650EV1;DILATOR HUB 5FR;CHUÔI QUE NONG 5FR;ZROH;;13482;3001;0;0030
260716G01;000010084630;CRTD - Created;2026-07-16 00:00:00;;2026-07-23 00:00:00;32065;260716G01;RS25C60G16W;RS25C60G16W;RS que nong C60G16;RS que nong C60G16;;;IK;13260;0;0;0;CRS25C60G16W;CRS25C60G16W;Ống q/nong sau cắt  60G16CM;Ống q/nong sau cắt 60G16CM;ZHAL;;13260;3001;0;0010
260716G01;000010084630;CRTD - Created;2026-07-16 00:00:00;;2026-07-23 00:00:00;32065;260716G01;RS25C60G16W;RS25C60G16W;RS que nong C60G16;RS que nong C60G16;;;IK;13260;0;0;0;RS27X100V;RS27X100V;DILATOR LOCK PIN A TVC;RS CHỐT QUE NONG LOẠI A TVC;ZROH;;13260;3001;0;0020
260716G01;000010084630;CRTD - Created;2026-07-16 00:00:00;;2026-07-23 00:00:00;32065;260716G01;RS25C60G16W;RS25C60G16W;RS que nong C60G16;RS que nong C60G16;;;IK;13260;0;0;0;RS00X660EV1;RS00X660EV1;DILATOR HUB 6FR;CHUÔI QUE NONG 6FR;ZROH;;13260;3001;0;0030
260716G01;000010084631;CRTD - Created;2026-07-16 00:00:00;;2026-07-23 00:00:00;32050;260716G01;CRS26Q5010;CRS26Q5010;Ống sheath sau cắt  5FR10CM;Ống sheath sau cắt 5FR10CM;;;IK;13181;0;0;0;RS04X251V;RS04X251V;ETFE TUBE (SHEATH) 5FR;ỐNG ETFE (SHEATH) 5FR;ZROH;;1883;3001;0;0010
260716G01;000010084632;CRTD - Created;2026-07-16 00:00:00;;2026-07-23 00:00:00;32050;260716G01;CRS26Q6016;CRS26Q6016;Ống sheath sau cắt  6FR16CM;Ống sheath sau cắt 6FR16CM;;;IK;13036;0;0;0;RS04X261VS;RS04X261VS;ETFE TUBE (SHEATH) 6FR S;ỐNG ETFE (SHEATH) 6FR S;ZROH;;3259;3001;0;0010
260716G01;000010084633;CRTD - Created;2026-07-16 00:00:00;;2026-07-23 00:00:00;32055;260716G01;RS26Q5010;RS26Q5010;RS Sheath 0.20 50X10;RS Sheath 0.20 50X10;;;IK;13181;0;0;0;CRS26Q5010;CRS26Q5010;Ống sheath sau cắt  5FR10CM;Ống sheath sau cắt 5FR10CM;ZHAL;;13181;3001;0;0010
260716G01;000010084633;CRTD - Created;2026-07-16 00:00:00;;2026-07-23 00:00:00;32055;260716G01;RS26Q5010;RS26Q5010;RS Sheath 0.20 50X10;RS Sheath 0.20 50X10;;;IK;13181;0;0;0;RS27X005V;RS27X005V;SHEATH LOCK PIN RS 5FR;Chốt sheath RS 5Fr;ZROH;;13181;3001;0;0020
260716G01;000010084634;CRTD - Created;2026-07-16 00:00:00;;2026-07-23 00:00:00;32055;260716G01;RS26Q6016;RS26Q6016;RS Sheath 0.20 60X16;RS Sheath 0.20 60X16;;;IK;13036;0;0;0;CRS26Q6016;CRS26Q6016;Ống sheath sau cắt  6FR16CM;Ống sheath sau cắt 6FR16CM;ZHAL;;13036;3001;0;0010
260716G01;000010084634;CRTD - Created;2026-07-16 00:00:00;;2026-07-23 00:00:00;32055;260716G01;RS26Q6016;RS26Q6016;RS Sheath 0.20 60X16;RS Sheath 0.20 60X16;;;IK;13036;0;0;0;RS27X006V;RS27X006V;SHEATH LOCK PIN RS 6FR;Chốt sheath RS 6Fr;ZROH;;13036;3001;0;0020
260716G01;000010084635;CRTD - Created;2026-07-16 00:00:00;;2026-07-23 00:00:00;32070;260716G01;RS60E05010;RS60E05010;RS*lắp ráp 5FR 10CM;RS*lắp ráp 5FR 10CM;;;IK;13181;0;0;0;RS26Q5010;RS26Q5010;RS Sheath 0.20 50X10;RS Sheath 0.20 50X10;ZHAL;;13181;3001;0;0010
260716G01;000010084635;CRTD - Created;2026-07-16 00:00:00;;2026-07-23 00:00:00;32070;260716G01;RS60E05010;RS60E05010;RS*lắp ráp 5FR 10CM;RS*lắp ráp 5FR 10CM;;;IK;13181;0;0;0;RS00E251EV;RS00E251EV;SHEATH HOUSING 5FR;SHEATH HOUSING 5FR;ZROH;;13181;3001;0;0020
260716G01;000010084635;CRTD - Created;2026-07-16 00:00:00;;2026-07-23 00:00:00;32070;260716G01;RS60E05010;RS60E05010;RS*lắp ráp 5FR 10CM;RS*lắp ráp 5FR 10CM;;;IK;13181;0;0;0;RS00X222KV;RS00X222KV;SHEATH CAP RS A TVC NEW TYPE;Nắp sheath RS A TVC Loại mới;ZROH;;13181;3001;0;0030
260716G01;000010084635;CRTD - Created;2026-07-16 00:00:00;;2026-07-23 00:00:00;32070;260716G01;RS60E05010;RS60E05010;RS*lắp ráp 5FR 10CM;RS*lắp ráp 5FR 10CM;;;IK;13181;0;0;0;RS23X000V;RS23X000V;VALVE RFS TVC;Van RFS TVC;ZROH;;13181;3001;0;0040
260716G01;000010084635;CRTD - Created;2026-07-16 00:00:00;;2026-07-23 00:00:00;32070;260716G01;RS60E05010;RS60E05010;RS*lắp ráp 5FR 10CM;RS*lắp ráp 5FR 10CM;;;IK;13181;0;0;0;RS00E450EV;RS00E450EV;SHEATH SUPPORT 5FR;THÂN ĐỠ SHEATH 5FR;ZROH;;13181;3001;0;0050
260716G01;000010084635;CRTD - Created;2026-07-16 00:00:00;;2026-07-23 00:00:00;32070;260716G01;RS60E05010;RS60E05010;RS*lắp ráp 5FR 10CM;RS*lắp ráp 5FR 10CM;;;IK;13181;0;0;0;TS40X511RSVA;TS40X511RSVA;NON STERILE PART 3WAY COCK;VAN TAM THÔNG;ZROH;;13181;3001;0;0060
260716G01;000010084635;CRTD - Created;2026-07-16 00:00:00;;2026-07-23 00:00:00;32070;260716G01;RS60E05010;RS60E05010;RS*lắp ráp 5FR 10CM;RS*lắp ráp 5FR 10CM;;;IK;13181;0;0;0;RS90X000V;RS90X000V;Ống Arm;Ống Arm;ZHAL;;13181;3001;0;0070
260716G01;000010084636;CRTD - Created;2026-07-16 00:00:00;;2026-07-23 00:00:00;32070;260716G01;RS60E06016;RS60E06016;RS*lắp ráp 6FR 16CM;RS*lắp ráp 6FR 16CM;;;IK;13036;0;0;0;RS26Q6016;RS26Q6016;RS Sheath 0.20 60X16;RS Sheath 0.20 60X16;ZHAL;;13036;3001;0;0010
260716G01;000010084636;CRTD - Created;2026-07-16 00:00:00;;2026-07-23 00:00:00;32070;260716G01;RS60E06016;RS60E06016;RS*lắp ráp 6FR 16CM;RS*lắp ráp 6FR 16CM;;;IK;13036;0;0;0;RS00X261EV1;RS00X261EV1;SHEATH HOUSING 6FR;SHEATH HOUSING 6FR;ZROH;;13036;3001;0;0020
260716G01;000010084636;CRTD - Created;2026-07-16 00:00:00;;2026-07-23 00:00:00;32070;260716G01;RS60E06016;RS60E06016;RS*lắp ráp 6FR 16CM;RS*lắp ráp 6FR 16CM;;;IK;13036;0;0;0;RS00X222KV;RS00X222KV;SHEATH CAP RS A TVC NEW TYPE;Nắp sheath RS A TVC Loại mới;ZROH;;13036;3001;0;0030
260716G01;000010084636;CRTD - Created;2026-07-16 00:00:00;;2026-07-23 00:00:00;32070;260716G01;RS60E06016;RS60E06016;RS*lắp ráp 6FR 16CM;RS*lắp ráp 6FR 16CM;;;IK;13036;0;0;0;RS23X000V;RS23X000V;VALVE RFS TVC;Van RFS TVC;ZROH;;13036;3001;0;0040
260716G01;000010084636;CRTD - Created;2026-07-16 00:00:00;;2026-07-23 00:00:00;32070;260716G01;RS60E06016;RS60E06016;RS*lắp ráp 6FR 16CM;RS*lắp ráp 6FR 16CM;;;IK;13036;0;0;0;RS00E460EV1;RS00E460EV1;SHEATH SUPPORT 6FR;THÂN ĐỠ SHEATH 6FR;ZROH;;13036;3001;0;0050
260716G01;000010084636;CRTD - Created;2026-07-16 00:00:00;;2026-07-23 00:00:00;32070;260716G01;RS60E06016;RS60E06016;RS*lắp ráp 6FR 16CM;RS*lắp ráp 6FR 16CM;;;IK;13036;0;0;0;TS40X511RSVA;TS40X511RSVA;NON STERILE PART 3WAY COCK;VAN TAM THÔNG;ZROH;;13036;3001;0;0060
260716G01;000010084636;CRTD - Created;2026-07-16 00:00:00;;2026-07-23 00:00:00;32070;260716G01;RS60E06016;RS60E06016;RS*lắp ráp 6FR 16CM;RS*lắp ráp 6FR 16CM;;;IK;13036;0;0;0;RS90X000V;RS90X000V;Ống Arm;Ống Arm;ZHAL;;13036;3001;0;0070
260716G03;000010084637;CRTD - Created;2026-07-16 00:00:00;;2026-07-23 00:00:00;32075;260716G03;RF50MS2545Y;RF50MS2545Y;Dây dẫn mini đã g/c S0.025X45CM;Dây dẫn mini đã g/c S0.025X45CM;;;IK;12970;0;0;0;RF42MS2545YV;RF42MS2545YV;MINI GUIDE WIRE S2545;DÂY DẪN MINI S2545;ZROH;;12970;3001;0;0010
260716G01;000010084638;CRTD - Created;2026-07-16 00:00:00;;2026-07-23 00:00:00;32075;260716G01;RF50MS3545Y;RF50MS3545Y;Dây dẫn mini đã g/c S0.035X45CM;Dây dẫn mini đã g/c S0.035X45CM;;;IK;13130;0;0;0;RF42MS3545YV;RF42MS3545YV;MINI GUIDE WIRE S3545;DÂY DẪN MINI S3545;ZROH;;13130;3001;0;0010
260716G01;000010084639;CRTD - Created;2026-07-16 00:00:00;;2026-07-23 00:00:00;32080;260716G01;RS23X422;RS23X422;Ống bọc ngoài đã gia công 420mm;Ống bọc ngoài đã gia công 420mm;;;IK;10000;0;0;0;RG90X0420V;RG90X0420V;IK ống bọc ngoài 420mm;IK ống bọc ngoài 420mm;ZHAL;;10000;3001;0;0010
260716G02;000010084640;CRTD - Created;2026-07-16 00:00:00;;2026-07-23 00:00:00;32080;260716G02;RS23X422;RS23X422;Ống bọc ngoài đã gia công 420mm;Ống bọc ngoài đã gia công 420mm;;;IK;10000;0;0;0;RG90X0420V;RG90X0420V;IK ống bọc ngoài 420mm;IK ống bọc ngoài 420mm;ZHAL;;10000;3001;0;0010
260716G01;000010084641;CRTD - Created;2026-07-16 00:00:00;;2026-07-23 00:00:00;32085;260716G01;MSA50K10SQY;MSA50K10SQY;Bộ dây dẫn mini;Bộ dây dẫn mini;;;IK;13119;0;0;0;RG90X0405V;RG90X0405V;IK ống bọc ngoài 405mm;IK ống bọc ngoài 405mm;ZHAL;;13119;3001;0;0010
260716G01;000010084641;CRTD - Created;2026-07-16 00:00:00;;2026-07-23 00:00:00;32085;260716G01;MSA50K10SQY;MSA50K10SQY;Bộ dây dẫn mini;Bộ dây dẫn mini;;;IK;13119;0;0;0;RF50MS3545Y;RF50MS3545Y;Dây dẫn mini đã g/c S0.035X45CM;Dây dẫn mini đã g/c S0.035X45CM;ZHAL;;13119;3001;0;0020
260716G01;000010084642;CRTD - Created;2026-07-16 00:00:00;;2026-07-23 00:00:00;32085;260716G01;MSA60G16SQZY;MSA60G16SQZY;Bộ dây dẫn mini;Bộ dây dẫn mini;;;IK;4319;0;0;0;RS23X422;RS23X422;Ống bọc ngoài đã gia công 420mm;Ống bọc ngoài đã gia công 420mm;ZHAL;;4319;3001;0;0010
260716G01;000010084642;CRTD - Created;2026-07-16 00:00:00;;2026-07-23 00:00:00;32085;260716G01;MSA60G16SQZY;MSA60G16SQZY;Bộ dây dẫn mini;Bộ dây dẫn mini;;;IK;4319;0;0;0;RF50MS2545Y;RF50MS2545Y;Dây dẫn mini đã g/c S0.025X45CM;Dây dẫn mini đã g/c S0.025X45CM;ZHAL;;4319;3001;0;0020
260716G02;000010084643;CRTD - Created;2026-07-16 00:00:00;;2026-07-23 00:00:00;32085;260716G02;MSA60G16SQZY;MSA60G16SQZY;Bộ dây dẫn mini;Bộ dây dẫn mini;;;IK;4319;0;0;0;RS23X422;RS23X422;Ống bọc ngoài đã gia công 420mm;Ống bọc ngoài đã gia công 420mm;ZHAL;;4319;3001;0;0010
260716G02;000010084643;CRTD - Created;2026-07-16 00:00:00;;2026-07-23 00:00:00;32085;260716G02;MSA60G16SQZY;MSA60G16SQZY;Bộ dây dẫn mini;Bộ dây dẫn mini;;;IK;4319;0;0;0;RF50MS2545Y;RF50MS2545Y;Dây dẫn mini đã g/c S0.025X45CM;Dây dẫn mini đã g/c S0.025X45CM;ZHAL;;4319;3001;0;0020
260716G03;000010084644;CRTD - Created;2026-07-16 00:00:00;;2026-07-23 00:00:00;32085;260716G03;MSA60G16SQZY;MSA60G16SQZY;Bộ dây dẫn mini;Bộ dây dẫn mini;;;IK;4319;0;0;0;RS23X422;RS23X422;Ống bọc ngoài đã gia công 420mm;Ống bọc ngoài đã gia công 420mm;ZHAL;;4319;3001;0;0010
260716G03;000010084644;CRTD - Created;2026-07-16 00:00:00;;2026-07-23 00:00:00;32085;260716G03;MSA60G16SQZY;MSA60G16SQZY;Bộ dây dẫn mini;Bộ dây dẫn mini;;;IK;4319;0;0;0;RF50MS2545Y;RF50MS2545Y;Dây dẫn mini đã g/c S0.025X45CM;Dây dẫn mini đã g/c S0.025X45CM;ZHAL;;4319;3001;0;0020
260716VA;000010084645;CRTD - Created;2026-07-16 00:00:00;;2026-07-23 00:00:00;32091;260716VA;RM/AF6J25SQW_S;RM*AF6J25SQW;Dụng cụ mở đường vào động mạch;Dụng cụ mở đường vào động mạch;;;IK;3063;0;0;0;RS34M6001V-1;RS34M6001V-1;LABEL RS 6FR M26 1SET TVC;NHÃN RS 6Fr M26 Dùng cho 1 set TVC;ZROH;;3063;3001;0;0010
260716VA;000010084645;CRTD - Created;2026-07-16 00:00:00;;2026-07-23 00:00:00;32091;260716VA;RM/AF6J25SQW_S;RM*AF6J25SQW;Dụng cụ mở đường vào động mạch;Dụng cụ mở đường vào động mạch;;;IK;3063;0;0;0;RS34M6005V-1;RS34M6005V-1;RS LABEL MULTI 6FR 5 SET TVC;RS nhãn đa ngôn ngữ 6Fr 5 Set TVC;ZROH;;613;3001;0;0020
260716VA;000010084645;CRTD - Created;2026-07-16 00:00:00;;2026-07-23 00:00:00;32091;260716VA;RM/AF6J25SQW_S;RM*AF6J25SQW;Dụng cụ mở đường vào động mạch;Dụng cụ mở đường vào động mạch;;;IK;3063;0;0;0;RS34M20V-01;RS34M20V-01;SHIPPING BOX LABEL M26;Nhãn thùng xuất xưởng M26;ZROH;;307;3001;0;0030
260716VA;000010084645;CRTD - Created;2026-07-16 00:00:00;;2026-07-23 00:00:00;32091;260716VA;RM/AF6J25SQW_S;RM*AF6J25SQW;Dụng cụ mở đường vào động mạch;Dụng cụ mở đường vào động mạch;;;IK;3063;0;0;0;RS30XGTL1V-1;RS30XGTL1V-1;TYVEK PEELPACK M26 (TRAY L);Túi đóng gói Tyvek (có khay L);ZROH;;3063;3001;0;0040
260716VA;000010084645;CRTD - Created;2026-07-16 00:00:00;;2026-07-23 00:00:00;32091;260716VA;RM/AF6J25SQW_S;RM*AF6J25SQW;Dụng cụ mở đường vào động mạch;Dụng cụ mở đường vào động mạch;;;IK;3063;0;0;0;RS36M805LV-1;RS36M805LV-1;RS 5 SET M26 TRAY L TVC;RS 5set M26 khay L TVC;ZROH;;613;3001;0;0050
260716VA;000010084645;CRTD - Created;2026-07-16 00:00:00;;2026-07-23 00:00:00;32091;260716VA;RM/AF6J25SQW_S;RM*AF6J25SQW;Dụng cụ mở đường vào động mạch;Dụng cụ mở đường vào động mạch;;;IK;3063;0;0;0;RS37E003V;RS37E003V;RS MULTI 20 SET TRAY L TVC;RS đa ngôn ngữ 20 set khay L TVC;ZROH;;154;3001;0;0060
260716VA;000010084645;CRTD - Created;2026-07-16 00:00:00;;2026-07-23 00:00:00;32091;260716VA;RM/AF6J25SQW_S;RM*AF6J25SQW;Dụng cụ mở đường vào động mạch;Dụng cụ mở đường vào động mạch;;;IK;3063;0;0;0;RS33M021V-02;RS33M021V-02;IFU RS M26 TRAY/POUCH TVC;HDSD RS M26 có khay, không khay TVC;ZROH;;613;3001;0;0070
260716VA;000010084645;CRTD - Created;2026-07-16 00:00:00;;2026-07-23 00:00:00;32091;260716VA;RM/AF6J25SQW_S;RM*AF6J25SQW;Dụng cụ mở đường vào động mạch;Dụng cụ mở đường vào động mạch;;;IK;3063;0;0;0;MMAF6J25SQWY;MMAF6J25SQWY;Bộ dây dẫn mini;Bộ dây dẫn mini;ZHAL;;3063;3001;0;0080
260716VA;000010084645;CRTD - Created;2026-07-16 00:00:00;;2026-07-23 00:00:00;32091;260716VA;RM/AF6J25SQW_S;RM*AF6J25SQW;Dụng cụ mở đường vào động mạch;Dụng cụ mở đường vào động mạch;;;IK;3063;0;0;0;RS60E06025M;RS60E06025M;RS*lắp ráp 6FR 25cm M;RS*lắp ráp 6FR 25cm M;ZHAL;;3063;3001;0;0090
260716VA;000010084645;CRTD - Created;2026-07-16 00:00:00;;2026-07-23 00:00:00;32091;260716VA;RM/AF6J25SQW_S;RM*AF6J25SQW;Dụng cụ mở đường vào động mạch;Dụng cụ mở đường vào động mạch;;;IK;3063;0;0;0;RS25C60G25W;RS25C60G25W;RS que nong C60G25;RS que nong C60G25;ZHAL;;3063;3001;0;0100
260716VA;000010084645;CRTD - Created;2026-07-16 00:00:00;;2026-07-23 00:00:00;32091;260716VA;RM/AF6J25SQW_S;RM*AF6J25SQW;Dụng cụ mở đường vào động mạch;Dụng cụ mở đường vào động mạch;;;IK;3063;0;0;0;SS50X050ZV;SS50X050ZV;CYLINDER SS-02SZ;XI LANH SS-02SZ;ZROH;;3063;3001;0;0110
260716VA;000010084645;CRTD - Created;2026-07-16 00:00:00;;2026-07-23 00:00:00;32091;260716VA;RM/AF6J25SQW_S;RM*AF6J25SQW;Dụng cụ mở đường vào động mạch;Dụng cụ mở đường vào động mạch;;;IK;3063;0;0;0;SC55S2032BV;SC55S2032BV;NON STERILE PARTS FS2032;KIM LUỒN FS2032;ZROH;;3063;3001;0;0120
260716VA;000010084645;CRTD - Created;2026-07-16 00:00:00;;2026-07-23 00:00:00;32091;260716VA;RM/AF6J25SQW_S;RM*AF6J25SQW;Dụng cụ mở đường vào động mạch;Dụng cụ mở đường vào động mạch;;;IK;3063;0;0;0;RS06X003V;RS06X003V;TVC KAI SURGICAL KNIFE;Dao rạch KAI TVC;ZROH;;3063;3001;0;0130
260716VA;000010084645;CRTD - Created;2026-07-16 00:00:00;;2026-07-23 00:00:00;32091;260716VA;RM/AF6J25SQW_S;RM*AF6J25SQW;Dụng cụ mở đường vào động mạch;Dụng cụ mở đường vào động mạch;;;IK;3063;0;0;0;RS32X111V;RS32X111V;STANDARD TRAY L;KHAY ĐỠ LOẠI L;ZROH;;3063;3001;0;0140
260716VA;000010084646;CRTD - Created;2026-07-16 00:00:00;;2026-07-23 00:00:00;32091;260716VA;RM/RF6F25PQ_S;RM*RF6F25PQ;Dụng cụ mở đường vào động mạch;Dụng cụ mở đường vào động mạch;;;IK;3059;0;0;0;RS34M6001V-1;RS34M6001V-1;LABEL RS 6FR M26 1SET TVC;NHÃN RS 6Fr M26 Dùng cho 1 set TVC;ZROH;;3059;3001;0;0010
260716VA;000010084646;CRTD - Created;2026-07-16 00:00:00;;2026-07-23 00:00:00;32091;260716VA;RM/RF6F25PQ_S;RM*RF6F25PQ;Dụng cụ mở đường vào động mạch;Dụng cụ mở đường vào động mạch;;;IK;3059;0;0;0;RS34M6005V-1;RS34M6005V-1;RS LABEL MULTI 6FR 5 SET TVC;RS nhãn đa ngôn ngữ 6Fr 5 Set TVC;ZROH;;612;3001;0;0020
260716VA;000010084646;CRTD - Created;2026-07-16 00:00:00;;2026-07-23 00:00:00;32091;260716VA;RM/RF6F25PQ_S;RM*RF6F25PQ;Dụng cụ mở đường vào động mạch;Dụng cụ mở đường vào động mạch;;;IK;3059;0;0;0;RS34M20V-01;RS34M20V-01;SHIPPING BOX LABEL M26;Nhãn thùng xuất xưởng M26;ZROH;;306;3001;0;0030
260716VA;000010084646;CRTD - Created;2026-07-16 00:00:00;;2026-07-23 00:00:00;32091;260716VA;RM/RF6F25PQ_S;RM*RF6F25PQ;Dụng cụ mở đường vào động mạch;Dụng cụ mở đường vào động mạch;;;IK;3059;0;0;0;RS30XGTL1V-1;RS30XGTL1V-1;TYVEK PEELPACK M26 (TRAY L);Túi đóng gói Tyvek (có khay L);ZROH;;3059;3001;0;0040
260716VA;000010084646;CRTD - Created;2026-07-16 00:00:00;;2026-07-23 00:00:00;32091;260716VA;RM/RF6F25PQ_S;RM*RF6F25PQ;Dụng cụ mở đường vào động mạch;Dụng cụ mở đường vào động mạch;;;IK;3059;0;0;0;RS36M805LV-1;RS36M805LV-1;RS 5 SET M26 TRAY L TVC;RS 5set M26 khay L TVC;ZROH;;612;3001;0;0050
260716VA;000010084646;CRTD - Created;2026-07-16 00:00:00;;2026-07-23 00:00:00;32091;260716VA;RM/RF6F25PQ_S;RM*RF6F25PQ;Dụng cụ mở đường vào động mạch;Dụng cụ mở đường vào động mạch;;;IK;3059;0;0;0;RS37E003V;RS37E003V;RS MULTI 20 SET TRAY L TVC;RS đa ngôn ngữ 20 set khay L TVC;ZROH;;153;3001;0;0060
260716VA;000010084646;CRTD - Created;2026-07-16 00:00:00;;2026-07-23 00:00:00;32091;260716VA;RM/RF6F25PQ_S;RM*RF6F25PQ;Dụng cụ mở đường vào động mạch;Dụng cụ mở đường vào động mạch;;;IK;3059;0;0;0;RS33M013V-01;RS33M013V-01;IFU RS M26 METAL NEEDLE TVC;HDSD RS M26 kim luồn kim loại TVC;ZROH;;612;3001;0;0070
260716VA;000010084646;CRTD - Created;2026-07-16 00:00:00;;2026-07-23 00:00:00;32091;260716VA;RM/RF6F25PQ_S;RM*RF6F25PQ;Dụng cụ mở đường vào động mạch;Dụng cụ mở đường vào động mạch;;;IK;3059;0;0;0;MMRF6F25PQ;MMRF6F25PQ;Bộ dây dẫn mini M;Bộ dây dẫn mini M;ZHAL;;3059;3001;0;0080
260716VA;000010084646;CRTD - Created;2026-07-16 00:00:00;;2026-07-23 00:00:00;32091;260716VA;RM/RF6F25PQ_S;RM*RF6F25PQ;Dụng cụ mở đường vào động mạch;Dụng cụ mở đường vào động mạch;;;IK;3059;0;0;0;RS60E06025M;RS60E06025M;RS*lắp ráp 6FR 25cm M;RS*lắp ráp 6FR 25cm M;ZHAL;;3059;3001;0;0090
260716VA;000010084646;CRTD - Created;2026-07-16 00:00:00;;2026-07-23 00:00:00;32091;260716VA;RM/RF6F25PQ_S;RM*RF6F25PQ;Dụng cụ mở đường vào động mạch;Dụng cụ mở đường vào động mạch;;;IK;3059;0;0;0;RS25C60D25W;RS25C60D25W;RS que nong C60D25;RS que nong C60D25;ZHAL;;3059;3001;0;0100
260716VA;000010084646;CRTD - Created;2026-07-16 00:00:00;;2026-07-23 00:00:00;32091;260716VA;RM/RF6F25PQ_S;RM*RF6F25PQ;Dụng cụ mở đường vào động mạch;Dụng cụ mở đường vào động mạch;;;IK;3059;0;0;0;RS08X2135PVA;RS08X2135PVA;IK METAL NEEDLE 21G TVC;IK Kim luồn kim loại 21G TVC;ZROH;;3059;3001;0;0110
260716VA;000010084646;CRTD - Created;2026-07-16 00:00:00;;2026-07-23 00:00:00;32091;260716VA;RM/RF6F25PQ_S;RM*RF6F25PQ;Dụng cụ mở đường vào động mạch;Dụng cụ mở đường vào động mạch;;;IK;3059;0;0;0;RS32X111V;RS32X111V;STANDARD TRAY L;KHAY ĐỠ LOẠI L;ZROH;;3059;3001;0;0120
260716VA;000010084647;CRTD - Created;2026-07-16 00:00:00;;2026-07-23 00:00:00;32091;260716VA;RS/R60D10PQ_S;RS*R60D10PQ;Dụng cụ mở đường vào động mạch;Dụng cụ mở đường vào động mạch;;;IK;13119;0;0;0;RS34M6001V-1;RS34M6001V-1;LABEL RS 6FR M26 1SET TVC;NHÃN RS 6Fr M26 Dùng cho 1 set TVC;ZROH;;13119;3001;0;0010
260716VA;000010084647;CRTD - Created;2026-07-16 00:00:00;;2026-07-23 00:00:00;32091;260716VA;RS/R60D10PQ_S;RS*R60D10PQ;Dụng cụ mở đường vào động mạch;Dụng cụ mở đường vào động mạch;;;IK;13119;0;0;0;RS34M6005V-1;RS34M6005V-1;RS LABEL MULTI 6FR 5 SET TVC;RS nhãn đa ngôn ngữ 6Fr 5 Set TVC;ZROH;;2624;3001;0;0020
260716VA;000010084647;CRTD - Created;2026-07-16 00:00:00;;2026-07-23 00:00:00;32091;260716VA;RS/R60D10PQ_S;RS*R60D10PQ;Dụng cụ mở đường vào động mạch;Dụng cụ mở đường vào động mạch;;;IK;13119;0;0;0;RS34M20V-01;RS34M20V-01;SHIPPING BOX LABEL M26;Nhãn thùng xuất xưởng M26;ZROH;;1312;3001;0;0030
260716VA;000010084647;CRTD - Created;2026-07-16 00:00:00;;2026-07-23 00:00:00;32091;260716VA;RS/R60D10PQ_S;RS*R60D10PQ;Dụng cụ mở đường vào động mạch;Dụng cụ mở đường vào động mạch;;;IK;13119;0;0;0;RS30XGTS1V-1;RS30XGTS1V-1;TYVEK PEELPACK M26 (TRAY S);Túi đóng gói Tyvek (có khay S);ZROH;;13119;3001;0;0040
260716VA;000010084647;CRTD - Created;2026-07-16 00:00:00;;2026-07-23 00:00:00;32091;260716VA;RS/R60D10PQ_S;RS*R60D10PQ;Dụng cụ mở đường vào động mạch;Dụng cụ mở đường vào động mạch;;;IK;13119;0;0;0;RS36M805SV-1;RS36M805SV-1;RS 5 SET M26 TRAY S TVC;RS 5set M26 khay S TVC;ZROH;;2624;3001;0;0050
260716VA;000010084647;CRTD - Created;2026-07-16 00:00:00;;2026-07-23 00:00:00;32091;260716VA;RS/R60D10PQ_S;RS*R60D10PQ;Dụng cụ mở đường vào động mạch;Dụng cụ mở đường vào động mạch;;;IK;13119;0;0;0;RS37E002V;RS37E002V;RS MULTI 20 SET TRAY S TVC;RS đa ngôn ngữ 20 set khay S TVC;ZROH;;656;3001;0;0060
260716VA;000010084647;CRTD - Created;2026-07-16 00:00:00;;2026-07-23 00:00:00;32091;260716VA;RS/R60D10PQ_S;RS*R60D10PQ;Dụng cụ mở đường vào động mạch;Dụng cụ mở đường vào động mạch;;;IK;13119;0;0;0;RS33M013V-01;RS33M013V-01;IFU RS M26 METAL NEEDLE TVC;HDSD RS M26 kim luồn kim loại TVC;ZROH;;2624;3001;0;0070
260716VA;000010084647;CRTD - Created;2026-07-16 00:00:00;;2026-07-23 00:00:00;32091;260716VA;RS/R60D10PQ_S;RS*R60D10PQ;Dụng cụ mở đường vào động mạch;Dụng cụ mở đường vào động mạch;;;IK;13119;0;0;0;MSR60D10PQ;MSR60D10PQ;Bộ dây dẫn mini;Bộ dây dẫn mini;ZHAL;;13119;3001;0;0080
260716VA;000010084647;CRTD - Created;2026-07-16 00:00:00;;2026-07-23 00:00:00;32091;260716VA;RS/R60D10PQ_S;RS*R60D10PQ;Dụng cụ mở đường vào động mạch;Dụng cụ mở đường vào động mạch;;;IK;13119;0;0;0;RS60E06010;RS60E06010;RS*lắp ráp 6FR 10CM;RS*lắp ráp 6FR 10CM;ZHAL;;13119;3001;0;0090
260716VA;000010084647;CRTD - Created;2026-07-16 00:00:00;;2026-07-23 00:00:00;32091;260716VA;RS/R60D10PQ_S;RS*R60D10PQ;Dụng cụ mở đường vào động mạch;Dụng cụ mở đường vào động mạch;;;IK;13119;0;0;0;RS25C60D10W;RS25C60D10W;RS que nong C60D10;RS que nong C60D10;ZHAL;;13119;3001;0;0100
260716VA;000010084647;CRTD - Created;2026-07-16 00:00:00;;2026-07-23 00:00:00;32091;260716VA;RS/R60D10PQ_S;RS*R60D10PQ;Dụng cụ mở đường vào động mạch;Dụng cụ mở đường vào động mạch;;;IK;13119;0;0;0;RS08X2135PVA;RS08X2135PVA;IK METAL NEEDLE 21G TVC;IK Kim luồn kim loại 21G TVC;ZROH;;13119;3001;0;0110
260716VA;000010084647;CRTD - Created;2026-07-16 00:00:00;;2026-07-23 00:00:00;32091;260716VA;RS/R60D10PQ_S;RS*R60D10PQ;Dụng cụ mở đường vào động mạch;Dụng cụ mở đường vào động mạch;;;IK;13119;0;0;0;RS32X110V;RS32X110V;STANDARD TRAY S;KHAY ĐỠ LOẠI S;ZROH;;13119;3001;0;0120
260716TA;000010084648;CRTD - Created;2026-07-16 00:00:00;;2026-07-23 00:00:00;32097;260716TA;RS/A60G16SQZ_S;RS*A60G16SQZ;Introducer II H;Introducer II H;;;IK;4319;0;0;0;RS34M6001-N2;RS34M6001-N2;PEEL LABEL 6Fr M26 non CE;Nhãn túi đóng gói 6Fr M26 không CE;ZROH;;4319;3001;0;0010
260716TA;000010084648;CRTD - Created;2026-07-16 00:00:00;;2026-07-23 00:00:00;32097;260716TA;RS/A60G16SQZ_S;RS*A60G16SQZ;Introducer II H;Introducer II H;;;IK;4319;0;0;0;RS34M6005-N2;RS34M6005-N2;UNIT BOX LABEL 6Fr M26 non CE;Nhãn hộp đơn vị 6Fr M26 không CE;ZROH;;864;3001;0;0020
260716TA;000010084648;CRTD - Created;2026-07-16 00:00:00;;2026-07-23 00:00:00;32097;260716TA;RS/A60G16SQZ_S;RS*A60G16SQZ;Introducer II H;Introducer II H;;;IK;4319;0;0;0;RS34M20-N2;RS34M20-N2;SHIPPING BOX LABEL M26 non CE;Nhãn thùng xuất xưởng M26 không CE;ZROH;;432;3001;0;0030
260716TA;000010084648;CRTD - Created;2026-07-16 00:00:00;;2026-07-23 00:00:00;32097;260716TA;RS/A60G16SQZ_S;RS*A60G16SQZ;Introducer II H;Introducer II H;;;IK;4319;0;0;0;RS30XGTL1V-1;RS30XGTL1V-1;TYVEK PEELPACK M26 (TRAY L);Túi đóng gói Tyvek (có khay L);ZROH;;4319;3001;0;0040
260716TA;000010084648;CRTD - Created;2026-07-16 00:00:00;;2026-07-23 00:00:00;32097;260716TA;RS/A60G16SQZ_S;RS*A60G16SQZ;Introducer II H;Introducer II H;;;IK;4319;0;0;0;RS36M805LV-1;RS36M805LV-1;RS 5 SET M26 TRAY L TVC;RS 5set M26 khay L TVC;ZROH;;864;3001;0;0050
260716TA;000010084648;CRTD - Created;2026-07-16 00:00:00;;2026-07-23 00:00:00;32097;260716TA;RS/A60G16SQZ_S;RS*A60G16SQZ;Introducer II H;Introducer II H;;;IK;4319;0;0;0;RS37E003V;RS37E003V;RS MULTI 20 SET TRAY L TVC;RS đa ngôn ngữ 20 set khay L TVC;ZROH;;216;3001;0;0060
260716TA;000010084648;CRTD - Created;2026-07-16 00:00:00;;2026-07-23 00:00:00;32097;260716TA;RS/A60G16SQZ_S;RS*A60G16SQZ;Introducer II H;Introducer II H;;;IK;4319;0;0;0;RS33M021NV-1;RS33M021NV-1;IFU M26 TRAY/POUCH Non CE;HDSD M26 có khay/không khay (không CE);ZROH;;864;3001;0;0070
260716TA;000010084648;CRTD - Created;2026-07-16 00:00:00;;2026-07-23 00:00:00;32097;260716TA;RS/A60G16SQZ_S;RS*A60G16SQZ;Introducer II H;Introducer II H;;;IK;4319;0;0;0;MSA60G16SQZY;MSA60G16SQZY;Bộ dây dẫn mini;Bộ dây dẫn mini;ZHAL;;4319;3001;0;0080
260716TA;000010084648;CRTD - Created;2026-07-16 00:00:00;;2026-07-23 00:00:00;32097;260716TA;RS/A60G16SQZ_S;RS*A60G16SQZ;Introducer II H;Introducer II H;;;IK;4319;0;0;0;RS60E06016;RS60E06016;RS*lắp ráp 6FR 16CM;RS*lắp ráp 6FR 16CM;ZHAL;;4319;3001;0;0090
260716TA;000010084648;CRTD - Created;2026-07-16 00:00:00;;2026-07-23 00:00:00;32097;260716TA;RS/A60G16SQZ_S;RS*A60G16SQZ;Introducer II H;Introducer II H;;;IK;4319;0;0;0;RS25C60G16W;RS25C60G16W;RS que nong C60G16;RS que nong C60G16;ZHAL;;4319;3001;0;0100
260716TA;000010084648;CRTD - Created;2026-07-16 00:00:00;;2026-07-23 00:00:00;32097;260716TA;RS/A60G16SQZ_S;RS*A60G16SQZ;Introducer II H;Introducer II H;;;IK;4319;0;0;0;SS50X050ZV;SS50X050ZV;CYLINDER SS-02SZ;XI LANH SS-02SZ;ZROH;;4319;3001;0;0110
260716TA;000010084648;CRTD - Created;2026-07-16 00:00:00;;2026-07-23 00:00:00;32097;260716TA;RS/A60G16SQZ_S;RS*A60G16SQZ;Introducer II H;Introducer II H;;;IK;4319;0;0;0;SC55S2032BV;SC55S2032BV;NON STERILE PARTS FS2032;KIM LUỒN FS2032;ZROH;;4319;3001;0;0120
260716TA;000010084648;CRTD - Created;2026-07-16 00:00:00;;2026-07-23 00:00:00;32097;260716TA;RS/A60G16SQZ_S;RS*A60G16SQZ;Introducer II H;Introducer II H;;;IK;4319;0;0;0;RS06X003V;RS06X003V;TVC KAI SURGICAL KNIFE;Dao rạch KAI TVC;ZROH;;4319;3001;0;0130
260716TA;000010084648;CRTD - Created;2026-07-16 00:00:00;;2026-07-23 00:00:00;32097;260716TA;RS/A60G16SQZ_S;RS*A60G16SQZ;Introducer II H;Introducer II H;;;IK;4319;0;0;0;RS32X111V;RS32X111V;STANDARD TRAY L;KHAY ĐỠ LOẠI L;ZROH;;4319;3001;0;0140
260716TB;000010084649;CRTD - Created;2026-07-16 00:00:00;;2026-07-23 00:00:00;32097;260716TB;RS/A60G16SQZ_S;RS*A60G16SQZ;Introducer II H;Introducer II H;;;IK;4319;0;0;0;RS34M6001-N2;RS34M6001-N2;PEEL LABEL 6Fr M26 non CE;Nhãn túi đóng gói 6Fr M26 không CE;ZROH;;4319;3001;0;0010
260716TB;000010084649;CRTD - Created;2026-07-16 00:00:00;;2026-07-23 00:00:00;32097;260716TB;RS/A60G16SQZ_S;RS*A60G16SQZ;Introducer II H;Introducer II H;;;IK;4319;0;0;0;RS34M6005-N2;RS34M6005-N2;UNIT BOX LABEL 6Fr M26 non CE;Nhãn hộp đơn vị 6Fr M26 không CE;ZROH;;864;3001;0;0020
260716TB;000010084649;CRTD - Created;2026-07-16 00:00:00;;2026-07-23 00:00:00;32097;260716TB;RS/A60G16SQZ_S;RS*A60G16SQZ;Introducer II H;Introducer II H;;;IK;4319;0;0;0;RS34M20-N2;RS34M20-N2;SHIPPING BOX LABEL M26 non CE;Nhãn thùng xuất xưởng M26 không CE;ZROH;;432;3001;0;0030
260716TB;000010084649;CRTD - Created;2026-07-16 00:00:00;;2026-07-23 00:00:00;32097;260716TB;RS/A60G16SQZ_S;RS*A60G16SQZ;Introducer II H;Introducer II H;;;IK;4319;0;0;0;RS30XGTL1V-1;RS30XGTL1V-1;TYVEK PEELPACK M26 (TRAY L);Túi đóng gói Tyvek (có khay L);ZROH;;4319;3001;0;0040
260716TB;000010084649;CRTD - Created;2026-07-16 00:00:00;;2026-07-23 00:00:00;32097;260716TB;RS/A60G16SQZ_S;RS*A60G16SQZ;Introducer II H;Introducer II H;;;IK;4319;0;0;0;RS36M805LV-1;RS36M805LV-1;RS 5 SET M26 TRAY L TVC;RS 5set M26 khay L TVC;ZROH;;864;3001;0;0050
260716TB;000010084649;CRTD - Created;2026-07-16 00:00:00;;2026-07-23 00:00:00;32097;260716TB;RS/A60G16SQZ_S;RS*A60G16SQZ;Introducer II H;Introducer II H;;;IK;4319;0;0;0;RS37E003V;RS37E003V;RS MULTI 20 SET TRAY L TVC;RS đa ngôn ngữ 20 set khay L TVC;ZROH;;216;3001;0;0060
260716TB;000010084649;CRTD - Created;2026-07-16 00:00:00;;2026-07-23 00:00:00;32097;260716TB;RS/A60G16SQZ_S;RS*A60G16SQZ;Introducer II H;Introducer II H;;;IK;4319;0;0;0;RS33M021NV-1;RS33M021NV-1;IFU M26 TRAY/POUCH Non CE;HDSD M26 có khay/không khay (không CE);ZROH;;864;3001;0;0070
260716TB;000010084649;CRTD - Created;2026-07-16 00:00:00;;2026-07-23 00:00:00;32097;260716TB;RS/A60G16SQZ_S;RS*A60G16SQZ;Introducer II H;Introducer II H;;;IK;4319;0;0;0;MSA60G16SQZY;MSA60G16SQZY;Bộ dây dẫn mini;Bộ dây dẫn mini;ZHAL;;4319;3001;0;0080
260716TB;000010084649;CRTD - Created;2026-07-16 00:00:00;;2026-07-23 00:00:00;32097;260716TB;RS/A60G16SQZ_S;RS*A60G16SQZ;Introducer II H;Introducer II H;;;IK;4319;0;0;0;RS60E06016;RS60E06016;RS*lắp ráp 6FR 16CM;RS*lắp ráp 6FR 16CM;ZHAL;;4319;3001;0;0090
260716TB;000010084649;CRTD - Created;2026-07-16 00:00:00;;2026-07-23 00:00:00;32097;260716TB;RS/A60G16SQZ_S;RS*A60G16SQZ;Introducer II H;Introducer II H;;;IK;4319;0;0;0;RS25C60G16W;RS25C60G16W;RS que nong C60G16;RS que nong C60G16;ZHAL;;4319;3001;0;0100
260716TB;000010084649;CRTD - Created;2026-07-16 00:00:00;;2026-07-23 00:00:00;32097;260716TB;RS/A60G16SQZ_S;RS*A60G16SQZ;Introducer II H;Introducer II H;;;IK;4319;0;0;0;SS50X050ZV;SS50X050ZV;CYLINDER SS-02SZ;XI LANH SS-02SZ;ZROH;;4319;3001;0;0110
260716TB;000010084649;CRTD - Created;2026-07-16 00:00:00;;2026-07-23 00:00:00;32097;260716TB;RS/A60G16SQZ_S;RS*A60G16SQZ;Introducer II H;Introducer II H;;;IK;4319;0;0;0;SC55S2032BV;SC55S2032BV;NON STERILE PARTS FS2032;KIM LUỒN FS2032;ZROH;;4319;3001;0;0120
260716TB;000010084649;CRTD - Created;2026-07-16 00:00:00;;2026-07-23 00:00:00;32097;260716TB;RS/A60G16SQZ_S;RS*A60G16SQZ;Introducer II H;Introducer II H;;;IK;4319;0;0;0;RS06X003V;RS06X003V;TVC KAI SURGICAL KNIFE;Dao rạch KAI TVC;ZROH;;4319;3001;0;0130
260716TB;000010084649;CRTD - Created;2026-07-16 00:00:00;;2026-07-23 00:00:00;32097;260716TB;RS/A60G16SQZ_S;RS*A60G16SQZ;Introducer II H;Introducer II H;;;IK;4319;0;0;0;RS32X111V;RS32X111V;STANDARD TRAY L;KHAY ĐỠ LOẠI L;ZROH;;4319;3001;0;0140
260716TC;000010084650;CRTD - Created;2026-07-16 00:00:00;;2026-07-23 00:00:00;32097;260716TC;RS/A60G16SQZ_S;RS*A60G16SQZ;Introducer II H;Introducer II H;;;IK;4319;0;0;0;RS34M6001-N2;RS34M6001-N2;PEEL LABEL 6Fr M26 non CE;Nhãn túi đóng gói 6Fr M26 không CE;ZROH;;4319;3001;0;0010
260716TC;000010084650;CRTD - Created;2026-07-16 00:00:00;;2026-07-23 00:00:00;32097;260716TC;RS/A60G16SQZ_S;RS*A60G16SQZ;Introducer II H;Introducer II H;;;IK;4319;0;0;0;RS34M6005-N2;RS34M6005-N2;UNIT BOX LABEL 6Fr M26 non CE;Nhãn hộp đơn vị 6Fr M26 không CE;ZROH;;864;3001;0;0020
260716TC;000010084650;CRTD - Created;2026-07-16 00:00:00;;2026-07-23 00:00:00;32097;260716TC;RS/A60G16SQZ_S;RS*A60G16SQZ;Introducer II H;Introducer II H;;;IK;4319;0;0;0;RS34M20-N2;RS34M20-N2;SHIPPING BOX LABEL M26 non CE;Nhãn thùng xuất xưởng M26 không CE;ZROH;;432;3001;0;0030
260716TC;000010084650;CRTD - Created;2026-07-16 00:00:00;;2026-07-23 00:00:00;32097;260716TC;RS/A60G16SQZ_S;RS*A60G16SQZ;Introducer II H;Introducer II H;;;IK;4319;0;0;0;RS30XGTL1V-1;RS30XGTL1V-1;TYVEK PEELPACK M26 (TRAY L);Túi đóng gói Tyvek (có khay L);ZROH;;4319;3001;0;0040
260716TC;000010084650;CRTD - Created;2026-07-16 00:00:00;;2026-07-23 00:00:00;32097;260716TC;RS/A60G16SQZ_S;RS*A60G16SQZ;Introducer II H;Introducer II H;;;IK;4319;0;0;0;RS36M805LV-1;RS36M805LV-1;RS 5 SET M26 TRAY L TVC;RS 5set M26 khay L TVC;ZROH;;864;3001;0;0050
260716TC;000010084650;CRTD - Created;2026-07-16 00:00:00;;2026-07-23 00:00:00;32097;260716TC;RS/A60G16SQZ_S;RS*A60G16SQZ;Introducer II H;Introducer II H;;;IK;4319;0;0;0;RS37E003V;RS37E003V;RS MULTI 20 SET TRAY L TVC;RS đa ngôn ngữ 20 set khay L TVC;ZROH;;216;3001;0;0060
260716TC;000010084650;CRTD - Created;2026-07-16 00:00:00;;2026-07-23 00:00:00;32097;260716TC;RS/A60G16SQZ_S;RS*A60G16SQZ;Introducer II H;Introducer II H;;;IK;4319;0;0;0;RS33M021NV-1;RS33M021NV-1;IFU M26 TRAY/POUCH Non CE;HDSD M26 có khay/không khay (không CE);ZROH;;864;3001;0;0070
260716TC;000010084650;CRTD - Created;2026-07-16 00:00:00;;2026-07-23 00:00:00;32097;260716TC;RS/A60G16SQZ_S;RS*A60G16SQZ;Introducer II H;Introducer II H;;;IK;4319;0;0;0;MSA60G16SQZY;MSA60G16SQZY;Bộ dây dẫn mini;Bộ dây dẫn mini;ZHAL;;4319;3001;0;0080
260716TC;000010084650;CRTD - Created;2026-07-16 00:00:00;;2026-07-23 00:00:00;32097;260716TC;RS/A60G16SQZ_S;RS*A60G16SQZ;Introducer II H;Introducer II H;;;IK;4319;0;0;0;RS60E06016;RS60E06016;RS*lắp ráp 6FR 16CM;RS*lắp ráp 6FR 16CM;ZHAL;;4319;3001;0;0090
260716TC;000010084650;CRTD - Created;2026-07-16 00:00:00;;2026-07-23 00:00:00;32097;260716TC;RS/A60G16SQZ_S;RS*A60G16SQZ;Introducer II H;Introducer II H;;;IK;4319;0;0;0;RS25C60G16W;RS25C60G16W;RS que nong C60G16;RS que nong C60G16;ZHAL;;4319;3001;0;0100
260716TC;000010084650;CRTD - Created;2026-07-16 00:00:00;;2026-07-23 00:00:00;32097;260716TC;RS/A60G16SQZ_S;RS*A60G16SQZ;Introducer II H;Introducer II H;;;IK;4319;0;0;0;SS50X050ZV;SS50X050ZV;CYLINDER SS-02SZ;XI LANH SS-02SZ;ZROH;;4319;3001;0;0110
260716TC;000010084650;CRTD - Created;2026-07-16 00:00:00;;2026-07-23 00:00:00;32097;260716TC;RS/A60G16SQZ_S;RS*A60G16SQZ;Introducer II H;Introducer II H;;;IK;4319;0;0;0;SC55S2032BV;SC55S2032BV;NON STERILE PARTS FS2032;KIM LUỒN FS2032;ZROH;;4319;3001;0;0120
260716TC;000010084650;CRTD - Created;2026-07-16 00:00:00;;2026-07-23 00:00:00;32097;260716TC;RS/A60G16SQZ_S;RS*A60G16SQZ;Introducer II H;Introducer II H;;;IK;4319;0;0;0;RS06X003V;RS06X003V;TVC KAI SURGICAL KNIFE;Dao rạch KAI TVC;ZROH;;4319;3001;0;0130
260716TC;000010084650;CRTD - Created;2026-07-16 00:00:00;;2026-07-23 00:00:00;32097;260716TC;RS/A60G16SQZ_S;RS*A60G16SQZ;Introducer II H;Introducer II H;;;IK;4319;0;0;0;RS32X111V;RS32X111V;STANDARD TRAY L;KHAY ĐỠ LOẠI L;ZROH;;4319;3001;0;0140
260716TA;000010084651;CRTD - Created;2026-07-16 00:00:00;;2026-07-23 00:00:00;32099;260716TA;RS/A80K10SQ_S;RS*A80K10SQ;Introducer II H;Introducer II H;;;IK;13119;0;0;0;RS34M8001-N2;RS34M8001-N2;PEEL LABEL 8Fr M26 non CE;Nhãn túi đóng gói 8Fr M26 không CE;ZROH;;13119;3001;0;0010
260716TA;000010084651;CRTD - Created;2026-07-16 00:00:00;;2026-07-23 00:00:00;32099;260716TA;RS/A80K10SQ_S;RS*A80K10SQ;Introducer II H;Introducer II H;;;IK;13119;0;0;0;RS34M8005-N2;RS34M8005-N2;UNIT BOX LABEL 8Fr M26 non CE;Nhãn hộp đơn vị 8Fr M26 không CE;ZROH;;2624;3001;0;0020
260716TA;000010084651;CRTD - Created;2026-07-16 00:00:00;;2026-07-23 00:00:00;32099;260716TA;RS/A80K10SQ_S;RS*A80K10SQ;Introducer II H;Introducer II H;;;IK;13119;0;0;0;RS34M20-N2;RS34M20-N2;SHIPPING BOX LABEL M26 non CE;Nhãn thùng xuất xưởng M26 không CE;ZROH;;1312;3001;0;0030
260716TA;000010084651;CRTD - Created;2026-07-16 00:00:00;;2026-07-23 00:00:00;32099;260716TA;RS/A80K10SQ_S;RS*A80K10SQ;Introducer II H;Introducer II H;;;IK;13119;0;0;0;RS30XGTS1V-1;RS30XGTS1V-1;TYVEK PEELPACK M26 (TRAY S);Túi đóng gói Tyvek (có khay S);ZROH;;13119;3001;0;0040
260716TA;000010084651;CRTD - Created;2026-07-16 00:00:00;;2026-07-23 00:00:00;32099;260716TA;RS/A80K10SQ_S;RS*A80K10SQ;Introducer II H;Introducer II H;;;IK;13119;0;0;0;RS36M805SV-1;RS36M805SV-1;RS 5 SET M26 TRAY S TVC;RS 5set M26 khay S TVC;ZROH;;2624;3001;0;0050
260716TA;000010084651;CRTD - Created;2026-07-16 00:00:00;;2026-07-23 00:00:00;32099;260716TA;RS/A80K10SQ_S;RS*A80K10SQ;Introducer II H;Introducer II H;;;IK;13119;0;0;0;RS37E002V;RS37E002V;RS MULTI 20 SET TRAY S TVC;RS đa ngôn ngữ 20 set khay S TVC;ZROH;;656;3001;0;0060
260716TA;000010084651;CRTD - Created;2026-07-16 00:00:00;;2026-07-23 00:00:00;32099;260716TA;RS/A80K10SQ_S;RS*A80K10SQ;Introducer II H;Introducer II H;;;IK;13119;0;0;0;RS33M021NV-1;RS33M021NV-1;IFU M26 TRAY/POUCH Non CE;HDSD M26 có khay/không khay (không CE);ZROH;;2624;3001;0;0070
260716TA;000010084651;CRTD - Created;2026-07-16 00:00:00;;2026-07-23 00:00:00;32099;260716TA;RS/A80K10SQ_S;RS*A80K10SQ;Introducer II H;Introducer II H;;;IK;13119;0;0;0;MSA80K10SQY;MSA80K10SQY;Bộ dây dẫn mini;Bộ dây dẫn mini;ZHAL;;13119;3001;0;0080
260716TA;000010084651;CRTD - Created;2026-07-16 00:00:00;;2026-07-23 00:00:00;32099;260716TA;RS/A80K10SQ_S;RS*A80K10SQ;Introducer II H;Introducer II H;;;IK;13119;0;0;0;RS60E08010;RS60E08010;RS*lắp ráp 8FR 10CM;RS*lắp ráp 8FR 10CM;ZHAL;;13119;3001;0;0090
260716TA;000010084651;CRTD - Created;2026-07-16 00:00:00;;2026-07-23 00:00:00;32099;260716TA;RS/A80K10SQ_S;RS*A80K10SQ;Introducer II H;Introducer II H;;;IK;13119;0;0;0;RS25C80K10W;RS25C80K10W;RS que nong C80K10;RS que nong C80K10;ZHAL;;13119;3001;0;0100
260716TA;000010084651;CRTD - Created;2026-07-16 00:00:00;;2026-07-23 00:00:00;32099;260716TA;RS/A80K10SQ_S;RS*A80K10SQ;Introducer II H;Introducer II H;;;IK;13119;0;0;0;SS50X050ZV;SS50X050ZV;CYLINDER SS-02SZ;XI LANH SS-02SZ;ZROH;;13119;3001;0;0110
260716TA;000010084651;CRTD - Created;2026-07-16 00:00:00;;2026-07-23 00:00:00;32099;260716TA;RS/A80K10SQ_S;RS*A80K10SQ;Introducer II H;Introducer II H;;;IK;13119;0;0;0;SC55S1864BV;SC55S1864BV;NON STERILE PARTS FS1864;KIM LUỒN FS1864;ZROH;;13119;3001;0;0120
260716TA;000010084651;CRTD - Created;2026-07-16 00:00:00;;2026-07-23 00:00:00;32099;260716TA;RS/A80K10SQ_S;RS*A80K10SQ;Introducer II H;Introducer II H;;;IK;13119;0;0;0;RS32X110V;RS32X110V;STANDARD TRAY S;KHAY ĐỠ LOẠI S;ZROH;;13119;3001;0;0130
260717VA;000010084652;CRTD - Created;2026-07-17 00:00:00;;2026-07-24 00:00:00;32091;260717VA;RS/B60G07SQ_S;RS*B60G07SQ;Introducer II H;Introducer II H;;;IK;13119;0;0;0;RS34M6001V-1;RS34M6001V-1;LABEL RS 6FR M26 1SET TVC;NHÃN RS 6Fr M26 Dùng cho 1 set TVC;ZROH;;13119;3001;0;0010
260717VA;000010084652;CRTD - Created;2026-07-17 00:00:00;;2026-07-24 00:00:00;32091;260717VA;RS/B60G07SQ_S;RS*B60G07SQ;Introducer II H;Introducer II H;;;IK;13119;0;0;0;RS34M6005V-1;RS34M6005V-1;RS LABEL MULTI 6FR 5 SET TVC;RS nhãn đa ngôn ngữ 6Fr 5 Set TVC;ZROH;;2624;3001;0;0020
260717VA;000010084652;CRTD - Created;2026-07-17 00:00:00;;2026-07-24 00:00:00;32091;260717VA;RS/B60G07SQ_S;RS*B60G07SQ;Introducer II H;Introducer II H;;;IK;13119;0;0;0;RS34M20V-01;RS34M20V-01;SHIPPING BOX LABEL M26;Nhãn thùng xuất xưởng M26;ZROH;;1312;3001;0;0030
260717VA;000010084652;CRTD - Created;2026-07-17 00:00:00;;2026-07-24 00:00:00;32091;260717VA;RS/B60G07SQ_S;RS*B60G07SQ;Introducer II H;Introducer II H;;;IK;13119;0;0;0;RS30XGTS1V-1;RS30XGTS1V-1;TYVEK PEELPACK M26 (TRAY S);Túi đóng gói Tyvek (có khay S);ZROH;;13119;3001;0;0040
260717VA;000010084652;CRTD - Created;2026-07-17 00:00:00;;2026-07-24 00:00:00;32091;260717VA;RS/B60G07SQ_S;RS*B60G07SQ;Introducer II H;Introducer II H;;;IK;13119;0;0;0;RS36M805SV-1;RS36M805SV-1;RS 5 SET M26 TRAY S TVC;RS 5set M26 khay S TVC;ZROH;;2624;3001;0;0050
260717VA;000010084652;CRTD - Created;2026-07-17 00:00:00;;2026-07-24 00:00:00;32091;260717VA;RS/B60G07SQ_S;RS*B60G07SQ;Introducer II H;Introducer II H;;;IK;13119;0;0;0;RS37E002V;RS37E002V;RS MULTI 20 SET TRAY S TVC;RS đa ngôn ngữ 20 set khay S TVC;ZROH;;656;3001;0;0060
260717VA;000010084652;CRTD - Created;2026-07-17 00:00:00;;2026-07-24 00:00:00;32091;260717VA;RS/B60G07SQ_S;RS*B60G07SQ;Introducer II H;Introducer II H;;;IK;13119;0;0;0;RS33M021V-02;RS33M021V-02;IFU RS M26 TRAY/POUCH TVC;HDSD RS M26 có khay, không khay TVC;ZROH;;2624;3001;0;0070
260717VA;000010084652;CRTD - Created;2026-07-17 00:00:00;;2026-07-24 00:00:00;32091;260717VA;RS/B60G07SQ_S;RS*B60G07SQ;Introducer II H;Introducer II H;;;IK;13119;0;0;0;MSB60G07SQY;MSB60G07SQY;Bộ dây dẫn mini;Bộ dây dẫn mini;ZHAL;;13119;3001;0;0080
260717VA;000010084652;CRTD - Created;2026-07-17 00:00:00;;2026-07-24 00:00:00;32091;260717VA;RS/B60G07SQ_S;RS*B60G07SQ;Introducer II H;Introducer II H;;;IK;13119;0;0;0;RS60E06007;RS60E06007;RS*lắp ráp 6FR 7CM;RS*lắp ráp 6FR 7CM;ZHAL;;13119;3001;0;0090
260717VA;000010084652;CRTD - Created;2026-07-17 00:00:00;;2026-07-24 00:00:00;32091;260717VA;RS/B60G07SQ_S;RS*B60G07SQ;Introducer II H;Introducer II H;;;IK;13119;0;0;0;RS25C60G07W;RS25C60G07W;RS que nong C60G07;RS que nong C60G07;ZHAL;;13119;3001;0;0100
260717VA;000010084652;CRTD - Created;2026-07-17 00:00:00;;2026-07-24 00:00:00;32091;260717VA;RS/B60G07SQ_S;RS*B60G07SQ;Introducer II H;Introducer II H;;;IK;13119;0;0;0;RS32X110V;RS32X110V;STANDARD TRAY S;KHAY ĐỠ LOẠI S;ZROH;;13119;3001;0;0110
260717A;000010084653;CRTD - Created;2026-07-17 00:00:00;;2026-07-24 00:00:00;32091;260717A;RS+A60G07SQ_S;RS+A60G07SQ;Introducer II H;Introducer II H;;;IK;13119;0;0;0;RS34M6001V-1;RS34M6001V-1;LABEL RS 6FR M26 1SET TVC;NHÃN RS 6Fr M26 Dùng cho 1 set TVC;ZROH;;13119;3001;0;0010
260717A;000010084653;CRTD - Created;2026-07-17 00:00:00;;2026-07-24 00:00:00;32091;260717A;RS+A60G07SQ_S;RS+A60G07SQ;Introducer II H;Introducer II H;;;IK;13119;0;0;0;RS34M6005V-1;RS34M6005V-1;RS LABEL MULTI 6FR 5 SET TVC;RS nhãn đa ngôn ngữ 6Fr 5 Set TVC;ZROH;;2624;3001;0;0020
260717A;000010084653;CRTD - Created;2026-07-17 00:00:00;;2026-07-24 00:00:00;32091;260717A;RS+A60G07SQ_S;RS+A60G07SQ;Introducer II H;Introducer II H;;;IK;13119;0;0;0;RS34M20V-01;RS34M20V-01;SHIPPING BOX LABEL M26;Nhãn thùng xuất xưởng M26;ZROH;;1312;3001;0;0030
260717A;000010084653;CRTD - Created;2026-07-17 00:00:00;;2026-07-24 00:00:00;32091;260717A;RS+A60G07SQ_S;RS+A60G07SQ;Introducer II H;Introducer II H;;;IK;13119;0;0;0;RS30XGTS1V-1;RS30XGTS1V-1;TYVEK PEELPACK M26 (TRAY S);Túi đóng gói Tyvek (có khay S);ZROH;;13119;3001;0;0040
260717A;000010084653;CRTD - Created;2026-07-17 00:00:00;;2026-07-24 00:00:00;32091;260717A;RS+A60G07SQ_S;RS+A60G07SQ;Introducer II H;Introducer II H;;;IK;13119;0;0;0;RS36M805SV-1;RS36M805SV-1;RS 5 SET M26 TRAY S TVC;RS 5set M26 khay S TVC;ZROH;;2624;3001;0;0050
260717A;000010084653;CRTD - Created;2026-07-17 00:00:00;;2026-07-24 00:00:00;32091;260717A;RS+A60G07SQ_S;RS+A60G07SQ;Introducer II H;Introducer II H;;;IK;13119;0;0;0;RS37E002V;RS37E002V;RS MULTI 20 SET TRAY S TVC;RS đa ngôn ngữ 20 set khay S TVC;ZROH;;656;3001;0;0060
260717A;000010084653;CRTD - Created;2026-07-17 00:00:00;;2026-07-24 00:00:00;32091;260717A;RS+A60G07SQ_S;RS+A60G07SQ;Introducer II H;Introducer II H;;;IK;13119;0;0;0;RS33M021V-02;RS33M021V-02;IFU RS M26 TRAY/POUCH TVC;HDSD RS M26 có khay, không khay TVC;ZROH;;2624;3001;0;0070
260717A;000010084653;CRTD - Created;2026-07-17 00:00:00;;2026-07-24 00:00:00;32091;260717A;RS+A60G07SQ_S;RS+A60G07SQ;Introducer II H;Introducer II H;;;IK;13119;0;0;0;MSA60G07SQY;MSA60G07SQY;Bộ dây dẫn mini;Bộ dây dẫn mini;ZHAL;;13119;3001;0;0080
260717A;000010084653;CRTD - Created;2026-07-17 00:00:00;;2026-07-24 00:00:00;32091;260717A;RS+A60G07SQ_S;RS+A60G07SQ;Introducer II H;Introducer II H;;;IK;13119;0;0;0;RS60E06007;RS60E06007;RS*lắp ráp 6FR 7CM;RS*lắp ráp 6FR 7CM;ZHAL;;13119;3001;0;0090
260717A;000010084653;CRTD - Created;2026-07-17 00:00:00;;2026-07-24 00:00:00;32091;260717A;RS+A60G07SQ_S;RS+A60G07SQ;Introducer II H;Introducer II H;;;IK;13119;0;0;0;RS25C60G07W;RS25C60G07W;RS que nong C60G07;RS que nong C60G07;ZHAL;;13119;3001;0;0100
260717A;000010084653;CRTD - Created;2026-07-17 00:00:00;;2026-07-24 00:00:00;32091;260717A;RS+A60G07SQ_S;RS+A60G07SQ;Introducer II H;Introducer II H;;;IK;13119;0;0;0;SS50X050ZV;SS50X050ZV;CYLINDER SS-02SZ;XI LANH SS-02SZ;ZROH;;13119;3001;0;0110
260717A;000010084653;CRTD - Created;2026-07-17 00:00:00;;2026-07-24 00:00:00;32091;260717A;RS+A60G07SQ_S;RS+A60G07SQ;Introducer II H;Introducer II H;;;IK;13119;0;0;0;SC55S2051BV;SC55S2051BV;NON STERILE PARTS FS2051;KIM LUỒN FS2051;ZROH;;13119;3001;0;0120
260717A;000010084653;CRTD - Created;2026-07-17 00:00:00;;2026-07-24 00:00:00;32091;260717A;RS+A60G07SQ_S;RS+A60G07SQ;Introducer II H;Introducer II H;;;IK;13119;0;0;0;RS32X110V;RS32X110V;STANDARD TRAY S;KHAY ĐỠ LOẠI S;ZROH;;13119;3001;0;0130
260717TA;000010084654;CRTD - Created;2026-07-17 00:00:00;;2026-07-24 00:00:00;32097;260717TA;RS/A50K10SQ_S;RS*A50K10SQ;Introducer II H;Introducer II H;;;IK;13119;0;0;0;RS34M5001-N2;RS34M5001-N2;PEEL LABEL 5Fr M26 non CE;Nhãn túi đóng gói 5Fr M26 không CE;ZROH;;13119;3001;0;0010
260717TA;000010084654;CRTD - Created;2026-07-17 00:00:00;;2026-07-24 00:00:00;32097;260717TA;RS/A50K10SQ_S;RS*A50K10SQ;Introducer II H;Introducer II H;;;IK;13119;0;0;0;RS34M5005-N2;RS34M5005-N2;UNIT BOX LABEL 5Fr M26 non CE;Nhãn hộp đơn vị 5Fr M26 không CE;ZROH;;2624;3001;0;0020
260717TA;000010084654;CRTD - Created;2026-07-17 00:00:00;;2026-07-24 00:00:00;32097;260717TA;RS/A50K10SQ_S;RS*A50K10SQ;Introducer II H;Introducer II H;;;IK;13119;0;0;0;RS34M20-N2;RS34M20-N2;SHIPPING BOX LABEL M26 non CE;Nhãn thùng xuất xưởng M26 không CE;ZROH;;1312;3001;0;0030
260717TA;000010084654;CRTD - Created;2026-07-17 00:00:00;;2026-07-24 00:00:00;32097;260717TA;RS/A50K10SQ_S;RS*A50K10SQ;Introducer II H;Introducer II H;;;IK;13119;0;0;0;RS30XGTS1V-1;RS30XGTS1V-1;TYVEK PEELPACK M26 (TRAY S);Túi đóng gói Tyvek (có khay S);ZROH;;13119;3001;0;0040
260717TA;000010084654;CRTD - Created;2026-07-17 00:00:00;;2026-07-24 00:00:00;32097;260717TA;RS/A50K10SQ_S;RS*A50K10SQ;Introducer II H;Introducer II H;;;IK;13119;0;0;0;RS36M805SV-1;RS36M805SV-1;RS 5 SET M26 TRAY S TVC;RS 5set M26 khay S TVC;ZROH;;2624;3001;0;0050
260717TA;000010084654;CRTD - Created;2026-07-17 00:00:00;;2026-07-24 00:00:00;32097;260717TA;RS/A50K10SQ_S;RS*A50K10SQ;Introducer II H;Introducer II H;;;IK;13119;0;0;0;RS37E002V;RS37E002V;RS MULTI 20 SET TRAY S TVC;RS đa ngôn ngữ 20 set khay S TVC;ZROH;;656;3001;0;0060
260717TA;000010084654;CRTD - Created;2026-07-17 00:00:00;;2026-07-24 00:00:00;32097;260717TA;RS/A50K10SQ_S;RS*A50K10SQ;Introducer II H;Introducer II H;;;IK;13119;0;0;0;RS33M021NV-1;RS33M021NV-1;IFU M26 TRAY/POUCH Non CE;HDSD M26 có khay/không khay (không CE);ZROH;;2624;3001;0;0070
260717TA;000010084654;CRTD - Created;2026-07-17 00:00:00;;2026-07-24 00:00:00;32097;260717TA;RS/A50K10SQ_S;RS*A50K10SQ;Introducer II H;Introducer II H;;;IK;13119;0;0;0;MSA50K10SQY;MSA50K10SQY;Bộ dây dẫn mini;Bộ dây dẫn mini;ZHAL;;13119;3001;0;0080
260717TA;000010084654;CRTD - Created;2026-07-17 00:00:00;;2026-07-24 00:00:00;32097;260717TA;RS/A50K10SQ_S;RS*A50K10SQ;Introducer II H;Introducer II H;;;IK;13119;0;0;0;RS60E05010;RS60E05010;RS*lắp ráp 5FR 10CM;RS*lắp ráp 5FR 10CM;ZHAL;;13119;3001;0;0090
260717TA;000010084654;CRTD - Created;2026-07-17 00:00:00;;2026-07-24 00:00:00;32097;260717TA;RS/A50K10SQ_S;RS*A50K10SQ;Introducer II H;Introducer II H;;;IK;13119;0;0;0;RS25E50K10W;RS25E50K10W;RS que nong E50K10;RS que nong E50K10;ZHAL;;13119;3001;0;0100
260717TA;000010084654;CRTD - Created;2026-07-17 00:00:00;;2026-07-24 00:00:00;32097;260717TA;RS/A50K10SQ_S;RS*A50K10SQ;Introducer II H;Introducer II H;;;IK;13119;0;0;0;SS50X050ZV;SS50X050ZV;CYLINDER SS-02SZ;XI LANH SS-02SZ;ZROH;;13119;3001;0;0110
260717TA;000010084654;CRTD - Created;2026-07-17 00:00:00;;2026-07-24 00:00:00;32097;260717TA;RS/A50K10SQ_S;RS*A50K10SQ;Introducer II H;Introducer II H;;;IK;13119;0;0;0;SC55S1864BV;SC55S1864BV;NON STERILE PARTS FS1864;KIM LUỒN FS1864;ZROH;;13119;3001;0;0120
260717TA;000010084654;CRTD - Created;2026-07-17 00:00:00;;2026-07-24 00:00:00;32097;260717TA;RS/A50K10SQ_S;RS*A50K10SQ;Introducer II H;Introducer II H;;;IK;13119;0;0;0;RS32X110V;RS32X110V;STANDARD TRAY S;KHAY ĐỠ LOẠI S;ZROH;;13119;3001;0;0130
260717TA;000010084655;CRTD - Created;2026-07-17 00:00:00;;2026-07-24 00:00:00;32097;260717TA;RS/A60G16SQZ_S;RS*A60G16SQZ;Introducer II H;Introducer II H;;;IK;4319;0;0;0;RS34M6001-N2;RS34M6001-N2;PEEL LABEL 6Fr M26 non CE;Nhãn túi đóng gói 6Fr M26 không CE;ZROH;;4319;3001;0;0010
260717TA;000010084655;CRTD - Created;2026-07-17 00:00:00;;2026-07-24 00:00:00;32097;260717TA;RS/A60G16SQZ_S;RS*A60G16SQZ;Introducer II H;Introducer II H;;;IK;4319;0;0;0;RS34M6005-N2;RS34M6005-N2;UNIT BOX LABEL 6Fr M26 non CE;Nhãn hộp đơn vị 6Fr M26 không CE;ZROH;;864;3001;0;0020
260717TA;000010084655;CRTD - Created;2026-07-17 00:00:00;;2026-07-24 00:00:00;32097;260717TA;RS/A60G16SQZ_S;RS*A60G16SQZ;Introducer II H;Introducer II H;;;IK;4319;0;0;0;RS34M20-N2;RS34M20-N2;SHIPPING BOX LABEL M26 non CE;Nhãn thùng xuất xưởng M26 không CE;ZROH;;432;3001;0;0030
260717TA;000010084655;CRTD - Created;2026-07-17 00:00:00;;2026-07-24 00:00:00;32097;260717TA;RS/A60G16SQZ_S;RS*A60G16SQZ;Introducer II H;Introducer II H;;;IK;4319;0;0;0;RS30XGTL1V-1;RS30XGTL1V-1;TYVEK PEELPACK M26 (TRAY L);Túi đóng gói Tyvek (có khay L);ZROH;;4319;3001;0;0040
260717TA;000010084655;CRTD - Created;2026-07-17 00:00:00;;2026-07-24 00:00:00;32097;260717TA;RS/A60G16SQZ_S;RS*A60G16SQZ;Introducer II H;Introducer II H;;;IK;4319;0;0;0;RS36M805LV-1;RS36M805LV-1;RS 5 SET M26 TRAY L TVC;RS 5set M26 khay L TVC;ZROH;;864;3001;0;0050
260717TA;000010084655;CRTD - Created;2026-07-17 00:00:00;;2026-07-24 00:00:00;32097;260717TA;RS/A60G16SQZ_S;RS*A60G16SQZ;Introducer II H;Introducer II H;;;IK;4319;0;0;0;RS37E003V;RS37E003V;RS MULTI 20 SET TRAY L TVC;RS đa ngôn ngữ 20 set khay L TVC;ZROH;;216;3001;0;0060
260717TA;000010084655;CRTD - Created;2026-07-17 00:00:00;;2026-07-24 00:00:00;32097;260717TA;RS/A60G16SQZ_S;RS*A60G16SQZ;Introducer II H;Introducer II H;;;IK;4319;0;0;0;RS33M021NV-1;RS33M021NV-1;IFU M26 TRAY/POUCH Non CE;HDSD M26 có khay/không khay (không CE);ZROH;;864;3001;0;0070
260717TA;000010084655;CRTD - Created;2026-07-17 00:00:00;;2026-07-24 00:00:00;32097;260717TA;RS/A60G16SQZ_S;RS*A60G16SQZ;Introducer II H;Introducer II H;;;IK;4319;0;0;0;MSA60G16SQZY;MSA60G16SQZY;Bộ dây dẫn mini;Bộ dây dẫn mini;ZHAL;;4319;3001;0;0080
260717TA;000010084655;CRTD - Created;2026-07-17 00:00:00;;2026-07-24 00:00:00;32097;260717TA;RS/A60G16SQZ_S;RS*A60G16SQZ;Introducer II H;Introducer II H;;;IK;4319;0;0;0;RS60E06016;RS60E06016;RS*lắp ráp 6FR 16CM;RS*lắp ráp 6FR 16CM;ZHAL;;4319;3001;0;0090
260717TA;000010084655;CRTD - Created;2026-07-17 00:00:00;;2026-07-24 00:00:00;32097;260717TA;RS/A60G16SQZ_S;RS*A60G16SQZ;Introducer II H;Introducer II H;;;IK;4319;0;0;0;RS25C60G16W;RS25C60G16W;RS que nong C60G16;RS que nong C60G16;ZHAL;;4319;3001;0;0100
260717TA;000010084655;CRTD - Created;2026-07-17 00:00:00;;2026-07-24 00:00:00;32097;260717TA;RS/A60G16SQZ_S;RS*A60G16SQZ;Introducer II H;Introducer II H;;;IK;4319;0;0;0;SS50X050ZV;SS50X050ZV;CYLINDER SS-02SZ;XI LANH SS-02SZ;ZROH;;4319;3001;0;0110
260717TA;000010084655;CRTD - Created;2026-07-17 00:00:00;;2026-07-24 00:00:00;32097;260717TA;RS/A60G16SQZ_S;RS*A60G16SQZ;Introducer II H;Introducer II H;;;IK;4319;0;0;0;SC55S2032BV;SC55S2032BV;NON STERILE PARTS FS2032;KIM LUỒN FS2032;ZROH;;4319;3001;0;0120
260717TA;000010084655;CRTD - Created;2026-07-17 00:00:00;;2026-07-24 00:00:00;32097;260717TA;RS/A60G16SQZ_S;RS*A60G16SQZ;Introducer II H;Introducer II H;;;IK;4319;0;0;0;RS06X003V;RS06X003V;TVC KAI SURGICAL KNIFE;Dao rạch KAI TVC;ZROH;;4319;3001;0;0130
260717TA;000010084655;CRTD - Created;2026-07-17 00:00:00;;2026-07-24 00:00:00;32097;260717TA;RS/A60G16SQZ_S;RS*A60G16SQZ;Introducer II H;Introducer II H;;;IK;4319;0;0;0;RS32X111V;RS32X111V;STANDARD TRAY L;KHAY ĐỠ LOẠI L;ZROH;;4319;3001;0;0140
260717TB;000010084656;CRTD - Created;2026-07-17 00:00:00;;2026-07-24 00:00:00;32097;260717TB;RS/A60G16SQZ_S;RS*A60G16SQZ;Introducer II H;Introducer II H;;;IK;4319;0;0;0;RS34M6001-N2;RS34M6001-N2;PEEL LABEL 6Fr M26 non CE;Nhãn túi đóng gói 6Fr M26 không CE;ZROH;;4319;3001;0;0010
260717TB;000010084656;CRTD - Created;2026-07-17 00:00:00;;2026-07-24 00:00:00;32097;260717TB;RS/A60G16SQZ_S;RS*A60G16SQZ;Introducer II H;Introducer II H;;;IK;4319;0;0;0;RS34M6005-N2;RS34M6005-N2;UNIT BOX LABEL 6Fr M26 non CE;Nhãn hộp đơn vị 6Fr M26 không CE;ZROH;;864;3001;0;0020
260717TB;000010084656;CRTD - Created;2026-07-17 00:00:00;;2026-07-24 00:00:00;32097;260717TB;RS/A60G16SQZ_S;RS*A60G16SQZ;Introducer II H;Introducer II H;;;IK;4319;0;0;0;RS34M20-N2;RS34M20-N2;SHIPPING BOX LABEL M26 non CE;Nhãn thùng xuất xưởng M26 không CE;ZROH;;432;3001;0;0030
260717TB;000010084656;CRTD - Created;2026-07-17 00:00:00;;2026-07-24 00:00:00;32097;260717TB;RS/A60G16SQZ_S;RS*A60G16SQZ;Introducer II H;Introducer II H;;;IK;4319;0;0;0;RS30XGTL1V-1;RS30XGTL1V-1;TYVEK PEELPACK M26 (TRAY L);Túi đóng gói Tyvek (có khay L);ZROH;;4319;3001;0;0040
260717TB;000010084656;CRTD - Created;2026-07-17 00:00:00;;2026-07-24 00:00:00;32097;260717TB;RS/A60G16SQZ_S;RS*A60G16SQZ;Introducer II H;Introducer II H;;;IK;4319;0;0;0;RS36M805LV-1;RS36M805LV-1;RS 5 SET M26 TRAY L TVC;RS 5set M26 khay L TVC;ZROH;;864;3001;0;0050
260717TB;000010084656;CRTD - Created;2026-07-17 00:00:00;;2026-07-24 00:00:00;32097;260717TB;RS/A60G16SQZ_S;RS*A60G16SQZ;Introducer II H;Introducer II H;;;IK;4319;0;0;0;RS37E003V;RS37E003V;RS MULTI 20 SET TRAY L TVC;RS đa ngôn ngữ 20 set khay L TVC;ZROH;;216;3001;0;0060
260717TB;000010084656;CRTD - Created;2026-07-17 00:00:00;;2026-07-24 00:00:00;32097;260717TB;RS/A60G16SQZ_S;RS*A60G16SQZ;Introducer II H;Introducer II H;;;IK;4319;0;0;0;RS33M021NV-1;RS33M021NV-1;IFU M26 TRAY/POUCH Non CE;HDSD M26 có khay/không khay (không CE);ZROH;;864;3001;0;0070
260717TB;000010084656;CRTD - Created;2026-07-17 00:00:00;;2026-07-24 00:00:00;32097;260717TB;RS/A60G16SQZ_S;RS*A60G16SQZ;Introducer II H;Introducer II H;;;IK;4319;0;0;0;MSA60G16SQZY;MSA60G16SQZY;Bộ dây dẫn mini;Bộ dây dẫn mini;ZHAL;;4319;3001;0;0080
260717TB;000010084656;CRTD - Created;2026-07-17 00:00:00;;2026-07-24 00:00:00;32097;260717TB;RS/A60G16SQZ_S;RS*A60G16SQZ;Introducer II H;Introducer II H;;;IK;4319;0;0;0;RS60E06016;RS60E06016;RS*lắp ráp 6FR 16CM;RS*lắp ráp 6FR 16CM;ZHAL;;4319;3001;0;0090
260717TB;000010084656;CRTD - Created;2026-07-17 00:00:00;;2026-07-24 00:00:00;32097;260717TB;RS/A60G16SQZ_S;RS*A60G16SQZ;Introducer II H;Introducer II H;;;IK;4319;0;0;0;RS25C60G16W;RS25C60G16W;RS que nong C60G16;RS que nong C60G16;ZHAL;;4319;3001;0;0100
260717TB;000010084656;CRTD - Created;2026-07-17 00:00:00;;2026-07-24 00:00:00;32097;260717TB;RS/A60G16SQZ_S;RS*A60G16SQZ;Introducer II H;Introducer II H;;;IK;4319;0;0;0;SS50X050ZV;SS50X050ZV;CYLINDER SS-02SZ;XI LANH SS-02SZ;ZROH;;4319;3001;0;0110
260717TB;000010084656;CRTD - Created;2026-07-17 00:00:00;;2026-07-24 00:00:00;32097;260717TB;RS/A60G16SQZ_S;RS*A60G16SQZ;Introducer II H;Introducer II H;;;IK;4319;0;0;0;SC55S2032BV;SC55S2032BV;NON STERILE PARTS FS2032;KIM LUỒN FS2032;ZROH;;4319;3001;0;0120
260717TB;000010084656;CRTD - Created;2026-07-17 00:00:00;;2026-07-24 00:00:00;32097;260717TB;RS/A60G16SQZ_S;RS*A60G16SQZ;Introducer II H;Introducer II H;;;IK;4319;0;0;0;RS06X003V;RS06X003V;TVC KAI SURGICAL KNIFE;Dao rạch KAI TVC;ZROH;;4319;3001;0;0130
260717TB;000010084656;CRTD - Created;2026-07-17 00:00:00;;2026-07-24 00:00:00;32097;260717TB;RS/A60G16SQZ_S;RS*A60G16SQZ;Introducer II H;Introducer II H;;;IK;4319;0;0;0;RS32X111V;RS32X111V;STANDARD TRAY L;KHAY ĐỠ LOẠI L;ZROH;;4319;3001;0;0140
260717TC;000010084657;CRTD - Created;2026-07-17 00:00:00;;2026-07-24 00:00:00;32097;260717TC;RS/A60G16SQZ_S;RS*A60G16SQZ;Introducer II H;Introducer II H;;;IK;4319;0;0;0;RS34M6001-N2;RS34M6001-N2;PEEL LABEL 6Fr M26 non CE;Nhãn túi đóng gói 6Fr M26 không CE;ZROH;;4319;3001;0;0010
260717TC;000010084657;CRTD - Created;2026-07-17 00:00:00;;2026-07-24 00:00:00;32097;260717TC;RS/A60G16SQZ_S;RS*A60G16SQZ;Introducer II H;Introducer II H;;;IK;4319;0;0;0;RS34M6005-N2;RS34M6005-N2;UNIT BOX LABEL 6Fr M26 non CE;Nhãn hộp đơn vị 6Fr M26 không CE;ZROH;;864;3001;0;0020
260717TC;000010084657;CRTD - Created;2026-07-17 00:00:00;;2026-07-24 00:00:00;32097;260717TC;RS/A60G16SQZ_S;RS*A60G16SQZ;Introducer II H;Introducer II H;;;IK;4319;0;0;0;RS34M20-N2;RS34M20-N2;SHIPPING BOX LABEL M26 non CE;Nhãn thùng xuất xưởng M26 không CE;ZROH;;432;3001;0;0030
260717TC;000010084657;CRTD - Created;2026-07-17 00:00:00;;2026-07-24 00:00:00;32097;260717TC;RS/A60G16SQZ_S;RS*A60G16SQZ;Introducer II H;Introducer II H;;;IK;4319;0;0;0;RS30XGTL1V-1;RS30XGTL1V-1;TYVEK PEELPACK M26 (TRAY L);Túi đóng gói Tyvek (có khay L);ZROH;;4319;3001;0;0040
260717TC;000010084657;CRTD - Created;2026-07-17 00:00:00;;2026-07-24 00:00:00;32097;260717TC;RS/A60G16SQZ_S;RS*A60G16SQZ;Introducer II H;Introducer II H;;;IK;4319;0;0;0;RS36M805LV-1;RS36M805LV-1;RS 5 SET M26 TRAY L TVC;RS 5set M26 khay L TVC;ZROH;;864;3001;0;0050
260717TC;000010084657;CRTD - Created;2026-07-17 00:00:00;;2026-07-24 00:00:00;32097;260717TC;RS/A60G16SQZ_S;RS*A60G16SQZ;Introducer II H;Introducer II H;;;IK;4319;0;0;0;RS37E003V;RS37E003V;RS MULTI 20 SET TRAY L TVC;RS đa ngôn ngữ 20 set khay L TVC;ZROH;;216;3001;0;0060
260717TC;000010084657;CRTD - Created;2026-07-17 00:00:00;;2026-07-24 00:00:00;32097;260717TC;RS/A60G16SQZ_S;RS*A60G16SQZ;Introducer II H;Introducer II H;;;IK;4319;0;0;0;RS33M021NV-1;RS33M021NV-1;IFU M26 TRAY/POUCH Non CE;HDSD M26 có khay/không khay (không CE);ZROH;;864;3001;0;0070
260717TC;000010084657;CRTD - Created;2026-07-17 00:00:00;;2026-07-24 00:00:00;32097;260717TC;RS/A60G16SQZ_S;RS*A60G16SQZ;Introducer II H;Introducer II H;;;IK;4319;0;0;0;MSA60G16SQZY;MSA60G16SQZY;Bộ dây dẫn mini;Bộ dây dẫn mini;ZHAL;;4319;3001;0;0080
260717TC;000010084657;CRTD - Created;2026-07-17 00:00:00;;2026-07-24 00:00:00;32097;260717TC;RS/A60G16SQZ_S;RS*A60G16SQZ;Introducer II H;Introducer II H;;;IK;4319;0;0;0;RS60E06016;RS60E06016;RS*lắp ráp 6FR 16CM;RS*lắp ráp 6FR 16CM;ZHAL;;4319;3001;0;0090
260717TC;000010084657;CRTD - Created;2026-07-17 00:00:00;;2026-07-24 00:00:00;32097;260717TC;RS/A60G16SQZ_S;RS*A60G16SQZ;Introducer II H;Introducer II H;;;IK;4319;0;0;0;RS25C60G16W;RS25C60G16W;RS que nong C60G16;RS que nong C60G16;ZHAL;;4319;3001;0;0100
260717TC;000010084657;CRTD - Created;2026-07-17 00:00:00;;2026-07-24 00:00:00;32097;260717TC;RS/A60G16SQZ_S;RS*A60G16SQZ;Introducer II H;Introducer II H;;;IK;4319;0;0;0;SS50X050ZV;SS50X050ZV;CYLINDER SS-02SZ;XI LANH SS-02SZ;ZROH;;4319;3001;0;0110
260717TC;000010084657;CRTD - Created;2026-07-17 00:00:00;;2026-07-24 00:00:00;32097;260717TC;RS/A60G16SQZ_S;RS*A60G16SQZ;Introducer II H;Introducer II H;;;IK;4319;0;0;0;SC55S2032BV;SC55S2032BV;NON STERILE PARTS FS2032;KIM LUỒN FS2032;ZROH;;4319;3001;0;0120
260717TC;000010084657;CRTD - Created;2026-07-17 00:00:00;;2026-07-24 00:00:00;32097;260717TC;RS/A60G16SQZ_S;RS*A60G16SQZ;Introducer II H;Introducer II H;;;IK;4319;0;0;0;RS06X003V;RS06X003V;TVC KAI SURGICAL KNIFE;Dao rạch KAI TVC;ZROH;;4319;3001;0;0130
260717TC;000010084657;CRTD - Created;2026-07-17 00:00:00;;2026-07-24 00:00:00;32097;260717TC;RS/A60G16SQZ_S;RS*A60G16SQZ;Introducer II H;Introducer II H;;;IK;4319;0;0;0;RS32X111V;RS32X111V;STANDARD TRAY L;KHAY ĐỠ LOẠI L;ZROH;;4319;3001;0;0140
260703V;000010084658;REL - Released;2026-07-06 00:00:00;2026-07-04 00:00:00;2026-07-06 00:00:00;3012;260703V;4RH5CL3500M;RH*5CL3500M;RF Optitorque 5Fr JL 3.5cm 100cm;Catheter chụp tim, mạch…;;;Sterilization;6827;0;0;0;RH/5CL3500M_S;RH*5CL3500M;Optitorque RH*5CL3500M;Optitorque RH*5CL3500M;ZHAL;260703V;6827;;0;0010
260703V;000010084681;REL - Released;2026-07-04 00:00:00;2026-07-04 00:00:00;2026-07-05 00:00:00;3012;260703V;4RFGA35183M;RF*GA35183M;"RF GuidewireM Std 0.035""x180cm Angled";Dây d/đường cho catheter;;;Sterilization;27541;0;0;0;RF/GA35183M_S;RF*GA35183M;Sản phẩm đóng gói RF*GA35183M;Sản phẩm đóng gói RF*GA35183M;ZHAL;260703V;27541;;0;0010
